0.000000 -1263.366582 0.000000 
1.000000 -1263.366582 0.000000 
2.000000 -1265.747426 0.500000 
3.000000 -1284.831166 0.666667 
4.000000 -1284.831166 0.500000 
5.000000 -1284.831166 0.400000 
6.000000 -1284.831166 0.333333 
7.000000 -1284.831166 0.285714 
8.000000 -1284.831166 0.250000 
9.000000 -1284.831166 0.222222 
10.000000 -1299.858169 0.300000 
11.000000 -1321.074694 0.363636 
12.000000 -1346.669154 0.416667 
13.000000 -1353.331968 0.461538 
14.000000 -1366.123845 0.500000 
15.000000 -1366.123845 0.466667 
16.000000 -1398.056311 0.500000 
17.000000 -1398.056311 0.470588 
18.000000 -1413.094719 0.500000 
19.000000 -1429.524669 0.526316 
20.000000 -1429.524669 0.500000 
21.000000 -1429.524669 0.476190 
22.000000 -1457.948889 0.500000 
23.000000 -1457.948889 0.478261 
24.000000 -1486.740453 0.500000 
25.000000 -1498.378948 0.520000 
26.000000 -1498.378948 0.500000 
27.000000 -1538.567058 0.518519 
28.000000 -1560.827839 0.535714 
29.000000 -1560.827839 0.517241 
30.000000 -1560.827839 0.500000 
31.000000 -1560.827839 0.483871 
32.000000 -1560.448956 0.500000 
33.000000 -1560.448956 0.484848 
34.000000 -1564.940227 0.500000 
35.000000 -1564.940227 0.485714 
36.000000 -1564.940227 0.472222 
37.000000 -1570.624478 0.486486 
38.000000 -1591.333302 0.500000 
39.000000 -1611.971357 0.512821 
40.000000 -1611.971357 0.500000 
41.000000 -1611.971357 0.487805 
42.000000 -1611.971357 0.476190 
43.000000 -1611.971357 0.465116 
44.000000 -1611.971357 0.454545 
45.000000 -1611.971357 0.444444 
46.000000 -1620.483382 0.456522 
47.000000 -1632.375102 0.468085 
48.000000 -1632.375102 0.458333 
49.000000 -1632.375102 0.448980 
50.000000 -1632.375102 0.440000 
51.000000 -1632.375102 0.431373 
52.000000 -1632.056283 0.442308 
53.000000 -1609.794148 0.452830 
54.000000 -1588.521830 0.462963 
55.000000 -1588.521830 0.454545 
56.000000 -1588.521830 0.446429 
57.000000 -1588.521830 0.438596 
58.000000 -1597.066737 0.448276 
59.000000 -1597.066737 0.440678 
60.000000 -1597.066737 0.433333 
61.000000 -1609.154033 0.442623 
62.000000 -1586.525382 0.451613 
63.000000 -1586.525382 0.444444 
64.000000 -1564.535545 0.453125 
65.000000 -1595.806375 0.461538 
66.000000 -1586.851055 0.469697 
67.000000 -1586.851055 0.462687 
68.000000 -1585.792852 0.470588 
69.000000 -1622.189291 0.478261 
70.000000 -1625.314925 0.485714 
71.000000 -1625.314925 0.478873 
72.000000 -1639.032986 0.486111 
73.000000 -1639.032986 0.479452 
74.000000 -1621.525760 0.486486 
75.000000 -1658.023275 0.493333 
76.000000 -1675.164712 0.500000 
77.000000 -1675.164712 0.493506 
78.000000 -1696.721220 0.500000 
79.000000 -1734.211927 0.506329 
80.000000 -1747.830602 0.512500 
81.000000 -1747.830602 0.506173 
82.000000 -1748.011177 0.512195 
83.000000 -1714.705678 0.518072 
84.000000 -1836.188571 0.523810 
85.000000 -1804.683062 0.529412 
86.000000 -1804.683062 0.523256 
87.000000 -1804.683062 0.517241 
88.000000 -1763.980640 0.522727 
89.000000 -1747.903115 0.528090 
90.000000 -1651.857424 0.533333 
91.000000 -1846.420699 0.538462 
92.000000 -1846.420699 0.532609 
93.000000 -1846.420699 0.526882 
94.000000 -1837.798402 0.531915 
95.000000 -1769.237168 0.536842 
96.000000 -1769.237168 0.531250 
97.000000 -1854.554521 0.536082 
98.000000 -1751.601072 0.540816 
99.000000 -1603.887294 0.545455 
100.000000 -1603.887294 0.540000 
101.000000 -1905.120888 0.544554 
102.000000 -1753.877057 0.549020 
103.000000 -1848.968488 0.553398 
104.000000 -1923.834630 0.557692 
105.000000 -1844.874975 0.561905 
106.000000 -1844.874975 0.556604 
107.000000 -1844.874975 0.551402 
108.000000 -2022.916391 0.555556 
109.000000 -1979.814253 0.559633 
110.000000 -1979.814253 0.554545 
111.000000 -2026.583329 0.558559 
112.000000 -2026.583329 0.553571 
113.000000 -2033.371849 0.557522 
114.000000 -1896.633759 0.561404 
115.000000 -1896.633759 0.556522 
116.000000 -1951.781159 0.560345 
117.000000 -2110.060109 0.564103 
118.000000 -2110.060109 0.559322 
119.000000 -2110.060109 0.554622 
120.000000 -2192.969978 0.558333 
121.000000 -2055.808591 0.561983 
122.000000 -2150.320187 0.565574 
123.000000 -2150.320187 0.560976 
124.000000 -2150.320187 0.556452 
125.000000 -2150.320187 0.552000 
126.000000 -2150.320187 0.547619 
127.000000 -2150.320187 0.543307 
128.000000 -2114.988958 0.546875 
129.000000 -2114.988958 0.542636 
130.000000 -1748.993997 0.546154 
131.000000 -1748.993997 0.541985 
132.000000 -2132.175142 0.545455 
133.000000 -2132.175142 0.541353 
134.000000 -2132.175142 0.537313 
135.000000 -1870.231771 0.540741 
136.000000 -1870.231771 0.536765 
137.000000 -1714.403128 0.540146 
138.000000 -1181.332490 0.543478 
139.000000 -1919.906870 0.546763 
140.000000 -1919.906870 0.542857 
141.000000 -1919.906870 0.539007 
142.000000 -1919.906870 0.535211 
143.000000 -1972.624659 0.538462 
144.000000 -2250.640468 0.541667 
145.000000 -1555.869319 0.544828 
146.000000 -1555.869319 0.541096 
147.000000 -1555.869319 0.537415 
148.000000 -1065.665200 0.540541 
149.000000 -1065.665200 0.536913 
150.000000 -2211.734733 0.540000 
151.000000 -2211.734733 0.536424 
152.000000 -2043.371777 0.539474 
153.000000 -1866.942827 0.542484 
154.000000 -1866.942827 0.538961 
155.000000 -1866.942827 0.535484 
156.000000 -1984.899735 0.538462 
157.000000 -1984.899735 0.535032 
158.000000 -1984.899735 0.531646 
159.000000 -1984.899735 0.528302 
160.000000 -1987.163518 0.531250 
161.000000 -1905.515268 0.534161 
162.000000 -1954.896207 0.537037 
163.000000 -1880.553753 0.539877 
164.000000 -2063.397322 0.542683 
165.000000 -1904.165115 0.545455 
166.000000 -1904.165115 0.542169 
167.000000 -2130.851584 0.544910 
168.000000 -2074.753241 0.547619 
169.000000 -2075.521424 0.550296 
170.000000 -2067.202918 0.552941 
171.000000 -2067.202918 0.549708 
172.000000 -2067.202918 0.546512 
173.000000 -1930.526116 0.549133 
174.000000 -1930.526116 0.545977 
175.000000 -1760.700178 0.548571 
176.000000 -1439.848490 0.551136 
177.000000 -1439.848490 0.548023 
178.000000 -1439.848490 0.544944 
179.000000 -1732.617079 0.547486 
180.000000 -1806.906704 0.550000 
181.000000 -1806.906704 0.546961 
182.000000 -1806.906704 0.543956 
183.000000 -1806.906704 0.540984 
184.000000 -1806.906704 0.538043 
185.000000 -1806.906704 0.535135 
186.000000 -1806.906704 0.532258 
187.000000 -2113.175336 0.534759 
188.000000 -2131.887536 0.537234 
189.000000 -2131.887536 0.534392 
190.000000 -2131.887536 0.531579 
191.000000 -2131.887536 0.528796 
192.000000 -1909.264965 0.531250 
193.000000 -1909.264965 0.528497 
194.000000 -2026.421973 0.530928 
195.000000 -2134.301425 0.533333 
196.000000 -2134.301425 0.530612 
197.000000 -2115.414522 0.532995 
198.000000 -2172.902745 0.535354 
199.000000 -1961.790206 0.537688 
200.000000 -1961.790206 0.535000 
201.000000 -2146.053576 0.537313 
202.000000 -2111.213561 0.539604 
203.000000 -1875.989411 0.541872 
204.000000 -1875.989411 0.539216 
205.000000 -1875.989411 0.536585 
206.000000 -1875.989411 0.533981 
207.000000 -1875.989411 0.531401 
208.000000 -1875.989411 0.528846 
209.000000 -1875.989411 0.526316 
210.000000 -2183.226796 0.528571 
211.000000 -2183.226796 0.526066 
212.000000 -1901.652064 0.528302 
213.000000 -1901.652064 0.525822 
214.000000 -1901.652064 0.523364 
215.000000 -2057.301133 0.525581 
216.000000 -2020.094959 0.527778 
217.000000 -2020.094959 0.525346 
218.000000 -1922.923669 0.527523 
219.000000 -1999.692592 0.529680 
220.000000 -2102.018574 0.531818 
221.000000 -2102.018574 0.529412 
222.000000 -2029.714169 0.531532 
223.000000 -1804.610496 0.533632 
224.000000 -1804.610496 0.531250 
225.000000 -2360.056690 0.533333 
226.000000 -2360.056690 0.530973 
227.000000 -2044.624715 0.533040 
228.000000 -2044.624715 0.530702 
229.000000 -2385.681061 0.532751 
230.000000 -2385.681061 0.530435 
231.000000 -2385.681061 0.528139 
232.000000 -2348.209414 0.530172 
233.000000 -2348.209414 0.527897 
234.000000 -2309.283442 0.529915 
235.000000 -2309.283442 0.527660 
236.000000 -2191.636881 0.529661 
237.000000 -1693.013743 0.531646 
238.000000 -1807.497473 0.533613 
239.000000 -1807.497473 0.531381 
240.000000 -1794.610960 0.533333 
241.000000 -1794.610960 0.531120 
242.000000 -1794.610960 0.528926 
243.000000 -1794.610960 0.526749 
244.000000 -2696.576248 0.528689 
245.000000 -2118.820579 0.530612 
246.000000 -2118.820579 0.528455 
247.000000 -2118.820579 0.526316 
248.000000 -2105.752321 0.528226 
249.000000 -1466.412094 0.530120 
250.000000 -2190.826481 0.532000 
251.000000 -1598.788901 0.533865 
252.000000 -1598.788901 0.531746 
253.000000 -1598.788901 0.529644 
254.000000 -1076.758242 0.531496 
255.000000 -1407.788294 0.533333 
256.000000 -1407.788294 0.531250 
257.000000 -1407.788294 0.529183 
258.000000 -1407.788294 0.527132 
259.000000 -1407.788294 0.525097 
260.000000 -1032.981446 0.526923 
261.000000 -2017.068503 0.528736 
262.000000 -273.700414 0.530534 
263.000000 -273.700414 0.528517 
264.000000 -1550.349654 0.530303 
265.000000 -2289.051547 0.532075 
266.000000 -488.056914 0.533835 
267.000000 -488.056914 0.531835 
268.000000 -488.056914 0.529851 
269.000000 -488.056914 0.527881 
270.000000 -488.056914 0.525926 
271.000000 -205.630113 0.527675 
272.000000 -1260.301690 0.529412 
273.000000 -1260.301690 0.527473 
274.000000 -3061.167575 0.529197 
275.000000 -3061.167575 0.527273 
276.000000 -3061.167575 0.525362 
277.000000 -3061.167575 0.523466 
278.000000 -3061.167575 0.521583 
279.000000 -3061.167575 0.519713 
280.000000 -1948.088046 0.521429 
281.000000 -1712.996862 0.523132 
282.000000 -1714.743178 0.524823 
283.000000 -1714.743178 0.522968 
284.000000 -2626.537447 0.524648 
285.000000 -2948.098930 0.526316 
286.000000 -2948.098930 0.524476 
287.000000 -2531.124560 0.526132 
288.000000 -2219.101505 0.527778 
289.000000 -2219.101505 0.525952 
290.000000 -2686.921144 0.527586 
291.000000 -2686.921144 0.525773 
292.000000 -2686.921144 0.523973 
293.000000 -2686.921144 0.522184 
294.000000 -2434.159161 0.523810 
295.000000 -2434.159161 0.522034 
296.000000 -2604.859884 0.523649 
297.000000 -2604.859884 0.521886 
298.000000 -2604.859884 0.520134 
299.000000 -2604.859884 0.518395 
300.000000 -2484.317243 0.520000 
301.000000 -2577.077753 0.521595 
302.000000 -2420.671976 0.523179 
303.000000 -1922.331861 0.524752 
304.000000 -1922.331861 0.523026 
305.000000 -2246.923069 0.524590 
306.000000 -2246.923069 0.522876 
307.000000 -1945.154979 0.524430 
308.000000 -1414.775865 0.525974 
309.000000 -1414.775865 0.524272 
310.000000 -1414.775865 0.522581 
311.000000 -1414.775865 0.520900 
312.000000 -2804.179662 0.522436 
313.000000 -2804.179662 0.520767 
314.000000 -2722.027027 0.522293 
315.000000 -2215.782986 0.523810 
316.000000 -2581.044212 0.525316 
317.000000 -2581.044212 0.523659 
318.000000 -2581.044212 0.522013 
319.000000 -2581.044212 0.520376 
320.000000 -2581.044212 0.518750 
321.000000 -1923.827728 0.520249 
322.000000 -1923.827728 0.518634 
323.000000 -1923.827728 0.517028 
324.000000 -2224.110816 0.518519 
325.000000 327.374730 0.520000 
326.000000 327.374730 0.518405 
327.000000 327.374730 0.516820 
328.000000 -3186.136823 0.518293 
329.000000 -3186.136823 0.516717 
330.000000 -2286.452950 0.518182 
331.000000 -2286.452950 0.516616 
332.000000 -2726.138043 0.518072 
333.000000 -2726.138043 0.516517 
334.000000 -2597.172510 0.517964 
335.000000 -2426.263368 0.519403 
336.000000 -2426.263368 0.517857 
337.000000 -2426.263368 0.516320 
338.000000 -2426.263368 0.514793 
339.000000 -2426.263368 0.513274 
340.000000 -1431.471093 0.514706 
341.000000 -2494.998897 0.516129 
342.000000 -2494.186120 0.517544 
343.000000 -1380.096910 0.518950 
344.000000 -1380.096910 0.517442 
345.000000 -1380.096910 0.515942 
346.000000 -1346.809602 0.517341 
347.000000 -2420.440234 0.518732 
348.000000 -2248.188342 0.520115 
349.000000 -2248.188342 0.518625 
350.000000 -2248.188342 0.517143 
351.000000 -2248.188342 0.515670 
352.000000 -2248.188342 0.514205 
353.000000 -2248.188342 0.512748 
354.000000 -2248.188342 0.511299 
355.000000 -2248.188342 0.509859 
356.000000 -2353.942871 0.511236 
357.000000 -2353.942871 0.509804 
358.000000 -2688.216938 0.511173 
359.000000 -2688.216938 0.509749 
360.000000 -2017.290626 0.511111 
361.000000 -2127.946020 0.512465 
362.000000 -2127.946020 0.511050 
363.000000 -2611.328439 0.512397 
364.000000 -2611.328439 0.510989 
365.000000 -2557.457591 0.512329 
366.000000 -2557.457591 0.510929 
367.000000 -2557.457591 0.509537 
368.000000 -2557.457591 0.508152 
369.000000 -2795.897498 0.509485 
370.000000 -2468.494169 0.510811 
371.000000 -2468.494169 0.509434 
372.000000 -2468.494169 0.508065 
373.000000 -2468.494169 0.506702 
374.000000 -2442.755381 0.508021 
375.000000 -2442.755381 0.506667 
376.000000 -2442.755381 0.505319 
377.000000 -2251.360142 0.506631 
378.000000 -2251.360142 0.505291 
379.000000 -2251.360142 0.503958 
380.000000 -2251.360142 0.502632 
381.000000 -2251.360142 0.501312 
382.000000 -2251.360142 0.500000 
383.000000 -2405.153402 0.501305 
384.000000 -2392.646190 0.502604 
385.000000 -2392.646190 0.501299 
386.000000 -2392.646190 0.500000 
387.000000 -2392.646190 0.498708 
388.000000 -2212.351889 0.500000 
389.000000 -2212.351889 0.498715 
390.000000 -2212.351889 0.497436 
391.000000 -2212.351889 0.496164 
392.000000 -2400.891620 0.497449 
393.000000 -2400.891620 0.496183 
394.000000 -2400.891620 0.494924 
395.000000 -2400.891620 0.493671 
396.000000 -2400.891620 0.492424 
397.000000 -2400.891620 0.491184 
398.000000 -2400.891620 0.489950 
399.000000 -2400.891620 0.488722 
400.000000 -2231.370185 0.490000 
401.000000 -2402.743769 0.491272 
402.000000 -2488.203243 0.492537 
403.000000 -2390.468547 0.493797 
404.000000 -2275.469464 0.495050 
405.000000 -2275.469464 0.493827 
406.000000 -2275.469464 0.492611 
407.000000 -2375.367504 0.493857 
408.000000 -2375.367504 0.492647 
409.000000 -2375.367504 0.491443 
410.000000 -2139.024379 0.492683 
411.000000 -1963.594786 0.493917 
412.000000 -2398.656924 0.495146 
413.000000 -2398.656924 0.493947 
414.000000 -2398.656924 0.492754 
415.000000 -2190.752628 0.493976 
416.000000 -2289.345916 0.495192 
417.000000 -1940.384917 0.496403 
418.000000 -1687.580071 0.497608 
419.000000 -2440.861720 0.498807 
420.000000 -2408.526110 0.500000 
421.000000 -2408.526110 0.498812 
422.000000 -2408.526110 0.497630 
423.000000 -2408.526110 0.496454 
424.000000 -2313.279522 0.497642 
425.000000 -2313.279522 0.496471 
426.000000 -2313.279522 0.495305 
427.000000 -2313.279522 0.494145 
428.000000 -2450.457833 0.495327 
429.000000 -2450.457833 0.494172 
430.000000 -2278.815519 0.495349 
431.000000 -2278.815519 0.494200 
432.000000 -2412.087734 0.495370 
433.000000 -2412.087734 0.494226 
434.000000 -2412.087734 0.493088 
435.000000 -2412.087734 0.491954 
436.000000 -2425.955150 0.493119 
437.000000 -2425.955150 0.491991 
438.000000 -2426.864501 0.493151 
439.000000 -2426.864501 0.492027 
440.000000 -2426.864501 0.490909 
441.000000 -2426.864501 0.489796 
442.000000 -2707.244458 0.490950 
443.000000 -2652.321217 0.492099 
444.000000 -2652.321217 0.490991 
445.000000 -2422.480241 0.492135 
446.000000 -2422.480241 0.491031 
447.000000 -2422.480241 0.489933 
448.000000 -2480.204606 0.491071 
449.000000 -2480.204606 0.489978 
450.000000 -2480.204606 0.488889 
451.000000 -2377.019019 0.490022 
452.000000 -2309.439425 0.491150 
453.000000 -2309.439425 0.490066 
454.000000 -2259.308926 0.491189 
455.000000 -2059.747585 0.492308 
456.000000 -2181.122914 0.493421 
457.000000 -2181.122914 0.492341 
458.000000 -2181.122914 0.491266 
459.000000 -2356.351809 0.492375 
460.000000 -2356.351809 0.491304 
461.000000 -2313.538213 0.492408 
462.000000 -1439.553661 0.493506 
463.000000 -1048.995801 0.494600 
464.000000 -1048.995801 0.493534 
465.000000 -1048.995801 0.492473 
466.000000 -1625.465750 0.493562 
467.000000 -1625.465750 0.492505 
468.000000 -2922.252277 0.493590 
469.000000 -2922.252277 0.492537 
470.000000 -2922.252277 0.491489 
471.000000 -2922.252277 0.490446 
472.000000 -2922.252277 0.489407 
473.000000 -2922.252277 0.488372 
474.000000 -2922.252277 0.487342 
475.000000 -2669.485922 0.488421 
476.000000 -2669.485922 0.487395 
477.000000 -2669.485922 0.486373 
478.000000 -2669.485922 0.485356 
479.000000 -2669.485922 0.484342 
480.000000 -2300.107586 0.485417 
481.000000 -2195.431698 0.486486 
482.000000 -2195.431698 0.485477 
483.000000 -2195.431698 0.484472 
484.000000 -2364.452336 0.485537 
485.000000 -2456.854774 0.486598 
486.000000 -2456.854774 0.485597 
487.000000 -2716.770839 0.486653 
488.000000 -2716.770839 0.485656 
489.000000 -2716.770839 0.484663 
490.000000 -2716.770839 0.483673 
491.000000 -2470.651265 0.484725 
492.000000 -2470.651265 0.483740 
493.000000 -2721.061467 0.484787 
494.000000 -2456.987424 0.485830 
495.000000 -2289.420622 0.486869 
496.000000 -2611.755139 0.487903 
497.000000 -2611.755139 0.486922 
498.000000 -2611.755139 0.485944 
499.000000 -2611.755139 0.484970 
500.000000 -2611.755139 0.484000 
501.000000 -2611.755139 0.483034 
502.000000 -2093.652416 0.484064 
503.000000 -2093.652416 0.483101 
504.000000 -2093.652416 0.482143 
505.000000 -2093.652416 0.481188 
506.000000 -2093.652416 0.480237 
507.000000 -2093.652416 0.479290 
508.000000 -2438.295807 0.480315 
509.000000 -2306.822256 0.481336 
510.000000 -2372.358832 0.482353 
511.000000 -2372.358832 0.481409 
512.000000 -2448.484935 0.482422 
513.000000 -2448.484935 0.481481 
514.000000 -2267.390334 0.482490 
515.000000 -2378.512638 0.483495 
516.000000 -2378.512638 0.482558 
517.000000 -2378.512638 0.481625 
518.000000 -2608.333968 0.482625 
519.000000 -1834.413215 0.483622 
520.000000 -1650.422400 0.484615 
521.000000 -1554.093446 0.485605 
522.000000 -1554.093446 0.484674 
523.000000 -2752.427968 0.485660 
524.000000 -2685.434890 0.486641 
525.000000 -2685.434890 0.485714 
526.000000 -2685.434890 0.484791 
527.000000 -2685.434890 0.483871 
528.000000 -2572.862045 0.484848 
529.000000 -2434.020187 0.485822 
530.000000 -2666.063726 0.486792 
531.000000 -2666.063726 0.485876 
532.000000 -2666.063726 0.484962 
533.000000 -2666.063726 0.484053 
534.000000 -2526.703457 0.485019 
535.000000 -2526.703457 0.484112 
536.000000 -2723.093479 0.485075 
537.000000 -2613.408887 0.486034 
538.000000 -2654.492702 0.486989 
539.000000 -2313.718022 0.487941 
540.000000 -2596.567003 0.488889 
541.000000 -2596.567003 0.487985 
542.000000 -2809.805737 0.488930 
543.000000 -2809.805737 0.488029 
544.000000 -2743.896785 0.488971 
545.000000 -2643.271273 0.489908 
546.000000 -2766.442726 0.490842 
547.000000 -2346.309807 0.491773 
548.000000 -2802.614796 0.492701 
549.000000 -2802.614796 0.491803 
550.000000 -2776.646208 0.492727 
551.000000 -2425.954576 0.493648 
552.000000 -1656.342281 0.494565 
553.000000 -1656.342281 0.493671 
554.000000 -1750.467883 0.494585 
555.000000 -1850.960613 0.495495 
556.000000 -1850.960613 0.494604 
557.000000 -2260.902967 0.495512 
558.000000 -1914.069702 0.496416 
559.000000 -2658.954896 0.497317 
560.000000 -2658.954896 0.496429 
561.000000 -2658.954896 0.495544 
562.000000 -2438.701057 0.496441 
563.000000 -2608.713681 0.497336 
564.000000 -2316.208318 0.498227 
565.000000 -2236.160954 0.499115 
566.000000 -2236.160954 0.498233 
567.000000 -2236.160954 0.497354 
568.000000 -2236.160954 0.496479 
569.000000 -2176.962510 0.497364 
570.000000 -2176.962510 0.496491 
571.000000 -2176.962510 0.495622 
572.000000 -2176.962510 0.494755 
573.000000 -2308.483073 0.495637 
574.000000 -2308.483073 0.494774 
575.000000 -2308.483073 0.493913 
576.000000 -2308.483073 0.493056 
577.000000 -2308.483073 0.492201 
578.000000 -2353.725942 0.493080 
579.000000 -2363.618516 0.493955 
580.000000 -2363.618516 0.493103 
581.000000 -2308.256162 0.493976 
582.000000 -2475.824403 0.494845 
583.000000 -2403.490468 0.495712 
584.000000 -2403.490468 0.494863 
585.000000 -2403.490468 0.494017 
586.000000 -2403.490468 0.493174 
587.000000 -2403.490468 0.492334 
588.000000 -2403.490468 0.491497 
589.000000 -2403.490468 0.490662 
590.000000 -2403.490468 0.489831 
591.000000 -2403.490468 0.489002 
592.000000 -1280.344818 0.489865 
593.000000 -2612.437318 0.490725 
594.000000 -2612.437318 0.489899 
595.000000 -1871.207719 0.490756 
596.000000 -1871.207719 0.489933 
597.000000 -1407.936358 0.490787 
598.000000 -1407.936358 0.489967 
599.000000 -2922.802309 0.490818 
600.000000 -2419.404647 0.491667 
601.000000 -2598.843560 0.492512 
602.000000 -2726.851565 0.493355 
603.000000 -2729.023214 0.494196 
604.000000 -2429.388155 0.495033 
605.000000 -2429.388155 0.494215 
606.000000 -2429.388155 0.493399 
607.000000 -1616.234432 0.494234 
608.000000 -3093.503430 0.495066 
609.000000 -3093.503430 0.494253 
610.000000 -3093.503430 0.493443 
611.000000 -2519.163703 0.494272 
612.000000 -2601.497614 0.495098 
613.000000 -2711.448065 0.495922 
614.000000 -2711.448065 0.495114 
615.000000 -2442.316644 0.495935 
616.000000 -2501.545889 0.496753 
617.000000 -2524.625271 0.497569 
618.000000 -2524.625271 0.496764 
619.000000 -2426.960745 0.497577 
620.000000 -2542.319348 0.498387 
621.000000 -2542.319348 0.497585 
622.000000 -2542.319348 0.496785 
623.000000 -2542.319348 0.495987 
624.000000 -2542.319348 0.495192 
625.000000 -2542.319348 0.494400 
626.000000 -2919.044365 0.495208 
627.000000 -2919.044365 0.494418 
628.000000 -2919.044365 0.493631 
629.000000 -2650.745866 0.494436 
630.000000 -2628.741490 0.495238 
631.000000 -2797.147520 0.496038 
632.000000 -2577.678576 0.496835 
633.000000 -2577.678576 0.496051 
634.000000 -2577.678576 0.495268 
635.000000 -2577.678576 0.494488 
636.000000 -2577.678576 0.493711 
637.000000 -2577.678576 0.492936 
638.000000 -2577.678576 0.492163 
639.000000 -2463.124789 0.492958 
640.000000 -2463.124789 0.492188 
641.000000 -2440.963779 0.492980 
642.000000 -2792.359386 0.493769 
643.000000 -2689.618386 0.494557 
644.000000 -2493.732420 0.495342 
645.000000 -2493.732420 0.494574 
646.000000 -2493.732420 0.493808 
647.000000 -2493.732420 0.493045 
648.000000 -2493.732420 0.492284 
649.000000 -2622.039666 0.493066 
650.000000 -2474.417016 0.493846 
651.000000 -2701.303700 0.494624 
652.000000 -2701.303700 0.493865 
653.000000 -2701.303700 0.493109 
654.000000 -2701.303700 0.492355 
655.000000 -2412.793669 0.493130 
656.000000 -2315.838738 0.493902 
657.000000 -2103.671581 0.494673 
658.000000 -2754.848858 0.495441 
659.000000 -2405.348390 0.496206 
660.000000 -2508.782228 0.496970 
661.000000 -2329.721301 0.497731 
662.000000 -2329.721301 0.496979 
663.000000 -1572.295610 0.497738 
664.000000 -1354.956600 0.498494 
665.000000 -910.659237 0.499248 
666.000000 -910.659237 0.498498 
667.000000 -910.659237 0.497751 
668.000000 -910.659237 0.497006 
669.000000 94.161642 0.497758 
670.000000 94.161642 0.497015 
671.000000 -2076.548891 0.497765 
672.000000 -2076.548891 0.497024 
673.000000 -2076.548891 0.496285 
674.000000 -2076.548891 0.495549 
675.000000 -2076.548891 0.494815 
676.000000 -2076.548891 0.494083 
677.000000 -2076.548891 0.493353 
678.000000 -2749.702466 0.494100 
679.000000 -2749.702466 0.493373 
680.000000 -2749.702466 0.492647 
681.000000 -612.286050 0.493392 
682.000000 -612.286050 0.492669 
683.000000 -612.286050 0.491947 
684.000000 -612.286050 0.491228 
685.000000 -1650.249239 0.491971 
686.000000 -2369.427475 0.492711 
687.000000 -2101.653190 0.493450 
688.000000 -2101.653190 0.492733 
689.000000 -2101.653190 0.492017 
690.000000 -1623.709747 0.492754 
691.000000 -1623.709747 0.492041 
692.000000 -1482.907538 0.492775 
693.000000 -1482.907538 0.492063 
694.000000 -2323.818505 0.492795 
695.000000 -2199.932019 0.493525 
696.000000 -2199.932019 0.492816 
697.000000 -2423.738435 0.493544 
698.000000 -1065.077733 0.494269 
699.000000 -1065.077733 0.493562 
700.000000 -1239.419043 0.494286 
701.000000 -1693.871958 0.495007 
702.000000 -1693.871958 0.494302 
703.000000 -1693.871958 0.493599 
704.000000 -1693.871958 0.492898 
705.000000 -950.258069 0.493617 
706.000000 -950.258069 0.492918 
707.000000 -1530.184513 0.493635 
708.000000 -1530.184513 0.492938 
709.000000 -319.339108 0.493653 
710.000000 -319.339108 0.492958 
711.000000 -1952.599520 0.493671 
712.000000 -1386.661296 0.494382 
713.000000 -1386.661296 0.493689 
714.000000 -1386.661296 0.492997 
715.000000 -1768.435221 0.493706 
716.000000 -2646.999738 0.494413 
717.000000 -2143.097353 0.495119 
718.000000 -2143.097353 0.494429 
719.000000 -2590.113075 0.495132 
720.000000 -2139.000881 0.495833 
721.000000 -2626.590491 0.496533 
722.000000 -2626.590491 0.495845 
723.000000 -1831.473894 0.496542 
724.000000 -1831.473894 0.495856 
725.000000 -1831.473894 0.495172 
726.000000 -2362.656694 0.495868 
727.000000 -2362.656694 0.495186 
728.000000 -2340.213538 0.495879 
729.000000 -2316.725285 0.496571 
730.000000 -2316.725285 0.495890 
731.000000 -1925.371350 0.496580 
732.000000 -2041.506972 0.497268 
733.000000 -2788.140598 0.497954 
734.000000 -2481.290315 0.498638 
735.000000 -2481.290315 0.497959 
736.000000 -1985.128482 0.498641 
737.000000 -1985.128482 0.497965 
738.000000 -1985.128482 0.497290 
739.000000 -1985.128482 0.496617 
740.000000 -1826.930448 0.497297 
741.000000 -1826.930448 0.496626 
742.000000 -2187.723888 0.497305 
743.000000 -2274.975805 0.497981 
744.000000 -2278.797072 0.498656 
745.000000 -2278.797072 0.497987 
746.000000 -2278.797072 0.497319 
747.000000 -2593.023684 0.497992 
748.000000 -2593.023684 0.497326 
749.000000 -2593.023684 0.496662 
750.000000 -1420.907542 0.497333 
751.000000 -2240.378666 0.498003 
752.000000 -2413.303012 0.498670 
753.000000 -2413.303012 0.498008 
754.000000 -2413.303012 0.497347 
755.000000 -2171.190286 0.498013 
756.000000 -1802.644907 0.498677 
757.000000 -1802.644907 0.498018 
758.000000 -1802.644907 0.497361 
759.000000 -2663.343006 0.498024 
760.000000 -2663.343006 0.497368 
761.000000 -1853.778191 0.498029 
762.000000 -2016.553070 0.498688 
763.000000 -2016.553070 0.498034 
764.000000 -2031.591007 0.498691 
765.000000 -2774.894724 0.499346 
766.000000 -2089.979163 0.500000 
767.000000 -2502.112379 0.500652 
768.000000 -2502.112379 0.500000 
769.000000 -2502.112379 0.499350 
770.000000 -2438.153633 0.500000 
771.000000 -1913.586610 0.500649 
772.000000 -2014.416844 0.501295 
773.000000 -2014.416844 0.500647 
774.000000 -2518.577885 0.501292 
775.000000 -2506.892961 0.501935 
776.000000 -2506.892961 0.501289 
777.000000 -2686.749364 0.501931 
778.000000 -2686.749364 0.501285 
779.000000 -2686.749364 0.500642 
780.000000 -2500.878850 0.501282 
781.000000 -2644.172706 0.501921 
782.000000 -2510.495699 0.502558 
783.000000 -2558.929858 0.503193 
784.000000 -2558.929858 0.502551 
785.000000 -2558.929858 0.501911 
786.000000 -2639.966041 0.502545 
787.000000 -2639.966041 0.501906 
788.000000 -2484.332891 0.502538 
789.000000 -2484.332891 0.501901 
790.000000 -2484.332891 0.501266 
791.000000 -2421.368427 0.501896 
792.000000 -2272.187048 0.502525 
793.000000 -2272.187048 0.501892 
794.000000 -2450.831885 0.502519 
795.000000 -2428.638011 0.503145 
796.000000 -2439.025032 0.503769 
797.000000 -2439.025032 0.503137 
798.000000 -2439.025032 0.502506 
799.000000 -2177.977132 0.503129 
800.000000 -2177.977132 0.502500 
801.000000 -2177.977132 0.501873 
802.000000 -2177.977132 0.501247 
803.000000 -2307.722150 0.501868 
804.000000 -2370.424439 0.502488 
805.000000 -2370.424439 0.501863 
806.000000 -2130.416895 0.502481 
807.000000 -1911.415289 0.503098 
808.000000 -1911.415289 0.502475 
809.000000 -1968.674100 0.503090 
810.000000 -1968.674100 0.502469 
811.000000 -2440.064782 0.503083 
812.000000 -2440.064782 0.502463 
813.000000 -2440.064782 0.501845 
814.000000 -2440.064782 0.501229 
815.000000 -2525.699677 0.501840 
816.000000 -2525.699677 0.501225 
817.000000 -2525.699677 0.500612 
818.000000 -2388.468275 0.501222 
819.000000 -2425.319037 0.501832 
820.000000 -2425.319037 0.501220 
821.000000 -2425.319037 0.500609 
822.000000 -2425.319037 0.500000 
823.000000 -2425.319037 0.499392 
824.000000 -2422.396865 0.500000 
825.000000 -2317.328245 0.500606 
826.000000 -2481.731243 0.501211 
827.000000 -2234.218058 0.501814 
828.000000 -2234.218058 0.501208 
829.000000 -2621.477682 0.501809 
830.000000 -2621.477682 0.501205 
831.000000 -2621.477682 0.500602 
832.000000 -2621.477682 0.500000 
833.000000 -2421.873291 0.500600 
834.000000 -2531.261292 0.501199 
835.000000 -2531.261292 0.500599 
836.000000 -2303.606772 0.501196 
837.000000 -2316.895357 0.501792 
838.000000 -2316.895357 0.501193 
839.000000 -2000.690341 0.501788 
840.000000 -2000.690341 0.501190 
841.000000 -2606.753503 0.501784 
842.000000 -2301.342899 0.502375 
843.000000 -2301.342899 0.501779 
844.000000 -2301.342899 0.501185 
845.000000 -2779.447237 0.501775 
846.000000 -2779.447237 0.501182 
847.000000 -2779.447237 0.500590 
848.000000 -2779.447237 0.500000 
849.000000 -2779.447237 0.499411 
850.000000 -2779.447237 0.498824 
851.000000 -2779.447237 0.498237 
852.000000 -2779.447237 0.497653 
853.000000 -2779.447237 0.497069 
854.000000 -2409.767686 0.497658 
855.000000 -2409.767686 0.497076 
856.000000 -2269.400336 0.497664 
857.000000 -2269.400336 0.497083 
858.000000 -2269.400336 0.496503 
859.000000 -2269.400336 0.495925 
860.000000 -2269.400336 0.495349 
861.000000 -2269.400336 0.494774 
862.000000 -2269.400336 0.494200 
863.000000 -2269.400336 0.493627 
864.000000 -2269.400336 0.493056 
865.000000 -2269.400336 0.492486 
866.000000 -2252.981814 0.493072 
867.000000 -2452.650441 0.493656 
868.000000 -2283.156091 0.494240 
869.000000 -2283.156091 0.493671 
870.000000 -2283.156091 0.493103 
871.000000 -2283.156091 0.492537 
872.000000 -2283.156091 0.491972 
873.000000 -2126.640899 0.492554 
874.000000 -2185.015497 0.493135 
875.000000 -2185.015497 0.492571 
876.000000 -2234.811668 0.493151 
877.000000 -2153.586888 0.493729 
878.000000 -1852.271470 0.494305 
879.000000 -1567.178586 0.494881 
880.000000 -1709.472607 0.495455 
881.000000 -486.503415 0.496027 
882.000000 -1458.061921 0.496599 
883.000000 -539.396989 0.497169 
884.000000 -539.396989 0.496606 
885.000000 1365.811240 0.497175 
886.000000 1365.811240 0.496614 
887.000000 1365.811240 0.496054 
888.000000 865.025324 0.496622 
889.000000 865.025324 0.496063 
890.000000 553.621957 0.496629 
891.000000 -2089.269330 0.497194 
892.000000 -2089.269330 0.496637 
893.000000 -2089.269330 0.496081 
894.000000 -2089.269330 0.495526 
895.000000 -2089.269330 0.494972 
896.000000 -2419.554532 0.495536 
897.000000 -2419.554532 0.494983 
898.000000 -2124.849527 0.495546 
899.000000 -2124.849527 0.494994 
900.000000 -2124.849527 0.494444 
901.000000 -2054.370099 0.495006 
902.000000 -1133.464982 0.495565 
903.000000 -1133.464982 0.495017 
904.000000 -1133.464982 0.494469 
905.000000 -1983.146117 0.495028 
906.000000 -1907.055019 0.495585 
907.000000 -2270.810616 0.496141 
908.000000 -2270.810616 0.495595 
909.000000 -2270.810616 0.495050 
910.000000 -2270.810616 0.494505 
911.000000 -2472.005279 0.495060 
912.000000 -2472.005279 0.494518 
913.000000 -2472.005279 0.493976 
914.000000 -2472.005279 0.493435 
915.000000 -2184.344226 0.493989 
916.000000 -1821.226015 0.494541 
917.000000 -1821.226015 0.494002 
918.000000 -1821.226015 0.493464 
919.000000 -1737.603769 0.494015 
920.000000 -1737.603769 0.493478 
921.000000 -1737.603769 0.492942 
922.000000 -1728.756854 0.493492 
923.000000 -2469.455329 0.494041 
924.000000 -2316.740077 0.494589 
925.000000 -2316.740077 0.494054 
926.000000 -2316.740077 0.493521 
927.000000 -2264.012897 0.494067 
928.000000 -2143.788156 0.494612 
929.000000 -2143.788156 0.494080 
930.000000 -2176.381587 0.494624 
931.000000 -2176.381587 0.494092 
932.000000 -2176.381587 0.493562 
933.000000 -2411.854615 0.494105 
934.000000 -2411.854615 0.493576 
935.000000 -2208.312247 0.494118 
936.000000 -2135.910838 0.494658 
937.000000 -2135.910838 0.494130 
938.000000 -2135.910838 0.493603 
939.000000 -2135.910838 0.493078 
940.000000 -2135.910838 0.492553 
941.000000 -1744.232152 0.493092 
942.000000 -1722.173030 0.493631 
943.000000 -1722.173030 0.493107 
944.000000 -1722.173030 0.492585 
945.000000 -1722.173030 0.492063 
946.000000 -1722.173030 0.491543 
947.000000 -1871.851183 0.492080 
948.000000 -1871.851183 0.491561 
949.000000 -1543.040805 0.492097 
950.000000 -1543.040805 0.491579 
951.000000 -2044.214208 0.492114 
952.000000 -1885.172739 0.492647 
953.000000 -1885.172739 0.492130 
954.000000 -1693.467865 0.492662 
955.000000 -1693.467865 0.492147 
956.000000 -2065.810798 0.492678 
957.000000 -2301.168297 0.493208 
958.000000 -2301.168297 0.492693 
959.000000 -2301.168297 0.492179 
960.000000 -2076.073460 0.492708 
961.000000 -2076.073460 0.492196 
962.000000 -2076.073460 0.491684 
963.000000 -2257.832809 0.492212 
964.000000 -2264.041655 0.492739 
965.000000 -2264.041655 0.492228 
966.000000 -2212.002354 0.492754 
967.000000 -2212.002354 0.492244 
968.000000 -2212.002354 0.491736 
969.000000 -2172.140913 0.492260 
970.000000 -2172.140913 0.491753 
971.000000 -2172.140913 0.491246 
972.000000 -2447.094721 0.491770 
973.000000 -2447.094721 0.491264 
974.000000 -2447.094721 0.490760 
975.000000 -2607.061351 0.491282 
976.000000 -2607.061351 0.490779 
977.000000 -2441.685343 0.491300 
978.000000 -2316.840464 0.491820 
979.000000 -2316.840464 0.491318 
980.000000 -2316.840464 0.490816 
981.000000 -2312.375743 0.491335 
982.000000 -2312.375743 0.490835 
983.000000 -2278.843373 0.491353 
984.000000 -2278.843373 0.490854 
985.000000 -2278.843373 0.490355 
986.000000 -2278.843373 0.489858 
987.000000 -2278.843373 0.489362 
988.000000 -2096.895495 0.489879 
989.000000 -2096.895495 0.489383 
990.000000 -2096.895495 0.488889 
991.000000 -2163.358060 0.489405 
992.000000 -2268.034121 0.489919 
993.000000 -1419.147453 0.490433 
994.000000 -1419.147453 0.489940 
995.000000 -1419.147453 0.489447 
996.000000 -2816.588199 0.489960 
997.000000 -1588.266341 0.490471 
998.000000 -2230.719267 0.490982 
999.000000 -2170.133927 0.491491 
1000.000000 -2229.014131 0.492000 
1001.000000 -2196.095705 0.492507 
1002.000000 -2196.095705 0.492016 
1003.000000 -2196.095705 0.491525 
1004.000000 -1771.624444 0.492032 
1005.000000 -2285.637916 0.492537 
1006.000000 -2285.637916 0.492048 
1007.000000 -2285.637916 0.491559 
1008.000000 -2285.637916 0.491071 
1009.000000 -2285.637916 0.490585 
1010.000000 -2285.637916 0.490099 
1011.000000 -2285.637916 0.489614 
1012.000000 -1680.962853 0.490119 
1013.000000 -1680.962853 0.489635 
1014.000000 -2468.413036 0.490138 
1015.000000 -2468.413036 0.489655 
1016.000000 -2468.413036 0.489173 
1017.000000 -2477.838115 0.489676 
1018.000000 -2477.838115 0.489194 
1019.000000 -2477.838115 0.488714 
1020.000000 -2477.838115 0.488235 
1021.000000 -2368.874902 0.488737 
1022.000000 -2368.874902 0.488258 
1023.000000 -2366.623874 0.488759 
1024.000000 -2366.623874 0.488281 
1025.000000 -2366.623874 0.487805 
1026.000000 -2366.623874 0.487329 
1027.000000 -2572.366016 0.487829 
1028.000000 -2446.971851 0.488327 
1029.000000 -2446.971851 0.487852 
1030.000000 -2446.971851 0.487379 
1031.000000 -2446.971851 0.486906 
1032.000000 -2446.971851 0.486434 
1033.000000 -2445.466482 0.486931 
1034.000000 -2445.466482 0.486460 
1035.000000 -2515.878732 0.486957 
1036.000000 -2391.864893 0.487452 
1037.000000 -2391.864893 0.486982 
1038.000000 -2503.742261 0.487476 
1039.000000 -2503.742261 0.487007 
1040.000000 -2503.742261 0.486538 
1041.000000 -2458.456516 0.487032 
1042.000000 -2412.837882 0.487524 
1043.000000 -2442.507135 0.488015 
1044.000000 -2319.795492 0.488506 
1045.000000 -2319.795492 0.488038 
1046.000000 -2167.078657 0.488528 
1047.000000 -2167.078657 0.488061 
1048.000000 -2167.078657 0.487595 
1049.000000 -2167.078657 0.487131 
1050.000000 -2167.078657 0.486667 
1051.000000 -2343.254229 0.487155 
1052.000000 -2343.254229 0.486692 
1053.000000 -2423.475911 0.487179 
1054.000000 -1841.500840 0.487666 
1055.000000 -1841.500840 0.487204 
1056.000000 -2156.836027 0.487689 
1057.000000 -2156.836027 0.487228 
1058.000000 -2156.836027 0.486767 
1059.000000 -2156.836027 0.486308 
1060.000000 -2052.986599 0.486792 
1061.000000 -1735.081488 0.487276 
1062.000000 -1735.081488 0.486817 
1063.000000 -2421.893502 0.487300 
1064.000000 -2427.036878 0.487782 
1065.000000 -2427.036878 0.487324 
1066.000000 -1649.993597 0.487805 
1067.000000 -1649.993597 0.487348 
1068.000000 -1649.993597 0.486891 
1069.000000 -2236.299081 0.487371 
1070.000000 -2236.299081 0.486916 
1071.000000 -1342.342049 0.487395 
1072.000000 -1884.175966 0.487873 
1073.000000 -2411.941009 0.488350 
1074.000000 -2411.941009 0.487896 
1075.000000 -2411.941009 0.487442 
1076.000000 -2509.667298 0.487918 
1077.000000 -2087.635063 0.488394 
1078.000000 -2087.635063 0.487941 
1079.000000 -2038.273923 0.488415 
1080.000000 -2692.227020 0.488889 
1081.000000 -2692.227020 0.488437 
1082.000000 -2692.227020 0.487985 
1083.000000 -2606.741910 0.488458 
1084.000000 -2576.742501 0.488930 
1085.000000 -2973.838148 0.489401 
1086.000000 -2973.838148 0.488950 
1087.000000 -2973.838148 0.488500 
1088.000000 -2973.838148 0.488051 
1089.000000 -2536.526001 0.488522 
1090.000000 -2536.526001 0.488073 
1091.000000 -2536.526001 0.487626 
1092.000000 -1470.471388 0.488095 
1093.000000 -2361.779667 0.488564 
1094.000000 -2361.779667 0.488117 
1095.000000 -1831.737182 0.488584 
1096.000000 -2746.948387 0.489051 
1097.000000 -2275.381308 0.489517 
1098.000000 -2275.381308 0.489071 
1099.000000 -2275.381308 0.488626 
1100.000000 -2245.286154 0.489091 
1101.000000 -2210.439644 0.489555 
1102.000000 -2211.921115 0.490018 
1103.000000 -2211.921115 0.489574 
1104.000000 -2211.921115 0.489130 
1105.000000 -2211.921115 0.488688 
1106.000000 -2211.921115 0.488246 
1107.000000 -2211.921115 0.487805 
1108.000000 -2164.630653 0.488267 
1109.000000 -2164.630653 0.487827 
1110.000000 -2164.630653 0.487387 
1111.000000 -2032.356770 0.487849 
1112.000000 -2032.356770 0.487410 
1113.000000 -2032.356770 0.486972 
1114.000000 -2032.356770 0.486535 
1115.000000 -2090.280501 0.486996 
1116.000000 -2090.280501 0.486559 
1117.000000 -2090.280501 0.486124 
1118.000000 -2090.280501 0.485689 
1119.000000 -2090.280501 0.485255 
1120.000000 -2090.280501 0.484821 
1121.000000 -2231.454123 0.485281 
1122.000000 -2231.454123 0.484848 
1123.000000 -2407.061098 0.485307 
1124.000000 -2407.061098 0.484875 
1125.000000 -2407.061098 0.484444 
1126.000000 -1807.694513 0.484902 
1127.000000 -1908.807650 0.485359 
1128.000000 -1938.698419 0.485816 
1129.000000 -2178.148161 0.486271 
1130.000000 -2178.148161 0.485841 
1131.000000 -2178.148161 0.485411 
1132.000000 -2178.148161 0.484982 
1133.000000 -2178.148161 0.484554 
1134.000000 -2178.148161 0.484127 
1135.000000 -2178.148161 0.483700 
1136.000000 -2178.148161 0.483275 
1137.000000 -2178.148161 0.482850 
1138.000000 -2034.366484 0.483304 
1139.000000 -2034.366484 0.482880 
1140.000000 -2034.366484 0.482456 
1141.000000 -2034.366484 0.482033 
1142.000000 -2034.366484 0.481611 
1143.000000 -2124.400273 0.482065 
1144.000000 -2124.400273 0.481643 
1145.000000 -2124.400273 0.481223 
1146.000000 -2124.400273 0.480803 
1147.000000 -2124.400273 0.480384 
1148.000000 -2071.370363 0.480836 
1149.000000 -2143.626986 0.481288 
1150.000000 -2143.626986 0.480870 
1151.000000 -2104.373965 0.481321 
1152.000000 -2104.373965 0.480903 
1153.000000 -2136.130252 0.481353 
1154.000000 -1801.318664 0.481802 
1155.000000 -1643.996650 0.482251 
1156.000000 -1643.996650 0.481834 
1157.000000 -1643.996650 0.481417 
1158.000000 -1593.248731 0.481865 
1159.000000 -1261.278001 0.482312 
1160.000000 -1562.131892 0.482759 
1161.000000 -1562.131892 0.482343 
1162.000000 -1562.131892 0.481928 
1163.000000 -1112.198304 0.482373 
1164.000000 -1112.198304 0.481959 
1165.000000 -1112.198304 0.481545 
1166.000000 -1112.198304 0.481132 
1167.000000 -1112.198304 0.480720 
1168.000000 -1471.396149 0.481164 
1169.000000 -1471.396149 0.480753 
1170.000000 -1471.396149 0.480342 
1171.000000 -1766.789092 0.480786 
1172.000000 -1766.789092 0.480375 
1173.000000 -1766.789092 0.479966 
1174.000000 -1766.789092 0.479557 
1175.000000 -1982.650918 0.480000 
1176.000000 -2078.554556 0.480442 
1177.000000 -2078.554556 0.480034 
1178.000000 -2324.118728 0.480475 
1179.000000 -2324.118728 0.480068 
1180.000000 -2324.118728 0.479661 
1181.000000 -1827.818317 0.480102 
1182.000000 -1827.818317 0.479695 
1183.000000 -1839.981214 0.480135 
1184.000000 -1839.981214 0.479730 
1185.000000 -2410.907314 0.480169 
1186.000000 -2410.907314 0.479764 
1187.000000 -2303.102597 0.480202 
1188.000000 -2319.466605 0.480640 
1189.000000 -2319.466605 0.480235 
1190.000000 -2319.466605 0.479832 
1191.000000 -2319.466605 0.479429 
1192.000000 -2209.014454 0.479866 
1193.000000 -2209.014454 0.479464 
1194.000000 -2209.014454 0.479062 
1195.000000 -2209.014454 0.478661 
1196.000000 -2223.233961 0.479097 
1197.000000 -2223.233961 0.478697 
1198.000000 -2141.189089 0.479132 
1199.000000 -2190.519670 0.479566 
1200.000000 -1623.458488 0.480000 
1201.000000 -1985.025703 0.480433 
1202.000000 -1985.025703 0.480033 
1203.000000 -1985.025703 0.479634 
1204.000000 -2071.721944 0.480066 
1205.000000 -2071.721944 0.479668 
1206.000000 -2071.721944 0.479270 
1207.000000 -2186.888302 0.479702 
1208.000000 -2186.888302 0.479305 
1209.000000 -2243.005393 0.479735 
1210.000000 -2243.005393 0.479339 
1211.000000 -2243.005393 0.478943 
1212.000000 -2243.005393 0.478548 
1213.000000 -2243.005393 0.478153 
1214.000000 -2364.238354 0.478583 
1215.000000 -2374.953788 0.479012 
1216.000000 -2066.252008 0.479441 
1217.000000 -2066.252008 0.479047 
1218.000000 -2066.252008 0.478654 
1219.000000 -2107.022866 0.479081 
1220.000000 -2107.022866 0.478689 
1221.000000 -2107.022866 0.478296 
1222.000000 -2226.825118 0.478723 
1223.000000 -2226.825118 0.478332 
1224.000000 -1969.134766 0.478758 
1225.000000 -1969.134766 0.478367 
1226.000000 -1969.134766 0.477977 
1227.000000 -2123.632508 0.478403 
1228.000000 -2123.632508 0.478013 
1229.000000 -2097.771422 0.478438 
1230.000000 -2097.771422 0.478049 
1231.000000 -2091.586120 0.478473 
1232.000000 -1738.006888 0.478896 
1233.000000 -1738.006888 0.478508 
1234.000000 -1874.749171 0.478930 
1235.000000 -1914.227256 0.479352 
1236.000000 -1914.227256 0.478964 
1237.000000 -2181.723516 0.479386 
1238.000000 -2181.723516 0.478998 
1239.000000 -1915.374561 0.479419 
1240.000000 -2174.966465 0.479839 
1241.000000 -2176.370595 0.480258 
1242.000000 -2176.370595 0.479871 
1243.000000 -2115.878236 0.480290 
1244.000000 -2115.878236 0.479904 
1245.000000 -2115.878236 0.479518 
1246.000000 -1907.391895 0.479936 
1247.000000 -1907.391895 0.479551 
1248.000000 -2108.906821 0.479968 
1249.000000 -2232.307525 0.480384 
1250.000000 -2232.307525 0.480000 
1251.000000 -2249.874018 0.480416 
1252.000000 -2396.454539 0.480831 
1253.000000 -2178.545747 0.481245 
1254.000000 -2255.673039 0.481659 
1255.000000 -2255.673039 0.481275 
1256.000000 -2255.673039 0.480892 
1257.000000 -2255.673039 0.480509 
1258.000000 -2206.810112 0.480922 
1259.000000 -2128.865434 0.481334 
1260.000000 -1981.373408 0.481746 
1261.000000 -2151.795437 0.482157 
1262.000000 -2006.883038 0.482567 
1263.000000 -2207.800942 0.482977 
1264.000000 -2112.455353 0.483386 
1265.000000 -2112.455353 0.483004 
1266.000000 -2112.455353 0.482622 
1267.000000 -2112.455353 0.482242 
1268.000000 -2112.455353 0.481861 
1269.000000 -2112.455353 0.481481 
1270.000000 -2060.162731 0.481890 
1271.000000 -2060.162731 0.481511 
1272.000000 -2060.162731 0.481132 
1273.000000 -2061.846441 0.481540 
1274.000000 -2061.846441 0.481162 
1275.000000 -1962.423560 0.481569 
1276.000000 -1888.925682 0.481975 
1277.000000 -2382.927980 0.482381 
1278.000000 -2382.927980 0.482003 
1279.000000 -2382.927980 0.481626 
1280.000000 -2183.843794 0.482031 
1281.000000 -2183.843794 0.481655 
1282.000000 -2142.222379 0.482059 
1283.000000 -2142.222379 0.481684 
1284.000000 -2249.331900 0.482087 
1285.000000 -2170.927895 0.482490 
1286.000000 -2136.063576 0.482893 
1287.000000 -2136.063576 0.482517 
1288.000000 -2136.063576 0.482143 
1289.000000 -2446.539509 0.482545 
1290.000000 -2190.845590 0.482946 
1291.000000 -2200.907625 0.483346 
1292.000000 -2200.907625 0.482972 
1293.000000 -2200.907625 0.482599 
1294.000000 -2200.907625 0.482226 
1295.000000 -2200.907625 0.481853 
1296.000000 -2200.907625 0.481481 
1297.000000 -2200.907625 0.481110 
1298.000000 -2200.907625 0.480740 
1299.000000 -2145.115482 0.481139 
1300.000000 -2145.115482 0.480769 
1301.000000 -2098.159903 0.481168 
1302.000000 -2098.159903 0.480799 
1303.000000 -2098.159903 0.480430 
1304.000000 -2307.187035 0.480828 
1305.000000 -2307.187035 0.480460 
1306.000000 -2143.877580 0.480858 
1307.000000 -2143.877580 0.480490 
1308.000000 -2143.877580 0.480122 
1309.000000 -2143.877580 0.479756 
1310.000000 -2143.877580 0.479389 
1311.000000 -2143.877580 0.479024 
1312.000000 -2143.877580 0.478659 
1313.000000 -2107.472750 0.479056 
1314.000000 -2107.472750 0.478691 
1315.000000 -2107.472750 0.478327 
1316.000000 -2197.556579 0.478723 
1317.000000 -2282.474849 0.479119 
1318.000000 -2282.474849 0.478756 
1319.000000 -2376.836639 0.479151 
1320.000000 -2416.964215 0.479545 
1321.000000 -2416.964215 0.479182 
1322.000000 -2416.964215 0.478820 
1323.000000 -1728.082165 0.479214 
1324.000000 -1728.082165 0.478852 
1325.000000 -2400.785255 0.479245 
1326.000000 -2400.785255 0.478884 
1327.000000 -2400.785255 0.478523 
1328.000000 -2470.657490 0.478916 
1329.000000 -2470.657490 0.478555 
1330.000000 -2468.868742 0.478947 
1331.000000 -2396.555160 0.479339 
1332.000000 -2103.010041 0.479730 
1333.000000 -1887.627786 0.480120 
1334.000000 -1887.627786 0.479760 
1335.000000 -1887.627786 0.479401 
1336.000000 -2119.619753 0.479790 
1337.000000 -2119.619753 0.479432 
1338.000000 -811.878543 0.479821 
1339.000000 -811.878543 0.479462 
1340.000000 -811.878543 0.479104 
1341.000000 -2331.648935 0.479493 
1342.000000 -2331.648935 0.479136 
1343.000000 -2331.648935 0.478779 
1344.000000 -2049.951941 0.479167 
1345.000000 -2049.951941 0.478810 
1346.000000 -2049.951941 0.478455 
1347.000000 -2049.951941 0.478099 
1348.000000 -3012.582156 0.478487 
1349.000000 -2419.215421 0.478873 
1350.000000 -2419.215421 0.478519 
1351.000000 -2643.858140 0.478905 
1352.000000 -2360.196544 0.479290 
1353.000000 -2360.196544 0.478936 
1354.000000 -2596.283352 0.479321 
1355.000000 -2596.283352 0.478967 
1356.000000 -2322.678549 0.479351 
1357.000000 -1864.746028 0.479735 
1358.000000 -1980.446660 0.480118 
1359.000000 -1980.446660 0.479765 
1360.000000 -2267.714465 0.480147 
1361.000000 -2267.714465 0.479794 
1362.000000 -2267.714465 0.479442 
1363.000000 -2267.714465 0.479090 
1364.000000 -2655.166148 0.479472 
1365.000000 -2402.381111 0.479853 
1366.000000 -1540.028000 0.480234 
1367.000000 -1733.027221 0.480614 
1368.000000 -1733.027221 0.480263 
1369.000000 -1733.027221 0.479912 
1370.000000 -1769.147055 0.480292 
1371.000000 -2160.803022 0.480671 
1372.000000 -2160.803022 0.480321 
1373.000000 -1864.720167 0.480699 
1374.000000 -1864.720167 0.480349 
1375.000000 -1864.720167 0.480000 
1376.000000 -1285.253852 0.480378 
1377.000000 -1902.585006 0.480755 
1378.000000 -1902.585006 0.480406 
1379.000000 -1902.585006 0.480058 
1380.000000 -1902.585006 0.479710 
1381.000000 -675.019526 0.480087 
1382.000000 -675.019526 0.479740 
1383.000000 -675.019526 0.479393 
1384.000000 -675.019526 0.479046 
1385.000000 -1304.902096 0.479422 
1386.000000 -1304.902096 0.479076 
1387.000000 -1903.033313 0.479452 
1388.000000 -1903.033313 0.479107 
1389.000000 -2429.846028 0.479482 
1390.000000 -1909.411017 0.479856 
1391.000000 -1909.411017 0.479511 
1392.000000 -2080.823041 0.479885 
1393.000000 -1546.875946 0.480258 
1394.000000 -1546.875946 0.479914 
1395.000000 -1470.984410 0.480287 
1396.000000 -1824.368055 0.480659 
1397.000000 -1824.368055 0.480315 
1398.000000 -1597.636602 0.480687 
1399.000000 -1597.636602 0.480343 
1400.000000 -715.784367 0.480714 
1401.000000 -715.784367 0.480371 
1402.000000 -1260.543244 0.480742 
1403.000000 -855.810583 0.481112 
1404.000000 -855.810583 0.480769 
1405.000000 -855.810583 0.480427 
1406.000000 149.427526 0.480797 
1407.000000 149.427526 0.480455 
1408.000000 -1682.191481 0.480824 
1409.000000 -1239.710610 0.481192 
1410.000000 -1239.710610 0.480851 
1411.000000 -1239.710610 0.480510 
1412.000000 -1239.710610 0.480170 
1413.000000 -1239.710610 0.479830 
1414.000000 -1527.178474 0.480198 
1415.000000 -1784.693403 0.480565 
1416.000000 -1784.693403 0.480226 
1417.000000 -1784.693403 0.479887 
1418.000000 -2021.676854 0.480254 
1419.000000 -2021.676854 0.479915 
1420.000000 -1863.241161 0.480282 
1421.000000 -1779.339328 0.480647 
1422.000000 -1916.236077 0.481013 
1423.000000 -1916.236077 0.480675 
1424.000000 -1916.236077 0.480337 
1425.000000 -1497.197147 0.480702 
1426.000000 -2095.825978 0.481066 
1427.000000 -2095.825978 0.480729 
1428.000000 -2095.825978 0.480392 
1429.000000 -1881.053903 0.480756 
1430.000000 -1881.053903 0.480420 
1431.000000 -1881.053903 0.480084 
1432.000000 -2012.191262 0.480447 
1433.000000 -2012.191262 0.480112 
1434.000000 -2012.191262 0.479777 
1435.000000 -2012.191262 0.479443 
1436.000000 -2012.191262 0.479109 
1437.000000 -2012.191262 0.478775 
1438.000000 -2012.191262 0.478442 
1439.000000 -2012.191262 0.478110 
1440.000000 -1529.777756 0.478472 
1441.000000 -1529.777756 0.478140 
1442.000000 -2111.954039 0.478502 
1443.000000 -2111.954039 0.478170 
1444.000000 -1875.871277 0.478532 
1445.000000 -1875.871277 0.478201 
1446.000000 -1875.871277 0.477870 
1447.000000 -1908.031606 0.478231 
1448.000000 -1981.572153 0.478591 
1449.000000 -1981.572153 0.478261 
1450.000000 -1981.572153 0.477931 
1451.000000 -1981.572153 0.477602 
1452.000000 -1981.572153 0.477273 
1453.000000 -1981.572153 0.476944 
1454.000000 -1911.096099 0.477304 
1455.000000 -2174.777455 0.477663 
1456.000000 -2174.777455 0.477335 
1457.000000 -1711.056483 0.477694 
1458.000000 -1711.056483 0.477366 
1459.000000 -1711.056483 0.477039 
1460.000000 -2227.747591 0.477397 
1461.000000 -2497.308791 0.477755 
1462.000000 -2497.308791 0.477428 
1463.000000 -2229.084929 0.477785 
1464.000000 -2229.084929 0.477459 
1465.000000 -2229.084929 0.477133 
1466.000000 -2123.492383 0.477490 
1467.000000 -2432.871484 0.477846 
1468.000000 -2432.871484 0.477520 
1469.000000 -2332.471778 0.477876 
1470.000000 -2443.648636 0.478231 
1471.000000 -2443.648636 0.477906 
1472.000000 -2443.648636 0.477582 
1473.000000 -2443.648636 0.477257 
1474.000000 -2554.386187 0.477612 
1475.000000 -2480.887562 0.477966 
1476.000000 -2480.887562 0.477642 
1477.000000 -2277.875999 0.477996 
1478.000000 -2277.875999 0.477673 
1479.000000 -2277.875999 0.477350 
1480.000000 -2277.875999 0.477027 
1481.000000 -2081.193474 0.477380 
1482.000000 -2081.193474 0.477058 
1483.000000 -2081.193474 0.476736 
1484.000000 -2081.193474 0.476415 
1485.000000 -2081.193474 0.476094 
1486.000000 -2081.193474 0.475774 
1487.000000 -2090.585898 0.476126 
1488.000000 -1802.704819 0.476478 
1489.000000 -1868.259046 0.476830 
1490.000000 -1868.259046 0.476510 
1491.000000 -1868.259046 0.476190 
1492.000000 -1868.259046 0.475871 
1493.000000 -1868.259046 0.475553 
1494.000000 -1868.259046 0.475234 
1495.000000 -2209.558802 0.475585 
1496.000000 -1885.817496 0.475936 
1497.000000 -2092.972266 0.476286 
1498.000000 -2092.972266 0.475968 
1499.000000 -2092.972266 0.475650 
1500.000000 -1954.800793 0.476000 
1501.000000 -1969.027341 0.476349 
1502.000000 -1407.305286 0.476698 
1503.000000 -1492.374958 0.477046 
1504.000000 -1786.522787 0.477394 
1505.000000 -1786.522787 0.477076 
1506.000000 -1652.555691 0.477424 
1507.000000 -1652.555691 0.477107 
1508.000000 -1729.319620 0.477454 
1509.000000 -1729.319620 0.477137 
1510.000000 -1729.319620 0.476821 
1511.000000 -1729.319620 0.476506 
1512.000000 -1838.156462 0.476852 
1513.000000 -1838.156462 0.476537 
1514.000000 -2462.373616 0.476882 
1515.000000 -2223.639923 0.477228 
1516.000000 -1341.143850 0.477573 
1517.000000 -1341.143850 0.477258 
1518.000000 -1341.143850 0.476943 
1519.000000 -1341.143850 0.476629 
1520.000000 -1862.605704 0.476974 
1521.000000 -1862.605704 0.476660 
1522.000000 -1862.605704 0.476347 
1523.000000 -1955.624028 0.476691 
1524.000000 -1955.624028 0.476378 
1525.000000 -2102.566178 0.476721 
1526.000000 -2167.944819 0.477064 
1527.000000 -1392.163291 0.477407 
1528.000000 -1392.163291 0.477094 
1529.000000 -1392.163291 0.476782 
1530.000000 -1392.163291 0.476471 
1531.000000 -1763.410676 0.476813 
1532.000000 -1763.410676 0.476501 
1533.000000 -1531.120416 0.476843 
1534.000000 -1531.120416 0.476532 
1535.000000 -1531.120416 0.476221 
1536.000000 -1531.120416 0.475911 
1537.000000 -874.882081 0.476252 
1538.000000 -874.882081 0.475943 
1539.000000 -874.882081 0.475634 
1540.000000 -1740.772790 0.475974 
1541.000000 -885.864846 0.476314 
1542.000000 -885.864846 0.476005 
1543.000000 -1264.987161 0.476345 
1544.000000 -1536.337098 0.476684 
1545.000000 -1536.337098 0.476375 
1546.000000 -1536.337098 0.476067 
1547.000000 -1536.337098 0.475760 
1548.000000 -2210.533938 0.476098 
1549.000000 -2210.533938 0.475791 
1550.000000 -2210.533938 0.475484 
1551.000000 -2021.012682 0.475822 
1552.000000 -2021.012682 0.475515 
1553.000000 -2064.790655 0.475853 
1554.000000 -2064.790655 0.475547 
1555.000000 -2064.790655 0.475241 
1556.000000 -1997.333966 0.475578 
1557.000000 -1997.333966 0.475273 
1558.000000 -1997.333966 0.474968 
1559.000000 -1764.157109 0.475305 
1560.000000 -2277.360789 0.475641 
1561.000000 -2277.360789 0.475336 
1562.000000 -2277.360789 0.475032 
1563.000000 -2277.360789 0.474728 
1564.000000 -2277.360789 0.474425 
1565.000000 -1826.983551 0.474760 
1566.000000 -2311.107844 0.475096 
1567.000000 -2311.107844 0.474793 
1568.000000 -1261.415434 0.475128 
1569.000000 -1351.183667 0.475462 
1570.000000 -2625.225235 0.475796 
1571.000000 -2487.677132 0.476130 
1572.000000 -2487.677132 0.475827 
1573.000000 -2487.677132 0.475524 
1574.000000 -2487.677132 0.475222 
1575.000000 -2487.677132 0.474921 
1576.000000 -2487.677132 0.474619 
1577.000000 -2487.677132 0.474318 
1578.000000 -2487.677132 0.474018 
1579.000000 -2487.677132 0.473718 
1580.000000 -2406.188628 0.474051 
1581.000000 -2587.485740 0.474383 
1582.000000 -2136.796731 0.474716 
1583.000000 -2136.796731 0.474416 
1584.000000 -2136.796731 0.474116 
1585.000000 -2078.046212 0.474448 
1586.000000 -2146.982568 0.474779 
1587.000000 -2146.982568 0.474480 
1588.000000 -2146.982568 0.474181 
1589.000000 -2146.982568 0.473883 
1590.000000 -2527.687064 0.474214 
1591.000000 -2527.687064 0.473916 
1592.000000 -1986.610312 0.474246 
1593.000000 -1828.324364 0.474576 
1594.000000 -3176.683911 0.474906 
1595.000000 -2417.284976 0.475235 
1596.000000 -2417.284976 0.474937 
1597.000000 -2245.334248 0.475266 
1598.000000 -2245.334248 0.474969 
1599.000000 -2245.334248 0.474672 
1600.000000 -2245.334248 0.474375 
1601.000000 -2500.769684 0.474703 
1602.000000 -2500.769684 0.474407 
1603.000000 -2657.741109 0.474735 
1604.000000 -2657.741109 0.474439 
1605.000000 -2657.741109 0.474143 
1606.000000 -2657.741109 0.473848 
1607.000000 -2450.708302 0.474175 
1608.000000 -2450.708302 0.473881 
1609.000000 -2450.708302 0.473586 
1610.000000 -2578.590286 0.473913 
1611.000000 -2612.844499 0.474240 
1612.000000 -2612.844499 0.473945 
1613.000000 -2612.844499 0.473652 
1614.000000 -2458.112335 0.473978 
1615.000000 -2458.112335 0.473684 
1616.000000 -2458.112335 0.473391 
1617.000000 -2350.752465 0.473717 
1618.000000 -2558.041370 0.474042 
1619.000000 -2558.041370 0.473749 
1620.000000 -2467.289451 0.474074 
1621.000000 -2467.289451 0.473782 
1622.000000 -2327.822524 0.474106 
1623.000000 -2327.822524 0.473814 
1624.000000 -2333.009540 0.474138 
1625.000000 -2325.356116 0.474462 
1626.000000 -2325.356116 0.474170 
1627.000000 -2431.821434 0.474493 
1628.000000 -2431.821434 0.474201 
1629.000000 -2431.821434 0.473910 
1630.000000 -2317.278474 0.474233 
1631.000000 -2317.278474 0.473942 
1632.000000 -2404.156607 0.474265 
1633.000000 -2246.753904 0.474587 
1634.000000 -2246.753904 0.474296 
1635.000000 -2246.753904 0.474006 
1636.000000 -2246.753904 0.473716 
1637.000000 -2246.753904 0.473427 
1638.000000 -2246.753904 0.473138 
1639.000000 -2246.753904 0.472849 
1640.000000 -2255.399986 0.473171 
1641.000000 -2235.314074 0.473492 
1642.000000 -2235.314074 0.473203 
1643.000000 -2235.314074 0.472915 
1644.000000 -2235.314074 0.472628 
1645.000000 -2235.314074 0.472340 
1646.000000 -2235.314074 0.472053 
1647.000000 -2339.091745 0.472374 
1648.000000 -2339.091745 0.472087 
1649.000000 -2339.091745 0.471801 
1650.000000 -2066.730280 0.472121 
1651.000000 -2066.730280 0.471835 
1652.000000 -2286.984940 0.472155 
1653.000000 -2214.787743 0.472474 
1654.000000 -2145.922669 0.472793 
1655.000000 -2145.922669 0.472508 
1656.000000 -2066.143207 0.472826 
1657.000000 -2165.214572 0.473144 
1658.000000 -2165.214572 0.472859 
1659.000000 -2382.826661 0.473177 
1660.000000 -2212.901479 0.473494 
1661.000000 -2330.446228 0.473811 
1662.000000 -2247.487198 0.474128 
1663.000000 -2247.487198 0.473842 
1664.000000 -2247.487198 0.473558 
1665.000000 -2134.753887 0.473874 
1666.000000 -1939.656440 0.474190 
1667.000000 -1725.143165 0.474505 
1668.000000 -1725.143165 0.474221 
1669.000000 -1978.001970 0.474536 
1670.000000 -1978.001970 0.474251 
1671.000000 -1887.978099 0.474566 
1672.000000 -1887.978099 0.474282 
1673.000000 -2175.558120 0.474597 
1674.000000 -2175.558120 0.474313 
1675.000000 -2091.678686 0.474627 
1676.000000 -2091.678686 0.474344 
1677.000000 -2026.545349 0.474657 
1678.000000 -1229.872214 0.474970 
1679.000000 -1793.476234 0.475283 
1680.000000 -1911.274236 0.475595 
1681.000000 -1911.274236 0.475312 
1682.000000 -1911.274236 0.475030 
1683.000000 -1911.274236 0.474747 
1684.000000 -1911.274236 0.474466 
1685.000000 -1911.274236 0.474184 
1686.000000 -1911.274236 0.473903 
1687.000000 -1911.274236 0.473622 
1688.000000 -1984.184155 0.473934 
1689.000000 -1984.184155 0.473653 
1690.000000 -1736.047008 0.473964 
1691.000000 -1736.047008 0.473684 
1692.000000 -1736.047008 0.473404 
1693.000000 -680.871920 0.473715 
1694.000000 -680.871920 0.473436 
1695.000000 -680.871920 0.473156 
1696.000000 -118.770315 0.473467 
1697.000000 -118.770315 0.473188 
1698.000000 -1183.678894 0.473498 
1699.000000 -1463.212527 0.473808 
1700.000000 -1463.212527 0.473529 
1701.000000 -1463.212527 0.473251 
1702.000000 -1463.212527 0.472973 
1703.000000 -1463.212527 0.472695 
1704.000000 -1357.635806 0.473005 
1705.000000 -1357.635806 0.472727 
1706.000000 -1357.635806 0.472450 
1707.000000 -1878.462782 0.472759 
1708.000000 -1878.462782 0.472482 
1709.000000 -1878.462782 0.472206 
1710.000000 -1878.462782 0.471930 
1711.000000 -1878.462782 0.471654 
1712.000000 -1878.462782 0.471379 
1713.000000 -1476.487095 0.471687 
1714.000000 -2203.367238 0.471995 
1715.000000 -2309.592510 0.472303 
1716.000000 -2189.690393 0.472611 
1717.000000 -2079.824537 0.472918 
1718.000000 -1576.329497 0.473225 
1719.000000 -2078.246529 0.473531 
1720.000000 -2078.246529 0.473256 
1721.000000 -2078.246529 0.472981 
1722.000000 -2078.246529 0.472706 
1723.000000 -2573.024984 0.473012 
1724.000000 -2573.024984 0.472738 
1725.000000 -2573.024984 0.472464 
1726.000000 -1844.530444 0.472769 
1727.000000 -2083.608920 0.473075 
1728.000000 -2083.608920 0.472801 
1729.000000 -2669.422171 0.473106 
1730.000000 -2231.526003 0.473410 
1731.000000 -2231.526003 0.473137 
1732.000000 -2130.556710 0.473441 
1733.000000 -2216.281431 0.473745 
1734.000000 -2500.817628 0.474048 
1735.000000 -2259.819959 0.474352 
1736.000000 -2259.819959 0.474078 
1737.000000 -2566.777692 0.474381 
1738.000000 -2566.777692 0.474108 
1739.000000 -2566.777692 0.473836 
1740.000000 -2566.777692 0.473563 
1741.000000 -2235.469440 0.473866 
1742.000000 -2235.469440 0.473594 
1743.000000 -2181.496736 0.473896 
1744.000000 -2181.496736 0.473624 
1745.000000 -2315.158541 0.473926 
1746.000000 -2315.158541 0.473654 
1747.000000 -2214.242592 0.473955 
1748.000000 -2291.463238 0.474256 
1749.000000 -2352.750815 0.474557 
1750.000000 -2352.750815 0.474286 
1751.000000 -2022.272398 0.474586 
1752.000000 -1540.514207 0.474886 
1753.000000 -1540.514207 0.474615 
1754.000000 -1540.514207 0.474344 
1755.000000 -1540.514207 0.474074 
1756.000000 -1262.447403 0.474374 
1757.000000 -2249.781609 0.474673 
1758.000000 -1627.275394 0.474972 
1759.000000 -1627.275394 0.474702 
1760.000000 -2375.893265 0.475000 
1761.000000 -1599.028113 0.475298 
1762.000000 -1599.028113 0.475028 
1763.000000 -2352.893007 0.475326 
1764.000000 -2436.656840 0.475624 
1765.000000 -2436.656840 0.475354 
1766.000000 -2293.449716 0.475651 
1767.000000 -2537.206722 0.475948 
1768.000000 -2474.600736 0.476244 
1769.000000 -2480.199016 0.476540 
1770.000000 -2324.783504 0.476836 
1771.000000 -1941.070591 0.477132 
1772.000000 -2371.935891 0.477427 
1773.000000 -2075.361738 0.477721 
1774.000000 -2205.811723 0.478016 
1775.000000 -2205.811723 0.477746 
1776.000000 -2205.811723 0.477477 
1777.000000 -2205.811723 0.477209 
1778.000000 -2237.476584 0.477503 
1779.000000 -2237.476584 0.477234 
1780.000000 -2330.488489 0.477528 
1781.000000 -2330.488489 0.477260 
1782.000000 -2284.400856 0.477553 
1783.000000 -2190.287191 0.477846 
1784.000000 -1882.674975 0.478139 
1785.000000 -1882.674975 0.477871 
1786.000000 -2385.695625 0.478163 
1787.000000 -2385.695625 0.477896 
1788.000000 -2385.695625 0.477629 
1789.000000 -2385.695625 0.477362 
1790.000000 -2159.082448 0.477654 
1791.000000 -2225.813314 0.477945 
1792.000000 -2225.813314 0.477679 
1793.000000 -1915.698291 0.477970 
1794.000000 -1915.698291 0.477703 
1795.000000 -1915.698291 0.477437 
1796.000000 -1915.698291 0.477171 
1797.000000 -2281.029032 0.477462 
1798.000000 -2281.029032 0.477197 
1799.000000 -2241.556807 0.477487 
1800.000000 -2241.556807 0.477222 
1801.000000 -2371.472857 0.477512 
1802.000000 -1844.605485 0.477802 
1803.000000 -2350.999995 0.478092 
1804.000000 -2181.993255 0.478381 
1805.000000 -2181.993255 0.478116 
1806.000000 -2146.458170 0.478405 
1807.000000 -2181.198323 0.478694 
1808.000000 -2181.198323 0.478429 
1809.000000 -2001.016649 0.478718 
1810.000000 -2001.016649 0.478453 
1811.000000 -2134.300370 0.478741 
1812.000000 -2356.106942 0.479029 
1813.000000 -2100.566666 0.479316 
1814.000000 -1868.579118 0.479603 
1815.000000 -2147.215269 0.479890 
1816.000000 -1797.617665 0.480176 
1817.000000 -2275.335414 0.480462 
1818.000000 -2080.682145 0.480748 
1819.000000 -2080.682145 0.480484 
1820.000000 -2080.682145 0.480220 
1821.000000 -2080.682145 0.479956 
1822.000000 -2516.659780 0.480241 
1823.000000 -2516.659780 0.479978 
1824.000000 -2516.659780 0.479715 
1825.000000 -2550.601257 0.480000 
1826.000000 -2550.601257 0.479737 
1827.000000 -2351.690194 0.480022 
1828.000000 -2351.690194 0.479759 
1829.000000 -2072.662760 0.480044 
1830.000000 -2072.662760 0.479781 
1831.000000 -2072.662760 0.479519 
1832.000000 -2072.662760 0.479258 
1833.000000 -2072.662760 0.478996 
1834.000000 -2072.662760 0.478735 
1835.000000 -2036.500934 0.479019 
1836.000000 -2036.500934 0.478758 
1837.000000 -2036.500934 0.478498 
1838.000000 -2061.892340 0.478781 
1839.000000 -2061.892340 0.478521 
1840.000000 -2119.271791 0.478804 
1841.000000 -2119.271791 0.478544 
1842.000000 -2119.271791 0.478284 
1843.000000 -2120.601598 0.478568 
1844.000000 -2120.601598 0.478308 
1845.000000 -1911.525003 0.478591 
1846.000000 -1911.525003 0.478332 
1847.000000 -2047.336456 0.478614 
1848.000000 -2379.422331 0.478896 
1849.000000 -2032.367281 0.479178 
1850.000000 -2173.220957 0.479459 
1851.000000 -2173.220957 0.479200 
1852.000000 -2173.220957 0.478942 
1853.000000 -1957.122097 0.479223 
1854.000000 -1957.122097 0.478964 
1855.000000 -1518.719204 0.479245 
1856.000000 -1518.719204 0.478987 
1857.000000 -1564.029456 0.479268 
1858.000000 -2265.541895 0.479548 
1859.000000 -1886.253737 0.479828 
1860.000000 -1990.385887 0.480108 
1861.000000 -2256.405172 0.480387 
1862.000000 -2256.405172 0.480129 
1863.000000 -2256.405172 0.479871 
1864.000000 -2344.455321 0.480150 
1865.000000 -2344.455321 0.479893 
1866.000000 -2344.455321 0.479636 
1867.000000 -2344.455321 0.479379 
1868.000000 -2294.785455 0.479657 
1869.000000 -2294.785455 0.479401 
1870.000000 -2294.785455 0.479144 
1871.000000 -2264.011157 0.479423 
1872.000000 -2102.338270 0.479701 
1873.000000 -2102.338270 0.479445 
1874.000000 -2442.504908 0.479723 
1875.000000 -2251.128886 0.480000 
1876.000000 -2444.364728 0.480277 
1877.000000 -2444.364728 0.480021 
1878.000000 -2444.364728 0.479766 
1879.000000 -2444.364728 0.479510 
1880.000000 -2444.364728 0.479255 
1881.000000 -2444.364728 0.479001 
1882.000000 -2444.364728 0.478746 
1883.000000 -2444.364728 0.478492 
1884.000000 -2265.042941 0.478769 
1885.000000 -2265.042941 0.478515 
1886.000000 -1872.986270 0.478791 
1887.000000 -1872.986270 0.478537 
1888.000000 -2624.372470 0.478814 
1889.000000 -2327.714521 0.479089 
1890.000000 -2412.426567 0.479365 
1891.000000 -2412.426567 0.479112 
1892.000000 -2465.295004 0.479387 
1893.000000 -2131.075683 0.479662 
1894.000000 -2131.075683 0.479409 
1895.000000 -1986.104124 0.479683 
1896.000000 -1986.104124 0.479430 
1897.000000 -1986.104124 0.479178 
1898.000000 -1986.104124 0.478925 
1899.000000 -1986.104124 0.478673 
1900.000000 -1909.885320 0.478947 
1901.000000 -2196.470307 0.479221 
1902.000000 -2340.926537 0.479495 
1903.000000 -1840.721154 0.479769 
1904.000000 -1840.721154 0.479517 
1905.000000 -1840.721154 0.479265 
1906.000000 -1840.721154 0.479014 
1907.000000 -1840.721154 0.478762 
1908.000000 -1925.100214 0.479036 
1909.000000 -1925.100214 0.478785 
1910.000000 -1288.330524 0.479058 
1911.000000 1601.210972 0.479330 
1912.000000 1601.210972 0.479079 
1913.000000 -949.533274 0.479352 
1914.000000 630.350036 0.479624 
1915.000000 630.350036 0.479373 
1916.000000 630.350036 0.479123 
1917.000000 45.839878 0.479395 
1918.000000 -1503.409161 0.479666 
1919.000000 -1503.409161 0.479416 
1920.000000 -2257.125685 0.479687 
1921.000000 -2257.125685 0.479438 
1922.000000 -2257.125685 0.479188 
1923.000000 -2257.125685 0.478939 
1924.000000 -2257.125685 0.478690 
1925.000000 -2257.125685 0.478442 
1926.000000 -1945.828768 0.478712 
1927.000000 -1945.828768 0.478464 
1928.000000 -1945.828768 0.478216 
1929.000000 -1683.978364 0.478486 
1930.000000 -1683.978364 0.478238 
1931.000000 -1683.978364 0.477991 
1932.000000 -1683.978364 0.477743 
1933.000000 -2622.168845 0.478013 
1934.000000 -998.431596 0.478283 
1935.000000 -998.431596 0.478036 
1936.000000 -451.893839 0.478306 
1937.000000 -451.893839 0.478059 
1938.000000 -1206.994446 0.478328 
1939.000000 -1383.857872 0.478597 
1940.000000 -1383.857872 0.478351 
1941.000000 -1383.857872 0.478104 
1942.000000 -1383.857872 0.477858 
1943.000000 -1383.857872 0.477612 
1944.000000 -1383.857872 0.477366 
1945.000000 -1383.857872 0.477121 
1946.000000 -1383.857872 0.476876 
1947.000000 -1383.857872 0.476631 
1948.000000 -1383.857872 0.476386 
1949.000000 -1614.421976 0.476655 
1950.000000 -1614.421976 0.476410 
1951.000000 -1614.421976 0.476166 
1952.000000 -1802.612016 0.476434 
1953.000000 -1802.612016 0.476190 
1954.000000 -2628.166521 0.476459 
1955.000000 -1881.934998 0.476726 
1956.000000 -1881.934998 0.476483 
1957.000000 -2231.875369 0.476750 
1958.000000 -2231.875369 0.476507 
1959.000000 -2231.875369 0.476263 
1960.000000 -2231.875369 0.476020 
1961.000000 -2231.875369 0.475778 
1962.000000 -2231.875369 0.475535 
1963.000000 -2231.875369 0.475293 
1964.000000 -1870.054441 0.475560 
1965.000000 -1870.054441 0.475318 
1966.000000 -1870.054441 0.475076 
1967.000000 -1509.764702 0.475343 
1968.000000 -2107.388983 0.475610 
1969.000000 -1411.942621 0.475876 
1970.000000 -2224.103008 0.476142 
1971.000000 -1498.893103 0.476408 
1972.000000 -1683.177451 0.476673 
1973.000000 -754.311742 0.476939 
1974.000000 -1943.832305 0.477204 
1975.000000 -1943.832305 0.476962 
1976.000000 -1209.479120 0.477227 
1977.000000 -1209.479120 0.476985 
1978.000000 -2144.386172 0.477250 
1979.000000 -1672.714338 0.477514 
1980.000000 -1900.129651 0.477778 
1981.000000 -1900.129651 0.477537 
1982.000000 -1900.129651 0.477296 
1983.000000 -2327.035634 0.477559 
1984.000000 -2327.035634 0.477319 
1985.000000 -2327.035634 0.477078 
1986.000000 -2327.035634 0.476838 
1987.000000 -2327.035634 0.476598 
1988.000000 -2327.035634 0.476358 
1989.000000 -1820.306165 0.476621 
1990.000000 -1861.341756 0.476884 
1991.000000 -2010.354051 0.477147 
1992.000000 -1688.920164 0.477410 
1993.000000 -2073.069832 0.477672 
1994.000000 -2297.466773 0.477934 
1995.000000 -2297.466773 0.477694 
1996.000000 -2297.466773 0.477455 
1997.000000 -2054.110184 0.477717 
1998.000000 -2054.110184 0.477477 
1999.000000 -2054.110184 0.477239 
2000.000000 -2376.937143 0.477500 
2001.000000 -2376.937143 0.477261 
2002.000000 -1749.383892 0.477522 
2003.000000 -1749.383892 0.477284 
2004.000000 -1329.325984 0.477545 
2005.000000 -2137.125312 0.477805 
2006.000000 -2137.125312 0.477567 
2007.000000 -2137.125312 0.477329 
2008.000000 -2137.125312 0.477092 
2009.000000 -1335.043217 0.477352 
2010.000000 -1335.043217 0.477114 
2011.000000 -1585.091990 0.477374 
2012.000000 -2847.888783 0.477634 
2013.000000 -2847.888783 0.477397 
2014.000000 -2469.113007 0.477656 
2015.000000 -2469.113007 0.477419 
2016.000000 -2469.113007 0.477183 
2017.000000 -2265.326773 0.477442 
2018.000000 -2265.326773 0.477205 
2019.000000 -2069.172110 0.477464 
2020.000000 -2069.172110 0.477228 
2021.000000 -2069.172110 0.476992 
2022.000000 -2069.172110 0.476756 
2023.000000 -2069.172110 0.476520 
2024.000000 -2069.172110 0.476285 
2025.000000 -2228.801654 0.476543 
2026.000000 -2073.750636 0.476802 
2027.000000 -1660.688661 0.477060 
2028.000000 -1660.688661 0.476824 
2029.000000 -1660.688661 0.476589 
2030.000000 -2065.683731 0.476847 
2031.000000 -2273.288779 0.477105 
2032.000000 -2323.215259 0.477362 
2033.000000 -2323.215259 0.477127 
2034.000000 -2323.215259 0.476893 
2035.000000 -2250.996447 0.477150 
2036.000000 -1804.168856 0.477407 
2037.000000 -2196.671487 0.477663 
2038.000000 -2006.049418 0.477920 
2039.000000 -2039.348612 0.478176 
2040.000000 -2039.348612 0.477941 
2041.000000 -2220.704679 0.478197 
2042.000000 -2059.901197 0.478452 
2043.000000 -2059.901197 0.478218 
2044.000000 -1898.083174 0.478474 
2045.000000 -1825.479729 0.478729 
2046.000000 -1825.479729 0.478495 
2047.000000 -1825.479729 0.478261 
2048.000000 -2169.801993 0.478516 
2049.000000 -1892.376472 0.478770 
2050.000000 -1892.376472 0.478537 
2051.000000 -1892.376472 0.478303 
2052.000000 -1892.376472 0.478070 
2053.000000 -2292.686526 0.478324 
2054.000000 -2292.686526 0.478092 
2055.000000 -2292.686526 0.477859 
2056.000000 -2292.686526 0.477626 
2057.000000 -2207.818302 0.477880 
2058.000000 -2109.166596 0.478134 
2059.000000 -2109.166596 0.477902 
2060.000000 -2354.834025 0.478155 
2061.000000 -2354.834025 0.477923 
2062.000000 -2354.834025 0.477692 
2063.000000 -2055.033074 0.477945 
2064.000000 -2055.033074 0.477713 
2065.000000 -2215.859361 0.477966 
2066.000000 -2215.859361 0.477735 
2067.000000 -2215.859361 0.477504 
2068.000000 -2177.587846 0.477756 
2069.000000 -2177.587846 0.477525 
2070.000000 -2136.940233 0.477778 
2071.000000 -2136.940233 0.477547 
2072.000000 -2136.940233 0.477317 
2073.000000 -2136.940233 0.477086 
2074.000000 -2133.192240 0.477338 
2075.000000 -2013.817926 0.477590 
2076.000000 -2013.817926 0.477360 
2077.000000 -2233.093571 0.477612 
2078.000000 -1986.365639 0.477863 
2079.000000 -1986.365639 0.477633 
2080.000000 -1986.365639 0.477404 
2081.000000 -2054.052815 0.477655 
2082.000000 -2100.678845 0.477906 
2083.000000 -2088.160348 0.478157 
2084.000000 -2047.587394 0.478407 
2085.000000 -2047.587394 0.478177 
2086.000000 -2047.587394 0.477948 
2087.000000 -2047.587394 0.477719 
2088.000000 -2047.587394 0.477490 
2089.000000 -2047.587394 0.477262 
2090.000000 -2047.587394 0.477033 
2091.000000 -2047.587394 0.476805 
2092.000000 -2047.587394 0.476577 
2093.000000 -2047.587394 0.476350 
2094.000000 -2047.587394 0.476122 
2095.000000 -2047.587394 0.475895 
2096.000000 -2047.587394 0.475668 
2097.000000 -2047.587394 0.475441 
2098.000000 -2047.587394 0.475214 
2099.000000 -2047.587394 0.474988 
2100.000000 -2047.587394 0.474762 
2101.000000 -2057.311698 0.475012 
2102.000000 -2057.311698 0.474786 
2103.000000 -2057.311698 0.474560 
2104.000000 -2235.490654 0.474810 
2105.000000 -2074.943703 0.475059 
2106.000000 -2074.943703 0.474834 
2107.000000 -2074.943703 0.474608 
2108.000000 -2074.943703 0.474383 
2109.000000 -2074.943703 0.474158 
2110.000000 -1889.583912 0.474408 
2111.000000 -1889.583912 0.474183 
2112.000000 -1889.583912 0.473958 
2113.000000 -1678.811960 0.474207 
2114.000000 -1144.199348 0.474456 
2115.000000 -2085.881676 0.474704 
2116.000000 -1803.638473 0.474953 
2117.000000 -2333.767166 0.475201 
2118.000000 -1415.613331 0.475449 
2119.000000 -2104.311840 0.475696 
2120.000000 -1477.108651 0.475943 
2121.000000 -1477.108651 0.475719 
2122.000000 -1477.108651 0.475495 
2123.000000 -1541.920720 0.475742 
2124.000000 -1541.920720 0.475518 
2125.000000 -2067.585352 0.475765 
2126.000000 -2067.585352 0.475541 
2127.000000 -2067.585352 0.475317 
2128.000000 -2315.702981 0.475564 
2129.000000 -1881.493776 0.475810 
2130.000000 -1471.594960 0.476056 
2131.000000 -2375.563928 0.476302 
2132.000000 -2375.563928 0.476079 
2133.000000 -2268.693468 0.476324 
2134.000000 -2268.693468 0.476101 
2135.000000 -2268.693468 0.475878 
2136.000000 -2268.693468 0.475655 
2137.000000 -1838.134568 0.475901 
2138.000000 -1838.134568 0.475678 
2139.000000 -1838.134568 0.475456 
2140.000000 506.054360 0.475701 
2141.000000 506.054360 0.475479 
2142.000000 506.054360 0.475257 
2143.000000 506.054360 0.475035 
2144.000000 506.054360 0.474813 
2145.000000 506.054360 0.474592 
2146.000000 506.054360 0.474371 
2147.000000 506.054360 0.474150 
2148.000000 -2365.015437 0.474395 
2149.000000 -2365.015437 0.474174 
2150.000000 -2515.660179 0.474419 
2151.000000 -2746.179172 0.474663 
2152.000000 -2746.179172 0.474442 
2153.000000 -2393.809060 0.474686 
2154.000000 -2284.555418 0.474930 
2155.000000 -2287.855041 0.475174 
2156.000000 -2287.855041 0.474954 
2157.000000 -1900.010492 0.475197 
2158.000000 -2406.227894 0.475440 
2159.000000 -2406.227894 0.475220 
2160.000000 -1753.174516 0.475463 
2161.000000 -2830.098770 0.475706 
2162.000000 -2453.716822 0.475948 
2163.000000 -2453.716822 0.475728 
2164.000000 -2484.174072 0.475970 
2165.000000 -2484.174072 0.475751 
2166.000000 -2484.174072 0.475531 
2167.000000 -2628.344408 0.475773 
2168.000000 -2628.344408 0.475554 
2169.000000 -2628.344408 0.475334 
2170.000000 -2628.344408 0.475115 
2171.000000 -2628.344408 0.474896 
2172.000000 -2628.344408 0.474678 
2173.000000 -2628.344408 0.474459 
2174.000000 -2604.305209 0.474701 
2175.000000 -2483.575454 0.474943 
2176.000000 -2483.575454 0.474724 
2177.000000 -2490.536515 0.474966 
2178.000000 -2490.536515 0.474747 
2179.000000 -2490.536515 0.474530 
2180.000000 -2490.536515 0.474312 
2181.000000 -2490.536515 0.474094 
2182.000000 -2490.536515 0.473877 
2183.000000 -2490.536515 0.473660 
2184.000000 -2132.746146 0.473901 
2185.000000 -2132.746146 0.473684 
2186.000000 -2132.746146 0.473468 
2187.000000 -2132.746146 0.473251 
2188.000000 -2336.140723 0.473492 
2189.000000 -2401.064077 0.473732 
2190.000000 -2401.064077 0.473516 
2191.000000 -2549.767928 0.473756 
2192.000000 -3029.796873 0.473996 
2193.000000 -3029.796873 0.473780 
2194.000000 -2799.366807 0.474020 
2195.000000 -2799.366807 0.473804 
2196.000000 -2799.366807 0.473588 
2197.000000 -2799.366807 0.473373 
2198.000000 -2799.366807 0.473157 
2199.000000 -2490.511269 0.473397 
2200.000000 -3063.995524 0.473636 
2201.000000 -3063.995524 0.473421 
2202.000000 -3063.995524 0.473206 
2203.000000 -3063.995524 0.472991 
2204.000000 -3063.995524 0.472777 
2205.000000 -3063.995524 0.472562 
2206.000000 -3063.995524 0.472348 
2207.000000 -3063.995524 0.472134 
2208.000000 -3063.995524 0.471920 
2209.000000 -3063.995524 0.471707 
2210.000000 -3063.995524 0.471493 
2211.000000 -3063.995524 0.471280 
2212.000000 -3063.995524 0.471067 
2213.000000 -3063.995524 0.470854 
2214.000000 -3063.995524 0.470641 
2215.000000 -2857.494781 0.470880 
2216.000000 -2857.494781 0.470668 
2217.000000 -2857.494781 0.470456 
2218.000000 -2857.494781 0.470243 
2219.000000 -2857.494781 0.470032 
2220.000000 -2135.968943 0.470270 
2221.000000 -2567.131533 0.470509 
2222.000000 -2567.131533 0.470297 
2223.000000 -2567.131533 0.470085 
2224.000000 -2848.412500 0.470324 
2225.000000 -2848.412500 0.470112 
2226.000000 -2848.412500 0.469901 
2227.000000 -2848.412500 0.469690 
2228.000000 -2301.151416 0.469928 
2229.000000 -2301.151416 0.469717 
2230.000000 -2301.151416 0.469507 
2231.000000 -2629.071303 0.469745 
2232.000000 -2630.769585 0.469982 
2233.000000 -2630.769585 0.469772 
2234.000000 -2945.343041 0.470009 
2235.000000 -2840.426203 0.470246 
2236.000000 -2487.766972 0.470483 
2237.000000 -2734.648188 0.470720 
2238.000000 -2732.877237 0.470956 
2239.000000 -2732.877237 0.470746 
2240.000000 -2732.877237 0.470536 
2241.000000 -2732.877237 0.470326 
2242.000000 -2732.877237 0.470116 
2243.000000 -2732.877237 0.469906 
2244.000000 -2641.470746 0.470143 
2245.000000 -2774.470685 0.470379 
2246.000000 -2585.906233 0.470614 
2247.000000 -2585.906233 0.470405 
2248.000000 -2585.906233 0.470196 
2249.000000 -2593.695761 0.470431 
2250.000000 -2593.695761 0.470222 
2251.000000 -2593.695761 0.470013 
2252.000000 -2729.828961 0.470249 
2253.000000 -2821.053135 0.470484 
2254.000000 -2323.120272 0.470719 
2255.000000 -2323.120272 0.470510 
2256.000000 -2323.120272 0.470301 
2257.000000 -2639.944832 0.470536 
2258.000000 -2639.944832 0.470328 
2259.000000 -2620.551225 0.470562 
2260.000000 -2620.551225 0.470354 
2261.000000 -2620.551225 0.470146 
2262.000000 -2620.551225 0.469938 
2263.000000 -2620.551225 0.469730 
2264.000000 -2620.551225 0.469523 
2265.000000 -2620.551225 0.469316 
2266.000000 -2520.038728 0.469550 
2267.000000 -2559.997270 0.469784 
2268.000000 -2559.997270 0.469577 
2269.000000 -2475.411716 0.469810 
2270.000000 -2627.049267 0.470044 
2271.000000 -2586.040041 0.470277 
2272.000000 -2586.040041 0.470070 
2273.000000 -2586.040041 0.469864 
2274.000000 -2587.190785 0.470097 
2275.000000 -2587.190785 0.469890 
2276.000000 -2587.190785 0.469684 
2277.000000 -2598.369403 0.469917 
2278.000000 -2598.369403 0.469710 
2279.000000 -2598.369403 0.469504 
2280.000000 -2598.369403 0.469298 
2281.000000 -2615.134854 0.469531 
2282.000000 -2615.134854 0.469325 
2283.000000 -2615.134854 0.469120 
2284.000000 -2615.134854 0.468914 
2285.000000 -2247.165247 0.469147 
2286.000000 -2247.165247 0.468941 
2287.000000 -2753.400145 0.469174 
2288.000000 -2898.138207 0.469406 
2289.000000 -2898.138207 0.469201 
2290.000000 -2898.138207 0.468996 
2291.000000 -2827.106794 0.469227 
2292.000000 -2827.106794 0.469023 
2293.000000 -3085.834020 0.469254 
2294.000000 -2809.940951 0.469486 
2295.000000 -2809.940951 0.469281 
2296.000000 -2728.019375 0.469512 
2297.000000 -2728.019375 0.469308 
2298.000000 -3134.696407 0.469539 
2299.000000 -3134.696407 0.469334 
2300.000000 -3134.696407 0.469130 
2301.000000 -3134.696407 0.468927 
2302.000000 -3134.696407 0.468723 
2303.000000 -2878.997796 0.468954 
2304.000000 -2917.226415 0.469184 
2305.000000 -2917.226415 0.468980 
2306.000000 -2716.149031 0.469211 
2307.000000 -2716.149031 0.469007 
2308.000000 -2806.716741 0.469237 
2309.000000 -2806.716741 0.469034 
2310.000000 -2806.716741 0.468831 
2311.000000 -2806.716741 0.468628 
2312.000000 -2806.716741 0.468426 
2313.000000 -2806.716741 0.468223 
2314.000000 -2806.716741 0.468021 
2315.000000 -2534.159020 0.468251 
2316.000000 -2534.159020 0.468048 
2317.000000 -2534.159020 0.467846 
2318.000000 -2534.159020 0.467645 
2319.000000 -2534.159020 0.467443 
2320.000000 -2534.159020 0.467241 
2321.000000 -2560.791435 0.467471 
2322.000000 -2560.791435 0.467270 
2323.000000 -2370.087180 0.467499 
2324.000000 -2370.087180 0.467298 
2325.000000 -2370.087180 0.467097 
2326.000000 -2370.087180 0.466896 
2327.000000 -2370.087180 0.466695 
2328.000000 -2370.087180 0.466495 
2329.000000 -2370.087180 0.466295 
2330.000000 -2560.333234 0.466524 
2331.000000 -2625.759599 0.466752 
2332.000000 -2499.244327 0.466981 
2333.000000 -2499.244327 0.466781 
2334.000000 -2971.318664 0.467009 
2335.000000 -2800.210772 0.467238 
2336.000000 -2748.487184 0.467466 
2337.000000 -2566.677317 0.467694 
2338.000000 -2566.677317 0.467494 
2339.000000 -2566.677317 0.467294 
2340.000000 -2566.677317 0.467094 
2341.000000 -2864.226246 0.467322 
2342.000000 -2864.226246 0.467122 
2343.000000 -2864.226246 0.466923 
2344.000000 -2864.226246 0.466724 
2345.000000 -2864.226246 0.466525 
2346.000000 -2864.226246 0.466326 
2347.000000 -2864.226246 0.466127 
2348.000000 -2731.177261 0.466354 
2349.000000 -2731.177261 0.466156 
2350.000000 -2811.222348 0.466383 
2351.000000 -2595.685006 0.466610 
2352.000000 -2539.981546 0.466837 
2353.000000 -2539.981546 0.466638 
2354.000000 -2375.678385 0.466865 
2355.000000 -2281.136477 0.467091 
2356.000000 -2260.401340 0.467317 
2357.000000 -2260.401340 0.467119 
2358.000000 -2260.401340 0.466921 
2359.000000 -2260.401340 0.466723 
2360.000000 -2260.401340 0.466525 
2361.000000 -2260.401340 0.466328 
2362.000000 -2080.002170 0.466554 
2363.000000 -2080.002170 0.466356 
2364.000000 -2048.918097 0.466582 
2365.000000 -2048.918097 0.466385 
2366.000000 -2048.918097 0.466188 
2367.000000 -2048.918097 0.465991 
2368.000000 -2026.802832 0.466216 
2369.000000 -2443.478472 0.466442 
2370.000000 -2705.618096 0.466667 
2371.000000 -2672.672695 0.466892 
2372.000000 -2646.499608 0.467116 
2373.000000 -2882.466007 0.467341 
2374.000000 -2882.466007 0.467144 
2375.000000 -2882.466007 0.466947 
2376.000000 -2882.466007 0.466751 
2377.000000 -2728.869840 0.466975 
2378.000000 -2728.869840 0.466779 
2379.000000 -2728.869840 0.466583 
2380.000000 -2395.775752 0.466807 
2381.000000 -2597.337967 0.467031 
2382.000000 -2793.498319 0.467254 
2383.000000 -2592.964315 0.467478 
2384.000000 -2731.694497 0.467701 
2385.000000 -2628.833616 0.467925 
2386.000000 -2628.833616 0.467728 
2387.000000 -2628.833616 0.467532 
2388.000000 -2628.833616 0.467337 
2389.000000 -2628.833616 0.467141 
2390.000000 -2713.793365 0.467364 
2391.000000 -2544.999331 0.467587 
2392.000000 -2544.999331 0.467391 
2393.000000 -2544.999331 0.467196 
2394.000000 -2407.443725 0.467419 
2395.000000 -2669.694696 0.467641 
2396.000000 -2361.651287 0.467863 
2397.000000 -2361.651287 0.467668 
2398.000000 -2361.651287 0.467473 
2399.000000 -2522.522731 0.467695 
2400.000000 -2522.522731 0.467500 
2401.000000 -2653.025331 0.467722 
2402.000000 -2653.025331 0.467527 
2403.000000 -2641.108714 0.467749 
2404.000000 -2641.108714 0.467554 
2405.000000 -2641.108714 0.467360 
2406.000000 -2641.108714 0.467165 
2407.000000 -2755.042425 0.467387 
2408.000000 -2755.042425 0.467193 
2409.000000 -2755.042425 0.466999 
2410.000000 -2643.939948 0.467220 
2411.000000 -2654.030096 0.467441 
2412.000000 -2479.214945 0.467662 
2413.000000 -2647.497058 0.467882 
2414.000000 -2647.497058 0.467688 
2415.000000 -2647.497058 0.467495 
2416.000000 -2420.924428 0.467715 
2417.000000 -2420.924428 0.467522 
2418.000000 -2608.458555 0.467742 
2419.000000 -2830.427199 0.467962 
2420.000000 -2675.698644 0.468182 
2421.000000 -2230.321955 0.468401 
2422.000000 -2230.321955 0.468208 
2423.000000 -2298.587610 0.468428 
2424.000000 -2298.587610 0.468234 
2425.000000 -2298.587610 0.468041 
2426.000000 -2382.788209 0.468261 
2427.000000 -2382.788209 0.468068 
2428.000000 -2382.788209 0.467875 
2429.000000 -2671.297764 0.468094 
2430.000000 -2462.064776 0.468313 
2431.000000 -2462.064776 0.468120 
2432.000000 -2462.064776 0.467928 
2433.000000 -2462.064776 0.467735 
2434.000000 -2462.064776 0.467543 
2435.000000 -2052.797252 0.467762 
2436.000000 -2493.826162 0.467980 
2437.000000 -2493.826162 0.467788 
2438.000000 -2725.916305 0.468007 
2439.000000 -2725.916305 0.467815 
2440.000000 -3069.152493 0.468033 
2441.000000 -2536.102043 0.468251 
2442.000000 -2536.102043 0.468059 
2443.000000 -2461.925718 0.468277 
2444.000000 -2461.925718 0.468085 
2445.000000 -2542.486334 0.468303 
2446.000000 -2442.489602 0.468520 
2447.000000 -2442.489602 0.468329 
2448.000000 -2442.489602 0.468137 
2449.000000 -2627.407744 0.468354 
2450.000000 -2627.407744 0.468163 
2451.000000 -2479.043474 0.468380 
2452.000000 -2327.023399 0.468597 
2453.000000 -2478.748760 0.468814 
2454.000000 -2316.472140 0.469030 
2455.000000 -2314.585894 0.469246 
2456.000000 -2314.585894 0.469055 
2457.000000 -2314.585894 0.468864 
2458.000000 -2314.585894 0.468674 
2459.000000 -2314.585894 0.468483 
2460.000000 -2314.585894 0.468293 
2461.000000 -2604.710568 0.468509 
2462.000000 -2604.710568 0.468318 
2463.000000 -2604.710568 0.468128 
2464.000000 -2604.710568 0.467938 
2465.000000 -2604.710568 0.467748 
2466.000000 -2134.681157 0.467964 
2467.000000 -2497.647753 0.468180 
2468.000000 -2497.647753 0.467990 
2469.000000 -2497.647753 0.467801 
2470.000000 -2500.960977 0.468016 
2471.000000 -1833.028852 0.468231 
2472.000000 -1644.893586 0.468447 
2473.000000 -2642.126187 0.468662 
2474.000000 -2642.126187 0.468472 
2475.000000 -2059.842753 0.468687 
2476.000000 -2059.842753 0.468498 
2477.000000 -2407.799511 0.468712 
2478.000000 -2615.765325 0.468927 
2479.000000 -2492.386838 0.469141 
2480.000000 -2492.386838 0.468952 
2481.000000 -2876.597935 0.469166 
2482.000000 -2876.597935 0.468977 
2483.000000 -2438.018521 0.469190 
2484.000000 -2030.597530 0.469404 
2485.000000 -1365.079510 0.469618 
2486.000000 -1365.079510 0.469429 
2487.000000 -1365.079510 0.469240 
2488.000000 -1365.079510 0.469051 
2489.000000 -1365.079510 0.468863 
2490.000000 -1365.079510 0.468675 
2491.000000 -2385.218370 0.468888 
2492.000000 -1636.561901 0.469101 
2493.000000 -2851.459183 0.469314 
2494.000000 -2851.459183 0.469126 
2495.000000 -2173.608905 0.469339 
2496.000000 -1720.028551 0.469551 
2497.000000 -2738.876761 0.469764 
2498.000000 -2738.876761 0.469576 
2499.000000 -2419.380688 0.469788 
2500.000000 -2209.217220 0.470000 
2501.000000 -2822.399917 0.470212 
2502.000000 -2822.399917 0.470024 
2503.000000 -2822.399917 0.469836 
2504.000000 -2822.399917 0.469649 
2505.000000 -2822.399917 0.469461 
2506.000000 -2174.377373 0.469673 
2507.000000 -2174.377373 0.469485 
2508.000000 -2174.377373 0.469298 
2509.000000 -2174.377373 0.469111 
2510.000000 -2174.377373 0.468924 
2511.000000 -2260.015448 0.469136 
2512.000000 -2260.015448 0.468949 
2513.000000 -2260.015448 0.468762 
2514.000000 -2519.191961 0.468974 
2515.000000 -2520.336391 0.469185 
2516.000000 -2520.336391 0.468998 
2517.000000 -2520.336391 0.468812 
2518.000000 -2520.336391 0.468626 
2519.000000 -2520.336391 0.468440 
2520.000000 -2520.336391 0.468254 
2521.000000 -2520.336391 0.468068 
2522.000000 -2520.336391 0.467883 
2523.000000 -2520.336391 0.467697 
2524.000000 -2652.457828 0.467908 
2525.000000 -2432.159394 0.468119 
2526.000000 -2432.159394 0.467933 
2527.000000 -2432.159394 0.467748 
2528.000000 -2432.159394 0.467563 
2529.000000 -2461.844089 0.467774 
2530.000000 -2461.844089 0.467589 
2531.000000 -2268.461237 0.467799 
2532.000000 -2268.461237 0.467615 
2533.000000 -2268.461237 0.467430 
2534.000000 -2600.412318 0.467640 
2535.000000 -2600.412318 0.467456 
2536.000000 -2600.412318 0.467271 
2537.000000 -2600.412318 0.467087 
2538.000000 -2600.412318 0.466903 
2539.000000 -2218.027964 0.467113 
2540.000000 -2323.118908 0.467323 
2541.000000 -2323.118908 0.467139 
2542.000000 -2461.202972 0.467349 
2543.000000 -2461.202972 0.467165 
2544.000000 -2461.202972 0.466981 
2545.000000 -2461.202972 0.466798 
2546.000000 -2461.202972 0.466614 
2547.000000 -2461.202972 0.466431 
2548.000000 -2461.202972 0.466248 
2549.000000 -2507.348365 0.466457 
2550.000000 -2478.003179 0.466667 
2551.000000 -2478.003179 0.466484 
2552.000000 -2478.003179 0.466301 
2553.000000 -2478.003179 0.466118 
2554.000000 -2284.170014 0.466327 
2555.000000 -1963.794467 0.466536 
2556.000000 -1963.794467 0.466354 
2557.000000 -1963.794467 0.466171 
2558.000000 -1963.794467 0.465989 
2559.000000 -2246.974343 0.466198 
2560.000000 -2246.974343 0.466016 
2561.000000 -2158.311923 0.466224 
2562.000000 -1254.200715 0.466432 
2563.000000 -2176.179727 0.466641 
2564.000000 -2176.179727 0.466459 
2565.000000 -2176.179727 0.466277 
2566.000000 -2176.179727 0.466095 
2567.000000 -1194.302842 0.466303 
2568.000000 -1999.276591 0.466511 
2569.000000 -1999.276591 0.466329 
2570.000000 -2464.659697 0.466537 
2571.000000 -2687.890398 0.466744 
2572.000000 -2687.890398 0.466563 
2573.000000 -2687.890398 0.466382 
2574.000000 -2687.890398 0.466200 
2575.000000 -2687.890398 0.466019 
2576.000000 -2687.890398 0.465839 
2577.000000 -2258.131056 0.466046 
2578.000000 -2469.411968 0.466253 
2579.000000 -2715.779656 0.466460 
2580.000000 -2715.779656 0.466279 
2581.000000 -2762.628438 0.466486 
2582.000000 -2762.628438 0.466305 
2583.000000 -2762.628438 0.466125 
2584.000000 -2762.628438 0.465944 
2585.000000 -2464.517193 0.466151 
2586.000000 -2530.856571 0.466357 
2587.000000 -2467.723591 0.466564 
2588.000000 -2467.723591 0.466383 
2589.000000 -2467.723591 0.466203 
2590.000000 -2467.723591 0.466023 
2591.000000 -2374.329480 0.466229 
2592.000000 -2374.329480 0.466049 
2593.000000 -2502.948961 0.466255 
2594.000000 -2502.948961 0.466076 
2595.000000 -2502.948961 0.465896 
2596.000000 -2502.948961 0.465716 
2597.000000 -2502.948961 0.465537 
2598.000000 -2469.168041 0.465743 
2599.000000 -2469.168041 0.465564 
2600.000000 -2644.919861 0.465769 
2601.000000 -2644.919861 0.465590 
2602.000000 -2644.919861 0.465411 
2603.000000 -2644.919861 0.465232 
2604.000000 -2644.919861 0.465054 
2605.000000 -2625.643136 0.465259 
2606.000000 -2625.643136 0.465081 
2607.000000 -2364.376187 0.465286 
2608.000000 -2269.939115 0.465491 
2609.000000 -2269.939115 0.465312 
2610.000000 -2182.005836 0.465517 
2611.000000 -2204.680412 0.465722 
2612.000000 -2204.680412 0.465544 
2613.000000 -2412.172345 0.465748 
2614.000000 -1827.145231 0.465953 
2615.000000 -1827.145231 0.465774 
2616.000000 -1827.145231 0.465596 
2617.000000 -1318.431948 0.465801 
2618.000000 -1634.089858 0.466005 
2619.000000 -1634.089858 0.465827 
2620.000000 -1037.502554 0.466031 
2621.000000 -1037.502554 0.465853 
2622.000000 -1027.397210 0.466056 
2623.000000 -1027.397210 0.465879 
2624.000000 -1556.561015 0.466082 
2625.000000 -1568.788877 0.466286 
2626.000000 -1977.049245 0.466489 
2627.000000 -1668.667646 0.466692 
2628.000000 -1668.667646 0.466514 
2629.000000 -704.547779 0.466717 
2630.000000 -704.547779 0.466540 
2631.000000 -517.490585 0.466743 
2632.000000 -517.490585 0.466565 
2633.000000 -1480.766727 0.466768 
2634.000000 -1480.766727 0.466591 
2635.000000 -2546.491173 0.466793 
2636.000000 -2146.573125 0.466995 
2637.000000 -1703.338255 0.467198 
2638.000000 -1703.338255 0.467020 
2639.000000 -1703.338255 0.466844 
2640.000000 -1645.265202 0.467045 
2641.000000 -1645.265202 0.466869 
2642.000000 -1232.089287 0.467070 
2643.000000 -1232.089287 0.466894 
2644.000000 -1232.089287 0.466717 
2645.000000 -254.535588 0.466919 
2646.000000 -254.535588 0.466742 
2647.000000 -254.535588 0.466566 
2648.000000 -1998.030633 0.466767 
2649.000000 -1998.030633 0.466591 
2650.000000 -1998.030633 0.466415 
2651.000000 -866.811365 0.466616 
2652.000000 -1138.845673 0.466817 
2653.000000 -1659.300249 0.467018 
2654.000000 -1445.352471 0.467219 
2655.000000 -2270.918722 0.467420 
2656.000000 -2270.918722 0.467244 
2657.000000 -2270.918722 0.467068 
2658.000000 -2270.918722 0.466892 
2659.000000 -2295.073442 0.467093 
2660.000000 -1920.591374 0.467293 
2661.000000 -1920.591374 0.467118 
2662.000000 -1920.591374 0.466942 
2663.000000 -1985.253830 0.467142 
2664.000000 -1985.253830 0.466967 
2665.000000 -1934.689207 0.467167 
2666.000000 -1839.520786 0.467367 
2667.000000 -1974.899539 0.467567 
2668.000000 -1950.681491 0.467766 
2669.000000 -1943.109221 0.467966 
2670.000000 -2055.321834 0.468165 
2671.000000 -2218.113938 0.468364 
2672.000000 -2218.113938 0.468189 
2673.000000 -2218.113938 0.468013 
2674.000000 -2218.113938 0.467838 
2675.000000 -2193.897704 0.468037 
2676.000000 -2193.897704 0.467862 
2677.000000 -2193.897704 0.467688 
2678.000000 -2193.897704 0.467513 
2679.000000 -2193.897704 0.467339 
2680.000000 -2192.002311 0.467537 
2681.000000 -2192.002311 0.467363 
2682.000000 -2225.194055 0.467562 
2683.000000 -2309.150991 0.467760 
2684.000000 -2309.150991 0.467586 
2685.000000 -2309.150991 0.467412 
2686.000000 -2118.632110 0.467610 
2687.000000 -2118.632110 0.467436 
2688.000000 -2320.410107 0.467634 
2689.000000 -1694.748370 0.467832 
2690.000000 -2382.057626 0.468030 
2691.000000 -2261.117113 0.468227 
2692.000000 -2139.157240 0.468425 
2693.000000 -2139.157240 0.468251 
2694.000000 -2330.717749 0.468448 
2695.000000 -1963.571468 0.468646 
2696.000000 -1963.571468 0.468472 
2697.000000 -2254.726518 0.468669 
2698.000000 -2254.726518 0.468495 
2699.000000 -2254.726518 0.468322 
2700.000000 -2377.519983 0.468519 
2701.000000 -2377.519983 0.468345 
2702.000000 -2155.335625 0.468542 
2703.000000 -2337.805755 0.468738 
2704.000000 -2207.925810 0.468935 
2705.000000 -2207.925810 0.468762 
2706.000000 -2207.925810 0.468588 
2707.000000 -2207.925810 0.468415 
2708.000000 -1963.023291 0.468612 
2709.000000 -1963.023291 0.468439 
2710.000000 -2147.813952 0.468635 
2711.000000 -2147.813952 0.468462 
2712.000000 -1985.224437 0.468658 
2713.000000 -1985.224437 0.468485 
2714.000000 -2320.159029 0.468681 
2715.000000 -1994.530429 0.468877 
2716.000000 -1994.530429 0.468704 
2717.000000 -1994.530429 0.468531 
2718.000000 -1994.530429 0.468359 
2719.000000 -2103.046784 0.468555 
2720.000000 -2103.046784 0.468382 
2721.000000 -2103.046784 0.468210 
2722.000000 -2103.046784 0.468038 
2723.000000 -2093.402803 0.468234 
2724.000000 -2093.402803 0.468062 
2725.000000 -2327.786282 0.468257 
2726.000000 -2201.654007 0.468452 
2727.000000 -2289.648572 0.468647 
2728.000000 -2498.122768 0.468842 
2729.000000 -2498.122768 0.468670 
2730.000000 -2498.122768 0.468498 
2731.000000 -2498.122768 0.468327 
2732.000000 -2498.122768 0.468155 
2733.000000 -2427.322469 0.468350 
2734.000000 -2107.442053 0.468544 
2735.000000 -2107.442053 0.468373 
2736.000000 -2107.442053 0.468202 
2737.000000 -2107.442053 0.468031 
2738.000000 -2107.442053 0.467860 
2739.000000 -2107.442053 0.467689 
2740.000000 -2107.442053 0.467518 
2741.000000 -2171.042386 0.467713 
2742.000000 -2161.740389 0.467907 
2743.000000 -2161.740389 0.467736 
2744.000000 -2161.740389 0.467566 
2745.000000 -2217.770475 0.467760 
2746.000000 -2217.770475 0.467589 
2747.000000 -2217.770475 0.467419 
2748.000000 -1349.540851 0.467613 
2749.000000 -1349.540851 0.467443 
2750.000000 -1349.540851 0.467273 
2751.000000 -1349.540851 0.467103 
2752.000000 -2374.497986 0.467297 
2753.000000 -1707.051953 0.467490 
2754.000000 -1707.051953 0.467320 
2755.000000 -1707.051953 0.467151 
2756.000000 -2322.433178 0.467344 
2757.000000 -2649.170939 0.467537 
2758.000000 -2649.170939 0.467368 
2759.000000 -2321.159098 0.467561 
2760.000000 -2035.186375 0.467754 
2761.000000 -2512.916590 0.467946 
2762.000000 -2512.916590 0.467777 
2763.000000 -2506.258870 0.467970 
2764.000000 -2506.258870 0.467800 
2765.000000 -2436.508742 0.467993 
2766.000000 -2369.658491 0.468185 
2767.000000 -2369.658491 0.468016 
2768.000000 -2369.658491 0.467847 
2769.000000 -2369.658491 0.467678 
2770.000000 -2369.658491 0.467509 
2771.000000 -2369.658491 0.467340 
2772.000000 -2283.421710 0.467532 
2773.000000 -2126.476476 0.467724 
2774.000000 -2126.476476 0.467556 
2775.000000 -2399.554691 0.467748 
2776.000000 -2302.712915 0.467939 
2777.000000 -2302.712915 0.467771 
2778.000000 -2351.579243 0.467963 
2779.000000 -2351.579243 0.467794 
2780.000000 -2351.579243 0.467626 
2781.000000 -2351.579243 0.467458 
2782.000000 -2351.579243 0.467290 
2783.000000 -2351.579243 0.467122 
2784.000000 -2195.364654 0.467313 
2785.000000 -2337.902127 0.467504 
2786.000000 -2231.696978 0.467696 
2787.000000 -2334.817141 0.467887 
2788.000000 -2294.942421 0.468077 
2789.000000 -2213.596180 0.468268 
2790.000000 -1800.396028 0.468459 
2791.000000 -2237.545799 0.468649 
2792.000000 -2237.545799 0.468481 
2793.000000 -2237.545799 0.468314 
2794.000000 -2433.852104 0.468504 
2795.000000 -2457.367870 0.468694 
2796.000000 -2457.367870 0.468526 
2797.000000 -2086.999477 0.468716 
2798.000000 -2086.999477 0.468549 
2799.000000 -2086.999477 0.468382 
2800.000000 -2086.999477 0.468214 
2801.000000 -2086.999477 0.468047 
2802.000000 -2086.999477 0.467880 
2803.000000 -2427.791187 0.468070 
2804.000000 -2539.023510 0.468260 
2805.000000 -2539.023510 0.468093 
2806.000000 -2539.023510 0.467926 
2807.000000 -2329.723264 0.468115 
2808.000000 -2329.723264 0.467949 
2809.000000 -2329.723264 0.467782 
2810.000000 -2345.241617 0.467972 
2811.000000 -2345.241617 0.467805 
2812.000000 -2213.112508 0.467994 
2813.000000 -2272.440904 0.468183 
2814.000000 -2011.955646 0.468372 
2815.000000 -2104.602221 0.468561 
2816.000000 -2271.437427 0.468750 
2817.000000 -2271.437427 0.468584 
2818.000000 -2271.437427 0.468417 
2819.000000 -2425.515027 0.468606 
2820.000000 -2425.515027 0.468440 
2821.000000 -2589.431984 0.468628 
2822.000000 -2406.301728 0.468816 
2823.000000 -2406.301728 0.468650 
2824.000000 -2406.301728 0.468484 
2825.000000 -2406.301728 0.468319 
2826.000000 -2434.613897 0.468507 
2827.000000 -2434.613897 0.468341 
2828.000000 -2434.613897 0.468175 
2829.000000 -2434.613897 0.468010 
2830.000000 -2441.756038 0.468198 
2831.000000 -2441.756038 0.468032 
2832.000000 -2310.218846 0.468220 
2833.000000 -2364.481026 0.468408 
2834.000000 -2432.222827 0.468596 
2835.000000 -2432.222827 0.468430 
2836.000000 -2036.089546 0.468618 
2837.000000 -2036.089546 0.468453 
2838.000000 -2182.848736 0.468640 
2839.000000 -2110.984148 0.468827 
2840.000000 -2734.321220 0.469014 
2841.000000 -2734.321220 0.468849 
2842.000000 -2734.321220 0.468684 
2843.000000 -2382.864904 0.468871 
2844.000000 -2382.864904 0.468706 
2845.000000 -2382.864904 0.468541 
2846.000000 -2569.865372 0.468728 
2847.000000 -2569.865372 0.468563 
2848.000000 -2328.567374 0.468750 
2849.000000 -2556.648610 0.468936 
2850.000000 -2326.056780 0.469123 
2851.000000 -2026.002553 0.469309 
2852.000000 -2515.221176 0.469495 
2853.000000 -2515.221176 0.469331 
2854.000000 -2358.895238 0.469516 
2855.000000 -2088.633796 0.469702 
2856.000000 -2088.633796 0.469538 
2857.000000 -1671.502671 0.469723 
2858.000000 -1671.502671 0.469559 
2859.000000 -1671.502671 0.469395 
2860.000000 -2590.465259 0.469580 
2861.000000 -2590.465259 0.469416 
2862.000000 -2253.275110 0.469602 
2863.000000 -2251.191471 0.469787 
2864.000000 -2609.953846 0.469972 
2865.000000 -2609.953846 0.469808 
2866.000000 -2688.126435 0.469993 
2867.000000 -2491.510563 0.470178 
2868.000000 -2491.510563 0.470014 
2869.000000 -2491.510563 0.469850 
2870.000000 -2491.510563 0.469686 
2871.000000 -2905.456391 0.469871 
2872.000000 -2983.610843 0.470056 
2873.000000 -2635.685940 0.470240 
2874.000000 -2635.685940 0.470077 
2875.000000 -2579.939095 0.470261 
2876.000000 -2585.114161 0.470445 
2877.000000 -2585.114161 0.470282 
2878.000000 -2585.114161 0.470118 
2879.000000 -2645.951742 0.470302 
2880.000000 -2645.951742 0.470139 
2881.000000 -2645.951742 0.469976 
2882.000000 -2645.951742 0.469813 
2883.000000 -2645.951742 0.469650 
2884.000000 -2612.131773 0.469834 
2885.000000 -2612.131773 0.469671 
2886.000000 -2612.131773 0.469508 
2887.000000 -2612.131773 0.469345 
2888.000000 -2612.131773 0.469183 
2889.000000 -2807.298763 0.469367 
2890.000000 -2807.298763 0.469204 
2891.000000 -2807.298763 0.469042 
2892.000000 -2807.298763 0.468880 
2893.000000 -2807.298763 0.468718 
2894.000000 -2807.298763 0.468556 
2895.000000 -2807.298763 0.468394 
2896.000000 -2807.298763 0.468232 
2897.000000 -2807.298763 0.468070 
2898.000000 -2807.298763 0.467909 
2899.000000 -2830.025438 0.468092 
2900.000000 -2562.425757 0.468276 
2901.000000 -2562.425757 0.468114 
2902.000000 -2562.425757 0.467953 
2903.000000 -2562.425757 0.467792 
2904.000000 -2562.425757 0.467631 
2905.000000 -2596.257726 0.467814 
2906.000000 -2014.821267 0.467997 
2907.000000 -2014.821267 0.467836 
2908.000000 -2405.979566 0.468019 
2909.000000 -2194.148493 0.468202 
2910.000000 -2194.148493 0.468041 
2911.000000 -2194.148493 0.467880 
2912.000000 -2360.677117 0.468063 
2913.000000 -2408.003580 0.468246 
2914.000000 -2408.003580 0.468085 
2915.000000 -2408.003580 0.467925 
2916.000000 -2408.003580 0.467764 
2917.000000 -2291.157274 0.467947 
2918.000000 -2291.157274 0.467786 
2919.000000 -2291.157274 0.467626 
2920.000000 -2280.733237 0.467808 
2921.000000 -2082.998990 0.467990 
2922.000000 -2082.998990 0.467830 
2923.000000 -2082.998990 0.467670 
2924.000000 -2258.576936 0.467852 
2925.000000 -2330.574890 0.468034 
2926.000000 -2330.574890 0.467874 
2927.000000 -2241.973284 0.468056 
2928.000000 -2181.941198 0.468238 
2929.000000 -2181.941198 0.468078 
2930.000000 -2191.247862 0.468259 
2931.000000 -2191.247862 0.468100 
2932.000000 -2191.247862 0.467940 
2933.000000 -2502.135500 0.468121 
2934.000000 -2502.135500 0.467962 
2935.000000 -2424.645053 0.468143 
2936.000000 -2424.645053 0.467984 
2937.000000 -2424.645053 0.467824 
2938.000000 -2424.645053 0.467665 
2939.000000 -2261.385816 0.467846 
2940.000000 -2120.339680 0.468027 
2941.000000 -2424.235421 0.468208 
2942.000000 -2198.995657 0.468389 
2943.000000 -2198.995657 0.468230 
2944.000000 -2198.995657 0.468071 
2945.000000 -2198.995657 0.467912 
2946.000000 -2445.556524 0.468092 
2947.000000 -2445.556524 0.467933 
2948.000000 -2445.556524 0.467775 
2949.000000 -2445.556524 0.467616 
2950.000000 -2445.556524 0.467458 
2951.000000 -2284.690010 0.467638 
2952.000000 -2284.690010 0.467480 
2953.000000 -2284.690010 0.467321 
2954.000000 -2379.502628 0.467502 
2955.000000 -2379.502628 0.467343 
2956.000000 -2379.502628 0.467185 
2957.000000 -2396.613020 0.467366 
2958.000000 -2430.900980 0.467546 
2959.000000 -2295.043176 0.467726 
2960.000000 -2055.462851 0.467905 
2961.000000 -2405.878450 0.468085 
2962.000000 -2405.878450 0.467927 
2963.000000 -2405.878450 0.467769 
2964.000000 -2405.878450 0.467611 
2965.000000 -2547.701959 0.467791 
2966.000000 -2444.081826 0.467970 
2967.000000 -2444.081826 0.467813 
2968.000000 -2444.081826 0.467655 
2969.000000 -2444.081826 0.467497 
2970.000000 -2444.081826 0.467340 
2971.000000 -2444.081826 0.467183 
2972.000000 -2444.081826 0.467026 
2973.000000 -2283.973611 0.467205 
2974.000000 -2521.543960 0.467384 
2975.000000 -2521.543960 0.467227 
2976.000000 -2521.543960 0.467070 
2977.000000 -2521.543960 0.466913 
2978.000000 -2521.543960 0.466756 
2979.000000 -2604.766021 0.466935 
2980.000000 -2604.766021 0.466779 
2981.000000 -2604.766021 0.466622 
2982.000000 -2551.270634 0.466801 
2983.000000 -2551.270634 0.466644 
2984.000000 -2551.270634 0.466488 
2985.000000 -2551.270634 0.466332 
2986.000000 -2551.270634 0.466175 
2987.000000 -2551.270634 0.466019 
2988.000000 -2371.831617 0.466198 
2989.000000 -2465.309077 0.466377 
2990.000000 -2555.338804 0.466555 
2991.000000 -2179.265123 0.466734 
2992.000000 -2179.265123 0.466578 
2993.000000 -2100.933932 0.466756 
2994.000000 -1780.077070 0.466934 
2995.000000 -2595.079517 0.467112 
2996.000000 -2459.871430 0.467290 
2997.000000 -2459.871430 0.467134 
2998.000000 -2648.118555 0.467312 
2999.000000 -2648.118555 0.467156 
3000.000000 -2383.947231 0.467333 
3001.000000 -2496.812284 0.467511 
3002.000000 -2496.812284 0.467355 
3003.000000 -2496.812284 0.467199 
3004.000000 -2496.812284 0.467044 
3005.000000 -2496.812284 0.466889 
3006.000000 -2496.812284 0.466733 
3007.000000 -2538.718626 0.466911 
3008.000000 -2538.718626 0.466755 
3009.000000 -2538.718626 0.466600 
3010.000000 -2538.718626 0.466445 
3011.000000 -2708.521538 0.466622 
3012.000000 -2708.521538 0.466467 
3013.000000 -2708.521538 0.466313 
3014.000000 -2708.521538 0.466158 
3015.000000 -2708.521538 0.466003 
3016.000000 -2708.521538 0.465849 
3017.000000 -2850.041270 0.466026 
3018.000000 -2614.106263 0.466203 
3019.000000 -2328.843167 0.466380 
3020.000000 -3065.973080 0.466556 
3021.000000 -3065.973080 0.466402 
3022.000000 -3065.973080 0.466248 
3023.000000 -3065.973080 0.466093 
3024.000000 -2696.151908 0.466270 
3025.000000 -2889.078976 0.466446 
3026.000000 -2889.078976 0.466292 
3027.000000 -2889.078976 0.466138 
3028.000000 -2889.078976 0.465984 
3029.000000 -2889.078976 0.465830 
3030.000000 -2889.078976 0.465677 
3031.000000 -2889.078976 0.465523 
3032.000000 -2889.078976 0.465369 
3033.000000 -2889.078976 0.465216 
3034.000000 -2889.078976 0.465063 
3035.000000 -2889.078976 0.464909 
3036.000000 -2405.073717 0.465086 
3037.000000 -2624.127559 0.465262 
3038.000000 -2014.988758 0.465438 
3039.000000 -2014.988758 0.465285 
3040.000000 -2014.988758 0.465132 
3041.000000 -2014.988758 0.464979 
3042.000000 -2014.988758 0.464826 
3043.000000 -2608.690602 0.465002 
3044.000000 -2608.690602 0.464849 
3045.000000 -2608.690602 0.464696 
3046.000000 -2867.646205 0.464872 
3047.000000 -2867.646205 0.464719 
3048.000000 -2867.646205 0.464567 
3049.000000 -2912.757897 0.464743 
3050.000000 -2403.529477 0.464918 
3051.000000 -2933.828251 0.465093 
3052.000000 -2447.755562 0.465269 
3053.000000 -2559.691058 0.465444 
3054.000000 -2559.691058 0.465291 
3055.000000 -2783.847312 0.465466 
3056.000000 -2573.745325 0.465641 
3057.000000 -2573.745325 0.465489 
3058.000000 -2573.745325 0.465337 
3059.000000 -2600.173015 0.465512 
3060.000000 -2600.173015 0.465359 
3061.000000 -2600.173015 0.465207 
3062.000000 -2664.583898 0.465382 
3063.000000 -2664.583898 0.465230 
3064.000000 -2698.860870 0.465405 
3065.000000 -2656.718371 0.465579 
3066.000000 -3021.999742 0.465753 
3067.000000 -3021.999742 0.465602 
3068.000000 -3021.999742 0.465450 
3069.000000 -2987.684005 0.465624 
3070.000000 -2987.684005 0.465472 
3071.000000 -2987.684005 0.465321 
3072.000000 -2987.684005 0.465169 
3073.000000 -2987.684005 0.465018 
3074.000000 -3151.118787 0.465192 
3075.000000 -3151.118787 0.465041 
3076.000000 -2512.657151 0.465215 
3077.000000 -2018.384646 0.465388 
3078.000000 -2018.384646 0.465237 
3079.000000 -2018.384646 0.465086 
3080.000000 -2484.496127 0.465260 
3081.000000 -2484.496127 0.465109 
3082.000000 -2484.496127 0.464958 
3083.000000 -2887.200802 0.465131 
3084.000000 -2706.770702 0.465305 
3085.000000 -2952.462646 0.465478 
3086.000000 -2613.927029 0.465651 
3087.000000 -2613.927029 0.465500 
3088.000000 -2559.029359 0.465674 
3089.000000 -2857.235998 0.465847 
3090.000000 -2953.907305 0.466019 
3091.000000 -2953.907305 0.465869 
3092.000000 -2617.945692 0.466041 
3093.000000 -2968.270305 0.466214 
3094.000000 -2968.270305 0.466063 
3095.000000 -2968.270305 0.465913 
3096.000000 -2968.270305 0.465762 
3097.000000 -2968.270305 0.465612 
3098.000000 -2968.270305 0.465462 
3099.000000 -2968.270305 0.465311 
3100.000000 -2968.270305 0.465161 
3101.000000 -2567.761297 0.465334 
3102.000000 -2567.761297 0.465184 
3103.000000 -2287.018015 0.465356 
3104.000000 -2287.018015 0.465206 
3105.000000 -2287.018015 0.465056 
3106.000000 -2287.018015 0.464907 
3107.000000 -2392.567707 0.465079 
3108.000000 -2296.894796 0.465251 
3109.000000 -2703.558325 0.465423 
3110.000000 -2703.558325 0.465273 
3111.000000 -2703.558325 0.465124 
3112.000000 -2801.832340 0.465296 
3113.000000 -2038.023549 0.465467 
3114.000000 -2038.023549 0.465318 
3115.000000 -2173.710700 0.465490 
3116.000000 -2355.299726 0.465661 
3117.000000 -2355.299726 0.465512 
3118.000000 -2355.299726 0.465362 
3119.000000 -2355.299726 0.465213 
3120.000000 -2355.299726 0.465064 
3121.000000 -2355.299726 0.464915 
3122.000000 -2355.299726 0.464766 
3123.000000 -2355.299726 0.464617 
3124.000000 -2355.299726 0.464469 
3125.000000 -1451.371805 0.464640 
3126.000000 -1451.371805 0.464491 
3127.000000 -2300.564729 0.464663 
3128.000000 -2300.564729 0.464514 
3129.000000 -2855.044930 0.464685 
3130.000000 -2884.455054 0.464856 
3131.000000 -2654.713023 0.465027 
3132.000000 -2081.466108 0.465198 
3133.000000 -2081.466108 0.465049 
3134.000000 -2081.466108 0.464901 
3135.000000 -2901.915615 0.465072 
3136.000000 -2901.915615 0.464923 
3137.000000 -2901.915615 0.464775 
3138.000000 -2512.484894 0.464946 
3139.000000 -2512.484894 0.464798 
3140.000000 -2512.484894 0.464650 
3141.000000 -2413.351616 0.464820 
3142.000000 -2413.351616 0.464672 
3143.000000 -2413.351616 0.464524 
3144.000000 -2368.900505 0.464695 
3145.000000 -2591.534582 0.464865 
3146.000000 -2223.447303 0.465035 
3147.000000 -2223.447303 0.464887 
3148.000000 -2468.359681 0.465057 
3149.000000 -2468.359681 0.464909 
3150.000000 -2468.359681 0.464762 
3151.000000 -2106.881113 0.464932 
3152.000000 -2106.881113 0.464784 
3153.000000 -2624.090552 0.464954 
3154.000000 -2624.090552 0.464807 
3155.000000 -2624.090552 0.464659 
3156.000000 -2624.090552 0.464512 
3157.000000 -2624.090552 0.464365 
3158.000000 -2624.090552 0.464218 
3159.000000 -2624.090552 0.464071 
3160.000000 -2624.090552 0.463924 
3161.000000 -2546.918492 0.464094 
3162.000000 -2663.663960 0.464263 
3163.000000 -2562.145719 0.464433 
3164.000000 -2562.145719 0.464286 
3165.000000 -2562.145719 0.464139 
3166.000000 -2562.145719 0.463992 
3167.000000 -2063.897551 0.464162 
3168.000000 -2615.847330 0.464331 
3169.000000 -2615.847330 0.464184 
3170.000000 -2615.847330 0.464038 
3171.000000 -2615.847330 0.463892 
3172.000000 -2615.847330 0.463745 
3173.000000 -2379.394100 0.463914 
3174.000000 -2379.394100 0.463768 
3175.000000 -2379.394100 0.463622 
3176.000000 -1931.540034 0.463791 
3177.000000 -1931.540034 0.463645 
3178.000000 -2409.881574 0.463814 
3179.000000 -2409.881574 0.463668 
3180.000000 -2399.012034 0.463836 
3181.000000 -2399.012034 0.463691 
3182.000000 -2399.012034 0.463545 
3183.000000 -2399.012034 0.463399 
3184.000000 -2399.012034 0.463254 
3185.000000 -2399.012034 0.463108 
3186.000000 -2237.889467 0.463277 
3187.000000 -2237.889467 0.463131 
3188.000000 -2237.889467 0.462986 
3189.000000 -1468.793870 0.463155 
3190.000000 -2262.675726 0.463323 
3191.000000 -2262.675726 0.463178 
3192.000000 -2087.027621 0.463346 
3193.000000 -2087.027621 0.463201 
3194.000000 -2399.444212 0.463369 
3195.000000 -2399.444212 0.463224 
3196.000000 -2399.444212 0.463079 
3197.000000 -2399.444212 0.462934 
3198.000000 -2399.444212 0.462789 
3199.000000 -1877.322804 0.462957 
3200.000000 -1877.322804 0.462813 
3201.000000 -2301.787749 0.462980 
3202.000000 -2301.787749 0.462836 
3203.000000 -2438.128119 0.463003 
3204.000000 -2438.128119 0.462859 
3205.000000 -2438.128119 0.462715 
3206.000000 -2438.128119 0.462570 
3207.000000 -2438.128119 0.462426 
3208.000000 -2322.272894 0.462594 
3209.000000 -2322.272894 0.462449 
3210.000000 -2322.272894 0.462305 
3211.000000 -1997.390850 0.462473 
3212.000000 -2508.800048 0.462640 
3213.000000 -2508.800048 0.462496 
3214.000000 -2345.209260 0.462663 
3215.000000 -2584.371146 0.462830 
3216.000000 -2070.799438 0.462998 
3217.000000 -2335.078165 0.463164 
3218.000000 -2172.393965 0.463331 
3219.000000 -2172.393965 0.463187 
3220.000000 -2172.393965 0.463043 
3221.000000 -2505.733257 0.463210 
3222.000000 -2699.298098 0.463377 
3223.000000 -2445.180632 0.463543 
3224.000000 -2445.180632 0.463400 
3225.000000 -2732.438521 0.463566 
3226.000000 -2732.438521 0.463422 
3227.000000 -2421.955226 0.463588 
3228.000000 -2421.955226 0.463445 
3229.000000 -2441.941468 0.463611 
3230.000000 -2441.941468 0.463467 
3231.000000 -2398.315886 0.463634 
3232.000000 -2398.315886 0.463490 
3233.000000 -2356.453803 0.463656 
3234.000000 -2297.501792 0.463822 
3235.000000 -2613.170032 0.463988 
3236.000000 -2613.170032 0.463844 
3237.000000 -2378.563334 0.464010 
3238.000000 -2378.563334 0.463867 
3239.000000 -2453.007187 0.464032 
3240.000000 -2243.872151 0.464198 
3241.000000 -2243.872151 0.464054 
3242.000000 -2243.872151 0.463911 
3243.000000 -2111.247460 0.464076 
3244.000000 -2111.247460 0.463933 
3245.000000 -1941.780109 0.464099 
3246.000000 -2220.181913 0.464264 
3247.000000 -2220.181913 0.464121 
3248.000000 -1818.852439 0.464286 
3249.000000 -1818.852439 0.464143 
3250.000000 -1818.852439 0.464000 
3251.000000 -1818.852439 0.463857 
3252.000000 -1818.852439 0.463715 
3253.000000 -2608.249131 0.463879 
3254.000000 -2438.590194 0.464044 
3255.000000 -1577.120725 0.464209 
3256.000000 -2168.912583 0.464373 
3257.000000 -2114.069794 0.464538 
3258.000000 -1252.773675 0.464702 
3259.000000 -3377.929486 0.464867 
3260.000000 -2378.306460 0.465031 
3261.000000 -2378.306460 0.464888 
3262.000000 -2378.306460 0.464746 
3263.000000 -2378.306460 0.464603 
3264.000000 -2342.197577 0.464767 
3265.000000 -2819.428393 0.464931 
3266.000000 -2689.518651 0.465095 
3267.000000 -2689.518651 0.464953 
3268.000000 -2689.518651 0.464810 
3269.000000 -2192.685168 0.464974 
3270.000000 -1970.215569 0.465138 
3271.000000 -2226.823667 0.465301 
3272.000000 -2226.823667 0.465159 
3273.000000 -2226.823667 0.465017 
3274.000000 -2377.835944 0.465180 
3275.000000 -2034.060982 0.465344 
3276.000000 -2034.060982 0.465201 
3277.000000 -2562.178525 0.465365 
3278.000000 -2562.178525 0.465223 
3279.000000 -2562.178525 0.465081 
3280.000000 -2257.723515 0.465244 
3281.000000 -2020.955766 0.465407 
3282.000000 -2063.963544 0.465570 
3283.000000 -2063.963544 0.465428 
3284.000000 -2063.963544 0.465286 
3285.000000 -2685.373283 0.465449 
3286.000000 -2685.373283 0.465307 
3287.000000 -2685.373283 0.465166 
3288.000000 -2486.450725 0.465328 
3289.000000 -2486.450725 0.465187 
3290.000000 -2486.450725 0.465046 
3291.000000 -1043.150981 0.465208 
3292.000000 -1043.150981 0.465067 
3293.000000 -1043.150981 0.464926 
3294.000000 -2710.311459 0.465088 
3295.000000 -2710.311459 0.464947 
3296.000000 -2181.438025 0.465109 
3297.000000 -2181.438025 0.464968 
3298.000000 -1198.089872 0.465130 
3299.000000 -1198.089872 0.464989 
3300.000000 -1198.089872 0.464848 
3301.000000 -1198.089872 0.464708 
3302.000000 -2042.911283 0.464870 
3303.000000 -1733.990972 0.465032 
3304.000000 -1733.990972 0.464891 
3305.000000 -1733.990972 0.464750 
3306.000000 -1547.254640 0.464912 
3307.000000 -1960.669391 0.465074 
3308.000000 -2668.666432 0.465236 
3309.000000 -2668.666432 0.465095 
3310.000000 -3037.346951 0.465257 
3311.000000 -3037.346951 0.465116 
3312.000000 -2579.098085 0.465278 
3313.000000 -2030.615391 0.465439 
3314.000000 -2030.615391 0.465299 
3315.000000 2118.667027 0.465460 
3316.000000 -2171.175771 0.465621 
3317.000000 -2171.175771 0.465481 
3318.000000 -2171.175771 0.465341 
3319.000000 -2404.293547 0.465502 
3320.000000 -1844.305751 0.465663 
3321.000000 -1844.305751 0.465522 
3322.000000 -2735.153250 0.465683 
3323.000000 -2735.153250 0.465543 
3324.000000 -2735.153250 0.465403 
3325.000000 -2735.153250 0.465263 
3326.000000 -2831.163909 0.465424 
3327.000000 -2831.163909 0.465284 
3328.000000 -2831.163909 0.465144 
3329.000000 -2831.163909 0.465005 
3330.000000 -1130.253859 0.465165 
3331.000000 -2909.625082 0.465326 
3332.000000 -2909.625082 0.465186 
3333.000000 -885.911002 0.465347 
3334.000000 -2398.554790 0.465507 
3335.000000 -2398.554790 0.465367 
3336.000000 -2398.554790 0.465228 
3337.000000 -2544.505046 0.465388 
3338.000000 -2544.505046 0.465249 
3339.000000 -1995.759010 0.465409 
3340.000000 -1995.759010 0.465269 
3341.000000 -1996.198951 0.465430 
3342.000000 -360.412122 0.465589 
3343.000000 -1519.025619 0.465749 
3344.000000 -2198.364542 0.465909 
3345.000000 -1094.321124 0.466069 
3346.000000 -1094.321124 0.465929 
3347.000000 -1094.321124 0.465790 
3348.000000 -1094.321124 0.465651 
3349.000000 -2462.016378 0.465811 
3350.000000 -2462.016378 0.465672 
3351.000000 -2313.491051 0.465831 
3352.000000 -2096.308670 0.465990 
3353.000000 -2096.308670 0.465851 
3354.000000 -2096.308670 0.465713 
3355.000000 -2096.308670 0.465574 
3356.000000 -2096.308670 0.465435 
3357.000000 -2373.434454 0.465594 
3358.000000 -2507.413971 0.465753 
3359.000000 -2019.072228 0.465912 
3360.000000 -2019.072228 0.465774 
3361.000000 -2584.827402 0.465933 
3362.000000 -2340.666493 0.466092 
3363.000000 -2394.478128 0.466250 
3364.000000 -2394.478128 0.466112 
3365.000000 -2394.478128 0.465973 
3366.000000 -2512.690398 0.466132 
3367.000000 -2512.690398 0.465993 
3368.000000 -2512.690398 0.465855 
3369.000000 -2409.968067 0.466014 
3370.000000 -2368.726431 0.466172 
3371.000000 -2283.963820 0.466330 
3372.000000 -2283.963820 0.466192 
3373.000000 -2367.947494 0.466350 
3374.000000 -2367.947494 0.466212 
3375.000000 -2367.947494 0.466074 
3376.000000 -2279.009297 0.466232 
3377.000000 -2242.762719 0.466390 
3378.000000 -2242.762719 0.466252 
3379.000000 -2180.021866 0.466410 
3380.000000 -2180.021866 0.466272 
3381.000000 -2359.944561 0.466430 
3382.000000 -2188.023831 0.466588 
3383.000000 -2188.023831 0.466450 
3384.000000 -2446.977551 0.466608 
3385.000000 -2446.977551 0.466470 
3386.000000 -2153.503784 0.466627 
3387.000000 -2187.978206 0.466785 
3388.000000 -2187.978206 0.466647 
3389.000000 -2187.978206 0.466509 
3390.000000 -2324.927894 0.466667 
3391.000000 -2324.927894 0.466529 
3392.000000 -2324.927894 0.466392 
3393.000000 -1902.710515 0.466549 
3394.000000 -1902.710515 0.466411 
3395.000000 -2406.886499 0.466568 
3396.000000 -2173.208574 0.466726 
3397.000000 -2219.677039 0.466883 
3398.000000 -2219.677039 0.466745 
3399.000000 -2219.677039 0.466608 
3400.000000 -2252.146365 0.466765 
3401.000000 -2252.146365 0.466627 
3402.000000 -2252.146365 0.466490 
3403.000000 -2252.146365 0.466353 
3404.000000 -2252.146365 0.466216 
3405.000000 -2252.146365 0.466079 
3406.000000 -2036.931435 0.466236 
3407.000000 -1750.099929 0.466393 
3408.000000 -1750.099929 0.466256 
3409.000000 -1750.099929 0.466119 
3410.000000 -1750.099929 0.465982 
3411.000000 -1750.099929 0.465846 
3412.000000 -1854.164883 0.466002 
3413.000000 -1854.164883 0.465866 
3414.000000 -1854.164883 0.465729 
3415.000000 -1854.164883 0.465593 
3416.000000 -2006.162197 0.465749 
3417.000000 -2006.162197 0.465613 
3418.000000 -2530.113848 0.465769 
3419.000000 -2395.152863 0.465926 
3420.000000 -2395.152863 0.465789 
3421.000000 -2496.064518 0.465946 
3422.000000 -2496.064518 0.465809 
3423.000000 -2496.064518 0.465673 
3424.000000 -2320.609692 0.465829 
3425.000000 -2081.719469 0.465985 
3426.000000 -2260.363701 0.466141 
3427.000000 -2366.954986 0.466297 
3428.000000 -2366.954986 0.466161 
3429.000000 -2413.099485 0.466317 
3430.000000 -2413.099485 0.466181 
3431.000000 -2413.099485 0.466045 
3432.000000 -2348.178525 0.466200 
3433.000000 -2270.140217 0.466356 
3434.000000 -2383.848389 0.466511 
3435.000000 -2383.848389 0.466376 
3436.000000 -2555.510980 0.466531 
3437.000000 -2430.225420 0.466686 
3438.000000 -2430.225420 0.466550 
3439.000000 -2143.609931 0.466705 
3440.000000 -2259.945053 0.466860 
3441.000000 -1991.479648 0.467015 
3442.000000 -1991.479648 0.466880 
3443.000000 -1991.479648 0.466744 
3444.000000 -2033.907320 0.466899 
3445.000000 -2033.907320 0.466763 
3446.000000 -2104.431894 0.466918 
3447.000000 -2125.576997 0.467073 
3448.000000 -2125.576997 0.466937 
3449.000000 -2043.085374 0.467092 
3450.000000 -2043.085374 0.466957 
3451.000000 -2043.085374 0.466821 
3452.000000 -1987.243866 0.466976 
3453.000000 -1987.243866 0.466840 
3454.000000 -1987.243866 0.466705 
3455.000000 -2118.324607 0.466860 
3456.000000 -2247.020655 0.467014 
3457.000000 -2059.783074 0.467168 
3458.000000 -2059.783074 0.467033 
3459.000000 -2059.783074 0.466898 
3460.000000 -2059.783074 0.466763 
3461.000000 -2010.613598 0.466917 
3462.000000 -2073.974337 0.467071 
3463.000000 -1765.454363 0.467225 
3464.000000 -1765.454363 0.467090 
3465.000000 -1894.229004 0.467244 
3466.000000 -1525.305843 0.467398 
3467.000000 -1525.305843 0.467263 
3468.000000 -1936.214944 0.467416 
3469.000000 -1915.424778 0.467570 
3470.000000 -1915.424778 0.467435 
3471.000000 -1946.724366 0.467589 
3472.000000 -1946.724366 0.467454 
3473.000000 -1946.724366 0.467319 
3474.000000 -1946.724366 0.467185 
3475.000000 -1674.727667 0.467338 
3476.000000 -1674.727667 0.467204 
3477.000000 -1674.727667 0.467069 
3478.000000 -1707.293920 0.467223 
3479.000000 -1643.429905 0.467376 
3480.000000 -1643.429905 0.467241 
3481.000000 -1694.436109 0.467394 
3482.000000 -1479.983984 0.467547 
3483.000000 -1479.983984 0.467413 
3484.000000 -1479.983984 0.467279 
3485.000000 -1105.125741 0.467432 
3486.000000 -1105.125741 0.467298 
3487.000000 -1105.125741 0.467164 
3488.000000 -696.438097 0.467317 
3489.000000 -1762.394834 0.467469 
3490.000000 -1928.002377 0.467622 
3491.000000 -1458.897578 0.467774 
3492.000000 -1458.897578 0.467640 
3493.000000 -1458.897578 0.467506 
3494.000000 -1458.897578 0.467373 
3495.000000 -1458.897578 0.467239 
3496.000000 -2161.009255 0.467391 
3497.000000 -2161.009255 0.467258 
3498.000000 -2161.009255 0.467124 
3499.000000 -1844.176917 0.467276 
3500.000000 -1959.983764 0.467429 
3501.000000 -2123.843263 0.467581 
3502.000000 -1184.550017 0.467733 
3503.000000 -1184.550017 0.467599 
3504.000000 -1184.550017 0.467466 
3505.000000 -1184.550017 0.467332 
3506.000000 -2373.573395 0.467484 
3507.000000 -2027.420815 0.467636 
3508.000000 -1615.372622 0.467788 
3509.000000 -1615.372622 0.467655 
3510.000000 -2204.272596 0.467806 
3511.000000 -2204.272596 0.467673 
3512.000000 -2204.272596 0.467540 
3513.000000 -2204.272596 0.467407 
3514.000000 -2204.272596 0.467274 
3515.000000 -1702.225315 0.467425 
3516.000000 -1702.225315 0.467292 
3517.000000 -1702.225315 0.467160 
3518.000000 -1702.225315 0.467027 
3519.000000 -1702.225315 0.466894 
3520.000000 -1702.225315 0.466761 
3521.000000 -1702.225315 0.466629 
3522.000000 -2042.226430 0.466780 
3523.000000 -2042.226430 0.466648 
3524.000000 -2042.226430 0.466515 
3525.000000 -1762.250323 0.466667 
3526.000000 -1762.250323 0.466534 
3527.000000 -2419.363829 0.466686 
3528.000000 -2419.363829 0.466553 
3529.000000 -2031.868021 0.466704 
3530.000000 -2321.296712 0.466856 
3531.000000 -2321.296712 0.466723 
3532.000000 -2300.047660 0.466874 
3533.000000 -2541.158370 0.467025 
3534.000000 -2497.577446 0.467176 
3535.000000 -2510.262163 0.467327 
3536.000000 -2211.738525 0.467477 
3537.000000 -2211.738525 0.467345 
3538.000000 -2211.738525 0.467213 
3539.000000 -1946.947246 0.467364 
3540.000000 -2095.488686 0.467514 
3541.000000 -2329.165018 0.467665 
3542.000000 -2329.165018 0.467532 
3543.000000 -2329.165018 0.467401 
3544.000000 -1744.842007 0.467551 
3545.000000 -1744.842007 0.467419 
3546.000000 -1744.842007 0.467287 
3547.000000 -1744.842007 0.467155 
3548.000000 -2739.478758 0.467306 
3549.000000 -2739.478758 0.467174 
3550.000000 -2739.478758 0.467042 
3551.000000 -2739.478758 0.466911 
3552.000000 -2739.478758 0.466779 
3553.000000 -2739.478758 0.466648 
3554.000000 -2739.478758 0.466517 
3555.000000 -2739.478758 0.466385 
3556.000000 -2383.552540 0.466535 
3557.000000 -2449.344649 0.466685 
3558.000000 -2449.344649 0.466554 
3559.000000 -1898.287951 0.466704 
3560.000000 -1898.287951 0.466573 
3561.000000 -1851.920562 0.466723 
3562.000000 -2665.423413 0.466873 
3563.000000 -2665.423413 0.466742 
3564.000000 -2665.423413 0.466611 
3565.000000 -2143.420769 0.466760 
3566.000000 -2823.446929 0.466910 
3567.000000 -2823.446929 0.466779 
3568.000000 -2823.446929 0.466648 
3569.000000 -1970.358691 0.466797 
3570.000000 -2724.448836 0.466947 
3571.000000 -2606.923482 0.467096 
3572.000000 -2676.238097 0.467245 
3573.000000 -2676.238097 0.467114 
3574.000000 -2420.151502 0.467264 
3575.000000 -2448.340909 0.467413 
3576.000000 -1693.537698 0.467562 
3577.000000 -1693.537698 0.467431 
3578.000000 -2498.159395 0.467580 
3579.000000 -2498.159395 0.467449 
3580.000000 -2498.159395 0.467318 
3581.000000 -2498.159395 0.467188 
3582.000000 -2229.297719 0.467337 
3583.000000 -1593.687073 0.467485 
3584.000000 -1262.091051 0.467634 
3585.000000 -1262.091051 0.467503 
3586.000000 -2196.667631 0.467652 
3587.000000 -2196.667631 0.467522 
3588.000000 -344.043211 0.467670 
3589.000000 -344.043211 0.467540 
3590.000000 -1366.040674 0.467688 
3591.000000 -1366.040674 0.467558 
3592.000000 -1366.040674 0.467428 
3593.000000 -1559.174193 0.467576 
3594.000000 -1559.174193 0.467446 
3595.000000 -1559.174193 0.467316 
3596.000000 -2345.530646 0.467464 
3597.000000 -2345.530646 0.467334 
3598.000000 -1999.676926 0.467482 
3599.000000 -1999.676926 0.467352 
3600.000000 -1999.676926 0.467222 
3601.000000 -1999.676926 0.467092 
3602.000000 -2520.422214 0.467240 
3603.000000 -1804.431185 0.467388 
3604.000000 -2418.940912 0.467536 
3605.000000 -2418.940912 0.467406 
3606.000000 -2187.340354 0.467554 
3607.000000 -2187.340354 0.467424 
3608.000000 -2187.340354 0.467295 
3609.000000 -2402.496694 0.467443 
3610.000000 -2291.394839 0.467590 
3611.000000 -2291.394839 0.467461 
3612.000000 -2330.189768 0.467608 
3613.000000 -2330.189768 0.467479 
3614.000000 -2182.242851 0.467626 
3615.000000 -2100.589449 0.467773 
3616.000000 -2100.589449 0.467644 
3617.000000 -1909.410128 0.467791 
3618.000000 -1908.324914 0.467938 
3619.000000 -1911.599226 0.468085 
3620.000000 -1990.349750 0.468232 
3621.000000 -2102.373686 0.468379 
3622.000000 -2102.373686 0.468250 
3623.000000 -2012.789013 0.468396 
3624.000000 -2012.789013 0.468267 
3625.000000 -2075.279431 0.468414 
3626.000000 -1898.180381 0.468560 
3627.000000 -1898.180381 0.468431 
3628.000000 -1635.212725 0.468578 
3629.000000 -1635.212725 0.468449 
3630.000000 -1806.877622 0.468595 
3631.000000 -1806.877622 0.468466 
3632.000000 -1806.877622 0.468337 
3633.000000 -1806.877622 0.468208 
3634.000000 -1806.877622 0.468079 
3635.000000 -1806.877622 0.467950 
3636.000000 -1889.176292 0.468097 
3637.000000 -1991.975985 0.468243 
3638.000000 -1991.975985 0.468114 
3639.000000 -1991.975985 0.467986 
3640.000000 -1991.975985 0.467857 
3641.000000 -1991.975985 0.467729 
3642.000000 -1929.322132 0.467875 
3643.000000 -1966.843252 0.468021 
3644.000000 -1860.370207 0.468167 
3645.000000 -1860.370207 0.468038 
3646.000000 -1698.511911 0.468184 
3647.000000 -1698.511911 0.468056 
3648.000000 -1698.511911 0.467928 
3649.000000 -1547.775332 0.468073 
3650.000000 -2610.675282 0.468219 
3651.000000 -2610.675282 0.468091 
3652.000000 -2610.675282 0.467963 
3653.000000 -2610.675282 0.467835 
3654.000000 -1516.409086 0.467980 
3655.000000 -1259.863465 0.468126 
3656.000000 -1259.863465 0.467998 
3657.000000 -1259.863465 0.467870 
3658.000000 -1543.703359 0.468015 
3659.000000 -1711.265425 0.468161 
3660.000000 -1711.265425 0.468033 
3661.000000 -1311.108437 0.468178 
3662.000000 -1274.820592 0.468323 
3663.000000 -2272.268203 0.468468 
3664.000000 -1159.562710 0.468614 
3665.000000 -1159.562710 0.468486 
3666.000000 -2067.929525 0.468631 
3667.000000 -2067.929525 0.468503 
3668.000000 -2067.929525 0.468375 
3669.000000 -2067.929525 0.468247 
3670.000000 -1874.786463 0.468392 
3671.000000 -1874.786463 0.468265 
3672.000000 -1919.574901 0.468410 
3673.000000 -1919.574901 0.468282 
3674.000000 -1919.574901 0.468155 
3675.000000 -1919.574901 0.468027 
3676.000000 -1919.574901 0.467900 
3677.000000 -2233.457654 0.468045 
3678.000000 -1461.101838 0.468189 
3679.000000 -1461.101838 0.468062 
3680.000000 -2236.549526 0.468207 
3681.000000 -2368.854717 0.468351 
3682.000000 -2222.625169 0.468495 
3683.000000 -2222.625169 0.468368 
3684.000000 -2222.625169 0.468241 
3685.000000 -2222.625169 0.468114 
3686.000000 -2063.829774 0.468258 
3687.000000 -2249.714066 0.468402 
3688.000000 -2341.734886 0.468547 
3689.000000 -2232.144114 0.468691 
3690.000000 -2176.739146 0.468835 
3691.000000 -2341.295744 0.468979 
3692.000000 -2341.295744 0.468852 
3693.000000 -2341.295744 0.468725 
3694.000000 -2341.295744 0.468598 
3695.000000 -2341.295744 0.468471 
3696.000000 -2341.295744 0.468344 
3697.000000 -2337.910106 0.468488 
3698.000000 -2337.910106 0.468361 
3699.000000 -2337.910106 0.468235 
3700.000000 -2337.910106 0.468108 
3701.000000 -2163.515948 0.468252 
3702.000000 -2085.837243 0.468395 
3703.000000 -2085.837243 0.468269 
3704.000000 -2085.837243 0.468143 
3705.000000 -2085.837243 0.468016 
3706.000000 -2326.251767 0.468160 
3707.000000 -2247.415575 0.468303 
3708.000000 -2326.936374 0.468447 
3709.000000 -2326.936374 0.468320 
3710.000000 -2326.936374 0.468194 
3711.000000 -2223.671788 0.468337 
3712.000000 -2302.174688 0.468481 
3713.000000 -2437.457460 0.468624 
3714.000000 -2345.789258 0.468767 
3715.000000 -2199.407335 0.468910 
3716.000000 -2199.407335 0.468784 
3717.000000 -2199.407335 0.468658 
3718.000000 -2219.723662 0.468800 
3719.000000 -2166.895332 0.468943 
3720.000000 -1932.223661 0.469086 
3721.000000 -1932.223661 0.468960 
3722.000000 -1932.223661 0.468834 
3723.000000 -1932.223661 0.468708 
3724.000000 -2295.885336 0.468851 
3725.000000 -2295.885336 0.468725 
3726.000000 -1992.945472 0.468867 
3727.000000 -1992.945472 0.468742 
3728.000000 -2051.923404 0.468884 
3729.000000 -2257.439172 0.469027 
3730.000000 -2205.539475 0.469169 
3731.000000 -2111.629092 0.469311 
3732.000000 -2385.876388 0.469453 
3733.000000 -2385.876388 0.469328 
3734.000000 -2385.876388 0.469202 
3735.000000 -2224.066155 0.469344 
3736.000000 -2119.619338 0.469486 
3737.000000 -2119.619338 0.469360 
3738.000000 -2119.619338 0.469235 
3739.000000 -2153.439849 0.469377 
3740.000000 -2202.044981 0.469519 
3741.000000 -2009.102009 0.469661 
3742.000000 -2009.102009 0.469535 
3743.000000 -2009.102009 0.469410 
3744.000000 -2194.227302 0.469551 
3745.000000 -2137.816939 0.469693 
3746.000000 -1695.399134 0.469834 
3747.000000 -1695.399134 0.469709 
3748.000000 -2273.966650 0.469851 
3749.000000 -2273.966650 0.469725 
3750.000000 -1787.406814 0.469867 
3751.000000 -2052.187139 0.470008 
3752.000000 -2052.187139 0.469883 
3753.000000 -2052.187139 0.469758 
3754.000000 -2304.648264 0.469899 
3755.000000 -1977.655168 0.470040 
3756.000000 -1977.655168 0.469915 
3757.000000 -2082.544840 0.470056 
3758.000000 -2255.488580 0.470197 
3759.000000 -2255.488580 0.470072 
3760.000000 -2255.488580 0.469947 
3761.000000 -2017.649973 0.470088 
3762.000000 -2364.339158 0.470229 
3763.000000 -1951.363300 0.470369 
3764.000000 -2280.100403 0.470510 
3765.000000 -2323.720900 0.470651 
3766.000000 -2323.720900 0.470526 
3767.000000 -2323.720900 0.470401 
3768.000000 -2323.720900 0.470276 
3769.000000 -2323.720900 0.470151 
3770.000000 -1685.264493 0.470292 
3771.000000 -1685.264493 0.470167 
3772.000000 -1685.264493 0.470042 
3773.000000 -965.306161 0.470183 
3774.000000 -965.306161 0.470058 
3775.000000 -965.306161 0.469934 
3776.000000 -965.306161 0.469809 
3777.000000 -2331.197043 0.469950 
3778.000000 -2331.197043 0.469825 
3779.000000 -2331.197043 0.469701 
3780.000000 -2331.197043 0.469577 
3781.000000 -2173.535079 0.469717 
3782.000000 -2173.535079 0.469593 
3783.000000 -2173.535079 0.469469 
3784.000000 -2151.462958 0.469609 
3785.000000 -2151.462958 0.469485 
3786.000000 -2151.462958 0.469361 
3787.000000 -2151.462958 0.469237 
3788.000000 -2151.462958 0.469113 
3789.000000 -2151.462958 0.468989 
3790.000000 -2339.794002 0.469129 
3791.000000 -2167.780972 0.469269 
3792.000000 -2052.669915 0.469409 
3793.000000 -2052.669915 0.469286 
3794.000000 -2274.463516 0.469425 
3795.000000 -2274.463516 0.469302 
3796.000000 -1238.007156 0.469442 
3797.000000 -1238.007156 0.469318 
3798.000000 -1238.007156 0.469194 
3799.000000 -1701.618840 0.469334 
3800.000000 -1567.166120 0.469474 
3801.000000 -1314.366892 0.469613 
3802.000000 -1314.366892 0.469490 
3803.000000 -1314.366892 0.469366 
3804.000000 -1496.434437 0.469506 
3805.000000 -1451.039707 0.469645 
3806.000000 -1451.039707 0.469522 
3807.000000 -1451.039707 0.469398 
3808.000000 -2026.126601 0.469538 
3809.000000 -2026.126601 0.469415 
3810.000000 -2026.126601 0.469291 
3811.000000 -2026.126601 0.469168 
3812.000000 -2026.126601 0.469045 
3813.000000 -2510.446493 0.469184 
3814.000000 -2510.446493 0.469061 
3815.000000 -2510.446493 0.468938 
3816.000000 -2510.446493 0.468816 
3817.000000 -2510.446493 0.468693 
3818.000000 -1171.341548 0.468832 
3819.000000 -2312.666514 0.468971 
3820.000000 -1790.866051 0.469110 
3821.000000 -1790.866051 0.468987 
3822.000000 -1790.866051 0.468864 
3823.000000 -2041.392142 0.469003 
3824.000000 -2041.392142 0.468881 
3825.000000 -2041.392142 0.468758 
3826.000000 -1272.872410 0.468897 
3827.000000 -1272.872410 0.468774 
3828.000000 -1272.872410 0.468652 
3829.000000 -1980.199787 0.468791 
3830.000000 -1681.512596 0.468930 
3831.000000 -1681.512596 0.468807 
3832.000000 -1681.512596 0.468685 
3833.000000 -1681.512596 0.468562 
3834.000000 -1681.512596 0.468440 
3835.000000 -1711.163132 0.468579 
3836.000000 -2035.343369 0.468717 
3837.000000 -2035.343369 0.468595 
3838.000000 -2015.320279 0.468734 
3839.000000 -2015.320279 0.468612 
3840.000000 -2015.320279 0.468490 
3841.000000 -2091.825805 0.468628 
3842.000000 -2091.825805 0.468506 
3843.000000 -2091.825805 0.468384 
3844.000000 -1937.750695 0.468522 
3845.000000 -1813.262961 0.468661 
3846.000000 -1738.102573 0.468799 
3847.000000 -98.244795 0.468937 
3848.000000 -98.244795 0.468815 
3849.000000 -98.244795 0.468693 
3850.000000 -1094.043572 0.468831 
3851.000000 -1080.820012 0.468969 
3852.000000 -1853.271740 0.469107 
3853.000000 -1853.271740 0.468985 
3854.000000 -2094.645828 0.469123 
3855.000000 -2094.645828 0.469001 
3856.000000 -2094.645828 0.468880 
3857.000000 -2094.645828 0.468758 
3858.000000 -2094.645828 0.468637 
3859.000000 -2094.645828 0.468515 
3860.000000 -1296.413112 0.468653 
3861.000000 -1296.413112 0.468531 
3862.000000 -1615.517745 0.468669 
3863.000000 -1615.517745 0.468548 
3864.000000 -1615.517745 0.468427 
3865.000000 -1615.517745 0.468305 
3866.000000 -679.132829 0.468443 
3867.000000 -679.132829 0.468322 
3868.000000 -2148.447228 0.468459 
3869.000000 -1572.215057 0.468597 
3870.000000 -1572.215057 0.468475 
3871.000000 -1841.875212 0.468613 
3872.000000 -1986.247265 0.468750 
3873.000000 -1986.247265 0.468629 
3874.000000 -1595.666436 0.468766 
3875.000000 -1595.666436 0.468645 
3876.000000 -1595.666436 0.468524 
3877.000000 -1595.666436 0.468403 
3878.000000 -1595.666436 0.468283 
3879.000000 -1595.666436 0.468162 
3880.000000 -2119.715229 0.468299 
3881.000000 -2586.672998 0.468436 
3882.000000 -2094.034732 0.468573 
3883.000000 -2094.034732 0.468452 
3884.000000 -2094.034732 0.468332 
3885.000000 -1396.718584 0.468468 
3886.000000 -2317.856675 0.468605 
3887.000000 -2317.856675 0.468485 
3888.000000 -2369.077390 0.468621 
3889.000000 -2369.077390 0.468501 
3890.000000 -2369.077390 0.468380 
3891.000000 -2369.077390 0.468260 
3892.000000 -2895.316201 0.468397 
3893.000000 -2895.316201 0.468276 
3894.000000 -2895.316201 0.468156 
3895.000000 -2895.316201 0.468036 
3896.000000 -2895.316201 0.467916 
3897.000000 -2895.316201 0.467796 
3898.000000 -2260.962390 0.467932 
3899.000000 -2260.962390 0.467812 
3900.000000 -2260.962390 0.467692 
3901.000000 -2260.962390 0.467572 
3902.000000 -2260.962390 0.467453 
3903.000000 -2260.962390 0.467333 
3904.000000 -2260.962390 0.467213 
3905.000000 -2335.491024 0.467350 
3906.000000 -2335.491024 0.467230 
3907.000000 -2532.265761 0.467366 
3908.000000 -2532.265761 0.467247 
3909.000000 -2532.265761 0.467127 
3910.000000 -2624.727225 0.467263 
3911.000000 -1725.245533 0.467400 
3912.000000 -1725.245533 0.467280 
3913.000000 -1725.245533 0.467161 
3914.000000 -1725.245533 0.467041 
3915.000000 -1725.245533 0.466922 
3916.000000 -1725.245533 0.466803 
3917.000000 -2228.902917 0.466939 
3918.000000 -2109.343929 0.467075 
3919.000000 -2373.433752 0.467211 
3920.000000 -2514.550847 0.467347 
3921.000000 -2128.914657 0.467483 
3922.000000 -2402.856673 0.467619 
3923.000000 -1869.794247 0.467754 
3924.000000 -1869.794247 0.467635 
3925.000000 -1869.794247 0.467516 
3926.000000 -1869.794247 0.467397 
3927.000000 -868.670610 0.467532 
3928.000000 -868.670610 0.467413 
3929.000000 -868.670610 0.467294 
3930.000000 -3023.898211 0.467430 
3931.000000 -3023.898211 0.467311 
3932.000000 -3023.898211 0.467192 
3933.000000 -3023.898211 0.467073 
3934.000000 -2521.871948 0.467209 
3935.000000 -2624.105883 0.467344 
3936.000000 -2624.105883 0.467226 
3937.000000 -2113.033095 0.467361 
3938.000000 -2325.694203 0.467496 
3939.000000 -2325.694203 0.467378 
3940.000000 -2325.694203 0.467259 
3941.000000 -2325.694203 0.467140 
3942.000000 -2325.694203 0.467022 
3943.000000 -2325.694203 0.466903 
3944.000000 -2325.694203 0.466785 
3945.000000 -2502.134214 0.466920 
3946.000000 -2497.286982 0.467055 
3947.000000 -2497.286982 0.466937 
3948.000000 -2497.286982 0.466819 
3949.000000 -2497.286982 0.466700 
3950.000000 -2497.286982 0.466582 
3951.000000 -2497.286982 0.466464 
3952.000000 -2410.656736 0.466599 
3953.000000 -2410.656736 0.466481 
3954.000000 -2057.181420 0.466616 
3955.000000 -2057.181420 0.466498 
3956.000000 -2251.122816 0.466633 
3957.000000 -2309.312292 0.466768 
3958.000000 -2188.238755 0.466902 
3959.000000 -2188.238755 0.466785 
3960.000000 -2188.238755 0.466667 
3961.000000 -1283.159692 0.466801 
3962.000000 -1283.159692 0.466683 
3963.000000 -1283.159692 0.466566 
3964.000000 -1283.159692 0.466448 
3965.000000 -1283.159692 0.466330 
3966.000000 -2415.278575 0.466465 
3967.000000 -2415.278575 0.466347 
3968.000000 -2415.278575 0.466230 
3969.000000 -2415.278575 0.466112 
3970.000000 -1450.217336 0.466247 
3971.000000 -2448.666357 0.466381 
3972.000000 -1959.836332 0.466516 
3973.000000 -1959.836332 0.466398 
3974.000000 -2356.952161 0.466532 
3975.000000 -2356.952161 0.466415 
3976.000000 -2356.952161 0.466298 
3977.000000 -2219.490169 0.466432 
3978.000000 -1761.225405 0.466566 
3979.000000 -1857.896062 0.466700 
3980.000000 -2141.843723 0.466834 
3981.000000 -2141.843723 0.466717 
3982.000000 -2141.843723 0.466600 
3983.000000 -2141.843723 0.466483 
3984.000000 -2136.641211 0.466616 
3985.000000 -2136.641211 0.466499 
3986.000000 -1843.203553 0.466633 
3987.000000 -2193.280653 0.466767 
3988.000000 -1890.398870 0.466901 
3989.000000 -1890.398870 0.466784 
3990.000000 -1890.398870 0.466667 
3991.000000 -1350.885159 0.466800 
3992.000000 -2108.811419 0.466934 
3993.000000 -1989.225028 0.467067 
3994.000000 -1989.225028 0.466950 
3995.000000 -1633.024594 0.467084 
3996.000000 -1633.024594 0.466967 
3997.000000 -1877.685459 0.467100 
3998.000000 -1877.685459 0.466983 
3999.000000 -1877.685459 0.466867 
4000.000000 -1903.233802 0.467000 
4001.000000 -2173.491853 0.467133 
4002.000000 -1735.341301 0.467266 
4003.000000 -1894.924873 0.467399 
4004.000000 -1894.924873 0.467283 
4005.000000 -1894.924873 0.467166 
4006.000000 -1894.924873 0.467049 
4007.000000 -1894.924873 0.466933 
4008.000000 -1875.332160 0.467066 
4009.000000 -2046.078463 0.467199 
4010.000000 -1758.680709 0.467332 
4011.000000 -1758.680709 0.467215 
4012.000000 -1651.249437 0.467348 
4013.000000 -1899.791823 0.467481 
4014.000000 -1899.791823 0.467364 
4015.000000 -1899.791823 0.467248 
4016.000000 -1899.791823 0.467131 
4017.000000 -1809.135020 0.467264 
4018.000000 -1809.135020 0.467148 
4019.000000 -1809.135020 0.467032 
4020.000000 -1809.135020 0.466915 
4021.000000 -2011.886557 0.467048 
4022.000000 -2011.886557 0.466932 
4023.000000 -1946.056653 0.467064 
4024.000000 -1946.056653 0.466948 
4025.000000 -1990.549918 0.467081 
4026.000000 -1990.549918 0.466965 
4027.000000 -1692.617040 0.467097 
4028.000000 -1692.617040 0.466981 
4029.000000 -1692.617040 0.466865 
4030.000000 -2097.211271 0.466998 
4031.000000 -2133.333689 0.467130 
4032.000000 -2133.333689 0.467014 
4033.000000 -2133.333689 0.466898 
4034.000000 -1964.572741 0.467030 
4035.000000 -1964.572741 0.466914 
4036.000000 -1143.816150 0.467047 
4037.000000 -1660.208280 0.467179 
4038.000000 -1660.208280 0.467063 
4039.000000 -1660.208280 0.466947 
4040.000000 -1660.208280 0.466832 
4041.000000 -1660.208280 0.466716 
4042.000000 -1660.208280 0.466601 
4043.000000 -1660.208280 0.466485 
4044.000000 -1724.549992 0.466617 
4045.000000 -1283.295135 0.466749 
4046.000000 -1283.295135 0.466634 
4047.000000 -1283.295135 0.466518 
4048.000000 -1283.295135 0.466403 
4049.000000 -2297.576483 0.466535 
4050.000000 -2455.326345 0.466667 
4051.000000 -2455.326345 0.466551 
4052.000000 -2455.326345 0.466436 
4053.000000 -2305.914965 0.466568 
4054.000000 -2419.637642 0.466700 
4055.000000 -2319.969332 0.466831 
4056.000000 -2254.529495 0.466963 
4057.000000 -2334.573191 0.467094 
4058.000000 -2306.764141 0.467225 
4059.000000 -2306.764141 0.467110 
4060.000000 -2306.764141 0.466995 
4061.000000 -2306.764141 0.466880 
4062.000000 -2306.764141 0.466765 
4063.000000 -2411.682314 0.466896 
4064.000000 -2411.682314 0.466781 
4065.000000 -2330.746772 0.466913 
4066.000000 -2330.746772 0.466798 
4067.000000 -2454.539090 0.466929 
4068.000000 -2454.539090 0.466814 
4069.000000 -2454.539090 0.466699 
4070.000000 -2516.175136 0.466830 
4071.000000 -2516.175136 0.466716 
4072.000000 -2516.175136 0.466601 
4073.000000 -2244.112613 0.466732 
4074.000000 -2244.112613 0.466618 
4075.000000 -2157.441827 0.466748 
4076.000000 -2607.001953 0.466879 
4077.000000 -2607.001953 0.466765 
4078.000000 -2607.001953 0.466650 
4079.000000 -2607.001953 0.466536 
4080.000000 -2024.352327 0.466667 
4081.000000 -2059.881046 0.466797 
4082.000000 -2059.881046 0.466683 
4083.000000 -2080.002784 0.466814 
4084.000000 -2080.002784 0.466699 
4085.000000 -2072.997268 0.466830 
4086.000000 -2072.997268 0.466716 
4087.000000 -2325.964645 0.466846 
4088.000000 -2274.881374 0.466977 
4089.000000 -2274.881374 0.466862 
4090.000000 -2323.548328 0.466993 
4091.000000 -2440.956863 0.467123 
4092.000000 -2440.956863 0.467009 
4093.000000 -2362.889212 0.467139 
4094.000000 -2647.920372 0.467269 
4095.000000 -2605.688831 0.467399 
4096.000000 -2277.040782 0.467529 
4097.000000 -2277.040782 0.467415 
4098.000000 -2277.040782 0.467301 
4099.000000 -2434.928670 0.467431 
4100.000000 -2434.928670 0.467317 
4101.000000 -2434.928670 0.467203 
4102.000000 -2434.928670 0.467089 
4103.000000 -2434.928670 0.466975 
4104.000000 -1465.156072 0.467105 
4105.000000 -1465.156072 0.466991 
4106.000000 -1465.156072 0.466878 
4107.000000 -1465.156072 0.466764 
4108.000000 -1465.156072 0.466650 
4109.000000 -2673.775954 0.466780 
4110.000000 -2386.395877 0.466910 
4111.000000 -2310.713673 0.467040 
4112.000000 -2310.713673 0.466926 
4113.000000 -2310.713673 0.466813 
4114.000000 -2598.949493 0.466942 
4115.000000 -2598.949493 0.466829 
4116.000000 -2132.103070 0.466958 
4117.000000 -2132.103070 0.466845 
4118.000000 -2132.103070 0.466731 
4119.000000 -2132.103070 0.466618 
4120.000000 -2132.103070 0.466505 
4121.000000 -2132.103070 0.466392 
4122.000000 -2132.103070 0.466279 
4123.000000 -2132.103070 0.466165 
4124.000000 -2132.103070 0.466052 
4125.000000 -2264.294240 0.466182 
4126.000000 -1921.589506 0.466311 
4127.000000 -1921.589506 0.466198 
4128.000000 -1921.589506 0.466085 
4129.000000 -1921.589506 0.465972 
4130.000000 -1619.822440 0.466102 
4131.000000 -1619.822440 0.465989 
4132.000000 -1468.092905 0.466118 
4133.000000 -1468.092905 0.466005 
4134.000000 -1468.092905 0.465893 
4135.000000 -2219.427533 0.466022 
4136.000000 -2219.427533 0.465909 
4137.000000 -1819.755025 0.466038 
4138.000000 -2063.200763 0.466167 
4139.000000 -2063.200763 0.466055 
4140.000000 -2090.653290 0.466184 
4141.000000 -2090.653290 0.466071 
4142.000000 -2090.653290 0.465958 
4143.000000 -2090.653290 0.465846 
4144.000000 -1748.971641 0.465975 
4145.000000 -1748.971641 0.465862 
4146.000000 -1748.971641 0.465750 
4147.000000 -1748.971641 0.465638 
4148.000000 -1740.216412 0.465767 
4149.000000 -1430.715345 0.465895 
4150.000000 -1430.715345 0.465783 
4151.000000 -1077.334792 0.465912 
4152.000000 -1077.334792 0.465800 
4153.000000 -1524.106033 0.465928 
4154.000000 -1290.308609 0.466057 
4155.000000 -1290.308609 0.465945 
4156.000000 -1907.805040 0.466073 
4157.000000 -1907.805040 0.465961 
4158.000000 -1907.805040 0.465849 
4159.000000 -1220.950639 0.465977 
4160.000000 -1220.950639 0.465865 
4161.000000 -1220.950639 0.465753 
4162.000000 -1220.950639 0.465642 
4163.000000 -1220.950639 0.465530 
4164.000000 -1220.950639 0.465418 
4165.000000 -970.780406 0.465546 
4166.000000 -970.780406 0.465434 
4167.000000 -938.116736 0.465563 
4168.000000 -1944.311130 0.465691 
4169.000000 -1175.178906 0.465819 
4170.000000 -1175.178906 0.465707 
4171.000000 -1175.178906 0.465596 
4172.000000 -1175.178906 0.465484 
4173.000000 -1175.178906 0.465373 
4174.000000 -1254.503862 0.465501 
4175.000000 -1082.424710 0.465629 
4176.000000 -1454.560027 0.465757 
4177.000000 -1454.560027 0.465645 
4178.000000 -1454.560027 0.465534 
4179.000000 -1454.560027 0.465422 
4180.000000 -1389.051391 0.465550 
4181.000000 -1389.051391 0.465439 
4182.000000 -2097.270994 0.465567 
4183.000000 -2097.270994 0.465455 
4184.000000 -2097.270994 0.465344 
4185.000000 -2097.270994 0.465233 
4186.000000 -2097.270994 0.465122 
4187.000000 -1752.326140 0.465250 
4188.000000 -2096.342603 0.465377 
4189.000000 -2096.342603 0.465266 
4190.000000 -2096.342603 0.465155 
4191.000000 -1849.637633 0.465283 
4192.000000 -1629.535659 0.465410 
4193.000000 -1629.535659 0.465299 
4194.000000 -2185.044150 0.465427 
4195.000000 -2225.680581 0.465554 
4196.000000 -2225.680581 0.465443 
4197.000000 -2225.680581 0.465332 
4198.000000 -2224.052166 0.465460 
4199.000000 -2224.052166 0.465349 
4200.000000 -2224.052166 0.465238 
4201.000000 -2224.052166 0.465127 
4202.000000 -2224.052166 0.465017 
4203.000000 -2213.763616 0.465144 
4204.000000 -2179.444712 0.465271 
4205.000000 -2242.711485 0.465398 
4206.000000 -2242.711485 0.465288 
4207.000000 -2037.018864 0.465415 
4208.000000 -2037.018864 0.465304 
4209.000000 -1718.484253 0.465431 
4210.000000 -2123.771122 0.465558 
4211.000000 -2123.771122 0.465448 
4212.000000 -2123.771122 0.465337 
4213.000000 -2123.771122 0.465227 
4214.000000 -2123.771122 0.465116 
4215.000000 -1764.461186 0.465243 
4216.000000 -2182.438143 0.465370 
4217.000000 -2182.438143 0.465260 
4218.000000 -2182.438143 0.465149 
4219.000000 -2182.438143 0.465039 
4220.000000 -2182.438143 0.464929 
4221.000000 -2182.438143 0.464819 
4222.000000 -2226.582807 0.464946 
4223.000000 -2226.582807 0.464835 
4224.000000 -2226.582807 0.464725 
4225.000000 -2226.582807 0.464615 
4226.000000 -2226.582807 0.464505 
4227.000000 -2226.582807 0.464396 
4228.000000 -2226.582807 0.464286 
4229.000000 -2067.702267 0.464412 
4230.000000 -2067.702267 0.464303 
4231.000000 -2205.501125 0.464429 
4232.000000 -2205.501125 0.464319 
4233.000000 -2103.073256 0.464446 
4234.000000 -2011.844292 0.464573 
4235.000000 -2671.887297 0.464699 
4236.000000 -2671.887297 0.464589 
4237.000000 -2398.413978 0.464716 
4238.000000 -2398.413978 0.464606 
4239.000000 -2382.437511 0.464732 
4240.000000 -2023.719336 0.464858 
4241.000000 -2023.719336 0.464749 
4242.000000 -2023.719336 0.464639 
4243.000000 -2580.091947 0.464765 
4244.000000 -2157.893178 0.464892 
4245.000000 -1850.140070 0.465018 
4246.000000 -2037.965895 0.465144 
4247.000000 -2037.965895 0.465034 
4248.000000 -2037.965895 0.464925 
4249.000000 -2037.965895 0.464815 
4250.000000 -2139.885582 0.464941 
4251.000000 -2139.885582 0.464832 
4252.000000 -2139.885582 0.464722 
4253.000000 -1627.155472 0.464848 
4254.000000 -1627.155472 0.464739 
4255.000000 -1627.155472 0.464630 
4256.000000 -1627.155472 0.464521 
4257.000000 -1627.155472 0.464412 
4258.000000 -1710.812185 0.464537 
4259.000000 -1710.812185 0.464428 
4260.000000 -1710.812185 0.464319 
4261.000000 -2079.112182 0.464445 
4262.000000 -2182.910612 0.464571 
4263.000000 -2182.910612 0.464462 
4264.000000 -2293.253024 0.464587 
4265.000000 -2192.756052 0.464713 
4266.000000 -1963.292708 0.464838 
4267.000000 -1963.292708 0.464729 
4268.000000 -1963.292708 0.464620 
4269.000000 -2081.633737 0.464746 
4270.000000 -2081.633737 0.464637 
4271.000000 -2101.984522 0.464762 
4272.000000 -2101.984522 0.464654 
4273.000000 -2021.730038 0.464779 
4274.000000 -2021.730038 0.464670 
4275.000000 -2021.730038 0.464561 
4276.000000 -2021.730038 0.464453 
4277.000000 -1994.059855 0.464578 
4278.000000 -2114.853230 0.464703 
4279.000000 -2114.853230 0.464595 
4280.000000 -2114.853230 0.464486 
4281.000000 -2257.921573 0.464611 
4282.000000 -2168.484307 0.464736 
4283.000000 -2039.336711 0.464861 
4284.000000 -1915.111790 0.464986 
4285.000000 -2177.475190 0.465111 
4286.000000 -2053.364607 0.465236 
4287.000000 -2053.364607 0.465127 
4288.000000 -2053.364607 0.465019 
4289.000000 -2053.364607 0.464910 
4290.000000 -2252.551843 0.465035 
4291.000000 -2195.910746 0.465160 
4292.000000 -2195.910746 0.465051 
4293.000000 -2111.819474 0.465176 
4294.000000 -2112.249815 0.465300 
4295.000000 -2112.249815 0.465192 
4296.000000 -2112.249815 0.465084 
4297.000000 -2068.727047 0.465208 
4298.000000 -2068.727047 0.465100 
4299.000000 -1883.665844 0.465224 
4300.000000 -1883.665844 0.465116 
4301.000000 -1987.976181 0.465241 
4302.000000 -1987.976181 0.465132 
4303.000000 -1987.976181 0.465024 
4304.000000 -1890.444035 0.465149 
4305.000000 -1417.297535 0.465273 
4306.000000 -113.799876 0.465397 
4307.000000 -2159.707615 0.465521 
4308.000000 -2159.707615 0.465413 
4309.000000 -2159.707615 0.465305 
4310.000000 -1400.976818 0.465429 
4311.000000 -1400.976818 0.465321 
4312.000000 -1877.613629 0.465445 
4313.000000 -1877.613629 0.465337 
4314.000000 -1877.613629 0.465229 
4315.000000 -1877.613629 0.465122 
4316.000000 -2023.433994 0.465246 
4317.000000 -2023.574647 0.465369 
4318.000000 -2023.574647 0.465262 
4319.000000 -2125.312996 0.465386 
4320.000000 -2020.527090 0.465509 
4321.000000 -2020.527090 0.465402 
4322.000000 -2020.527090 0.465294 
4323.000000 -2020.527090 0.465186 
4324.000000 -2020.527090 0.465079 
4325.000000 -2020.527090 0.464971 
4326.000000 -2020.527090 0.464864 
4327.000000 -2020.527090 0.464756 
4328.000000 -2020.527090 0.464649 
4329.000000 -1881.131953 0.464772 
4330.000000 -1881.131953 0.464665 
4331.000000 -2284.184709 0.464789 
4332.000000 -2239.917517 0.464912 
4333.000000 -2239.917517 0.464805 
4334.000000 -2273.792045 0.464928 
4335.000000 -2257.452815 0.465052 
4336.000000 -2295.991711 0.465175 
4337.000000 -2305.068929 0.465299 
4338.000000 -2305.068929 0.465191 
4339.000000 -2105.640773 0.465315 
4340.000000 -2105.640773 0.465207 
4341.000000 -2306.834205 0.465331 
4342.000000 -2306.834205 0.465223 
4343.000000 -2223.762090 0.465347 
4344.000000 -2305.060510 0.465470 
4345.000000 -2273.483238 0.465593 
4346.000000 -2273.483238 0.465486 
4347.000000 -2273.483238 0.465378 
4348.000000 -2234.685369 0.465501 
4349.000000 -2234.685369 0.465394 
4350.000000 -2234.685369 0.465287 
4351.000000 -2330.659978 0.465410 
4352.000000 -2387.989161 0.465533 
4353.000000 -1951.192407 0.465656 
4354.000000 -1951.192407 0.465549 
4355.000000 -2126.249207 0.465672 
4356.000000 -2004.020573 0.465794 
4357.000000 -2004.020573 0.465687 
4358.000000 -1787.864473 0.465810 
4359.000000 -1988.686773 0.465933 
4360.000000 -1988.686773 0.465826 
4361.000000 -1973.189857 0.465948 
4362.000000 -2037.364313 0.466071 
4363.000000 -2008.853227 0.466193 
4364.000000 -2008.853227 0.466086 
4365.000000 -2008.853227 0.465979 
4366.000000 -1989.953589 0.466102 
4367.000000 -1989.953589 0.465995 
4368.000000 -1989.953589 0.465888 
4369.000000 -1859.041222 0.466011 
4370.000000 -2061.068694 0.466133 
4371.000000 -2061.068694 0.466026 
4372.000000 -2061.068694 0.465919 
4373.000000 -1955.347227 0.466042 
4374.000000 -1955.347227 0.465935 
4375.000000 -1955.347227 0.465829 
4376.000000 -1955.347227 0.465722 
4377.000000 -1933.910691 0.465844 
4378.000000 -2192.426431 0.465966 
4379.000000 -2027.929380 0.466088 
4380.000000 -2027.929380 0.465982 
4381.000000 -2027.929380 0.465875 
4382.000000 -2072.201761 0.465997 
4383.000000 -2072.201761 0.465891 
4384.000000 -2072.201761 0.465785 
4385.000000 -2276.311920 0.465906 
4386.000000 -1863.853030 0.466028 
4387.000000 -1863.853030 0.465922 
4388.000000 -2338.527890 0.466044 
4389.000000 -2236.516178 0.466165 
4390.000000 -1845.557873 0.466287 
4391.000000 -1193.368447 0.466409 
4392.000000 -1193.368447 0.466302 
4393.000000 -1022.616912 0.466424 
4394.000000 -1022.616912 0.466318 
4395.000000 -1022.616912 0.466212 
4396.000000 -1265.013489 0.466333 
4397.000000 -1265.013489 0.466227 
4398.000000 -1265.013489 0.466121 
4399.000000 -1812.412687 0.466242 
4400.000000 -1208.243430 0.466364 
4401.000000 -1839.025148 0.466485 
4402.000000 -1839.025148 0.466379 
4403.000000 -2378.274372 0.466500 
4404.000000 -2119.343651 0.466621 
4405.000000 -1082.400844 0.466742 
4406.000000 -2659.541838 0.466863 
4407.000000 -2659.541838 0.466757 
4408.000000 -2659.541838 0.466652 
4409.000000 -2659.541838 0.466546 
4410.000000 -2782.440320 0.466667 
4411.000000 -2349.253231 0.466788 
4412.000000 -2252.440638 0.466908 
4413.000000 -2424.698474 0.467029 
4414.000000 -2424.698474 0.466923 
4415.000000 -2424.698474 0.466818 
4416.000000 -2424.698474 0.466712 
4417.000000 -2424.698474 0.466606 
4418.000000 -2424.698474 0.466501 
4419.000000 -2424.698474 0.466395 
4420.000000 -2135.714573 0.466516 
4421.000000 -1917.924485 0.466637 
4422.000000 -2255.676440 0.466757 
4423.000000 -2255.676440 0.466652 
4424.000000 -2487.420313 0.466772 
4425.000000 -2487.420313 0.466667 
4426.000000 -2487.420313 0.466561 
4427.000000 -2477.170143 0.466682 
4428.000000 -2477.170143 0.466576 
4429.000000 -2382.258872 0.466697 
4430.000000 -2382.258872 0.466591 
4431.000000 -2382.258872 0.466486 
4432.000000 -2382.258872 0.466381 
4433.000000 -2255.329682 0.466501 
4434.000000 -2255.329682 0.466396 
4435.000000 -2255.329682 0.466291 
4436.000000 -2033.420225 0.466411 
4437.000000 -2112.614067 0.466531 
4438.000000 -2304.902562 0.466652 
4439.000000 -2010.351894 0.466772 
4440.000000 -1729.689862 0.466892 
4441.000000 -1729.689862 0.466787 
4442.000000 -1729.689862 0.466682 
4443.000000 -1729.689862 0.466577 
4444.000000 -1729.689862 0.466472 
4445.000000 -1729.689862 0.466367 
4446.000000 -1729.689862 0.466262 
4447.000000 -1729.689862 0.466157 
4448.000000 -1431.404538 0.466277 
4449.000000 -1431.404538 0.466172 
4450.000000 -1431.404538 0.466067 
4451.000000 -1431.404538 0.465963 
4452.000000 -1431.404538 0.465858 
4453.000000 -1431.404538 0.465753 
4454.000000 -1431.404538 0.465649 
4455.000000 -1431.404538 0.465544 
4456.000000 -1723.099912 0.465664 
4457.000000 -1723.099912 0.465560 
4458.000000 -1723.099912 0.465455 
4459.000000 -1723.099912 0.465351 
4460.000000 -1743.173066 0.465471 
4461.000000 -1743.173066 0.465367 
4462.000000 -1919.853875 0.465486 
4463.000000 -1780.447127 0.465606 
4464.000000 -1780.447127 0.465502 
4465.000000 -1780.447127 0.465398 
4466.000000 -1780.447127 0.465293 
4467.000000 -1837.902137 0.465413 
4468.000000 -2209.053448 0.465533 
4469.000000 -2002.633016 0.465652 
4470.000000 -1614.757206 0.465772 
4471.000000 -1614.757206 0.465668 
4472.000000 -1614.757206 0.465564 
4473.000000 -2026.080507 0.465683 
4474.000000 -524.012146 0.465802 
4475.000000 -2006.960143 0.465922 
4476.000000 -2006.960143 0.465818 
4477.000000 -1862.685712 0.465937 
4478.000000 -1862.685712 0.465833 
4479.000000 -2128.570951 0.465952 
4480.000000 -2316.835971 0.466071 
4481.000000 -2316.835971 0.465967 
4482.000000 -2182.767082 0.466087 
4483.000000 -2182.767082 0.465983 
4484.000000 -1903.593016 0.466102 
4485.000000 -2139.673336 0.466221 
4486.000000 -2169.549028 0.466340 
4487.000000 -2169.549028 0.466236 
4488.000000 -2169.549028 0.466132 
4489.000000 -2280.608424 0.466251 
4490.000000 -2000.022667 0.466370 
4491.000000 -2000.022667 0.466266 
4492.000000 -2027.635174 0.466385 
4493.000000 -2487.322445 0.466503 
4494.000000 -2487.322445 0.466400 
4495.000000 -2145.194489 0.466518 
4496.000000 -2145.194489 0.466415 
4497.000000 -2145.194489 0.466311 
4498.000000 -2145.194489 0.466207 
4499.000000 -1993.836694 0.466326 
4500.000000 -1993.836694 0.466222 
4501.000000 -2195.970089 0.466341 
4502.000000 -2259.273734 0.466459 
4503.000000 -2259.273734 0.466356 
4504.000000 -2008.888773 0.466474 
4505.000000 -2008.888773 0.466371 
4506.000000 -2008.888773 0.466267 
4507.000000 -1817.375551 0.466386 
4508.000000 -1817.375551 0.466282 
4509.000000 -1701.690661 0.466401 
4510.000000 -1701.690661 0.466297 
4511.000000 -1883.268680 0.466415 
4512.000000 -1883.268680 0.466312 
4513.000000 -1883.268680 0.466209 
4514.000000 -2200.814833 0.466327 
4515.000000 -1559.007832 0.466445 
4516.000000 -1635.820721 0.466563 
4517.000000 -1635.820721 0.466460 
4518.000000 -1600.882481 0.466578 
4519.000000 -1600.882481 0.466475 
4520.000000 -2069.098262 0.466593 
4521.000000 -1991.767564 0.466711 
4522.000000 -1758.625688 0.466829 
4523.000000 -1758.625688 0.466726 
4524.000000 -2097.812242 0.466844 
4525.000000 -2097.812242 0.466740 
4526.000000 -2097.812242 0.466637 
4527.000000 -2221.276821 0.466755 
4528.000000 -2221.276821 0.466652 
4529.000000 -2221.276821 0.466549 
4530.000000 -2221.276821 0.466446 
4531.000000 -2148.911250 0.466564 
4532.000000 -2148.911250 0.466461 
4533.000000 -2148.911250 0.466358 
4534.000000 -2204.842190 0.466476 
4535.000000 -2204.842190 0.466373 
4536.000000 -2204.842190 0.466270 
4537.000000 -1988.289904 0.466387 
4538.000000 -1988.289904 0.466285 
4539.000000 -2441.932878 0.466402 
4540.000000 -2441.932878 0.466300 
4541.000000 -2441.932878 0.466197 
4542.000000 -2259.389624 0.466314 
4543.000000 -2031.990265 0.466432 
4544.000000 -2031.990265 0.466329 
4545.000000 -2031.990265 0.466227 
4546.000000 -2188.185777 0.466344 
4547.000000 -2188.185777 0.466241 
4548.000000 -2188.185777 0.466139 
4549.000000 -2188.185777 0.466036 
4550.000000 -2188.185777 0.465934 
4551.000000 -1871.309235 0.466051 
4552.000000 -1335.789790 0.466169 
4553.000000 269.209784 0.466286 
4554.000000 269.209784 0.466184 
4555.000000 269.209784 0.466081 
4556.000000 269.209784 0.465979 
4557.000000 -1453.769340 0.466096 
4558.000000 -1453.769340 0.465994 
4559.000000 -1453.769340 0.465892 
4560.000000 -1453.769340 0.465789 
4561.000000 -1453.769340 0.465687 
4562.000000 -1388.483226 0.465804 
4563.000000 -1534.028468 0.465922 
4564.000000 -1534.028468 0.465819 
4565.000000 -1534.028468 0.465717 
4566.000000 -488.970432 0.465834 
4567.000000 613.235186 0.465951 
4568.000000 613.235186 0.465849 
4569.000000 1368.747392 0.465966 
4570.000000 -253.299270 0.466083 
4571.000000 470.613234 0.466200 
4572.000000 -647.050536 0.466317 
4573.000000 -647.050536 0.466215 
4574.000000 -647.050536 0.466113 
4575.000000 -647.050536 0.466011 
4576.000000 -647.050536 0.465909 
4577.000000 -1424.120658 0.466026 
4578.000000 582.997109 0.466142 
4579.000000 582.997109 0.466041 
4580.000000 -897.453559 0.466157 
4581.000000 -1340.963042 0.466274 
4582.000000 -1340.963042 0.466172 
4583.000000 -1407.150938 0.466288 
4584.000000 -1932.529560 0.466405 
4585.000000 -1932.529560 0.466303 
4586.000000 -1932.529560 0.466201 
4587.000000 -1932.529560 0.466100 
4588.000000 -2220.440487 0.466216 
4589.000000 -2011.000749 0.466333 
4590.000000 -2011.000749 0.466231 
4591.000000 -2011.000749 0.466129 
4592.000000 -2011.000749 0.466028 
4593.000000 -2173.328262 0.466144 
4594.000000 -2173.328262 0.466043 
4595.000000 -1852.023797 0.466159 
4596.000000 -1590.384052 0.466275 
4597.000000 -1828.867569 0.466391 
4598.000000 -1583.012062 0.466507 
4599.000000 -2303.555865 0.466623 
4600.000000 -1947.164699 0.466739 
4601.000000 -2477.446738 0.466855 
4602.000000 -2477.446738 0.466754 
4603.000000 -2477.446738 0.466652 
4604.000000 -2422.683356 0.466768 
4605.000000 -2361.019375 0.466884 
4606.000000 -2361.019375 0.466782 
4607.000000 -2602.136806 0.466898 
4608.000000 -2602.136806 0.466797 
4609.000000 -2602.136806 0.466696 
4610.000000 -2272.639111 0.466811 
4611.000000 -2583.628908 0.466927 
4612.000000 -2583.628908 0.466826 
4613.000000 -2583.628908 0.466724 
4614.000000 -2754.057509 0.466840 
4615.000000 -2754.057509 0.466739 
4616.000000 -2452.968147 0.466854 
4617.000000 -2427.196613 0.466970 
4618.000000 -2010.651544 0.467085 
4619.000000 -2010.651544 0.466984 
4620.000000 -2010.651544 0.466883 
4621.000000 -2618.534551 0.466998 
4622.000000 -2622.355862 0.467114 
4623.000000 -2622.355862 0.467013 
4624.000000 -2553.549120 0.467128 
4625.000000 -2553.549120 0.467027 
4626.000000 -2285.088825 0.467142 
4627.000000 -2244.262594 0.467257 
4628.000000 -2473.346763 0.467373 
4629.000000 -2330.740877 0.467488 
4630.000000 -2690.122571 0.467603 
4631.000000 -2690.122571 0.467502 
4632.000000 -2581.331113 0.467617 
4633.000000 -2433.149714 0.467731 
4634.000000 -2433.149714 0.467631 
4635.000000 -2270.175952 0.467745 
4636.000000 -2270.175952 0.467645 
4637.000000 -2270.175952 0.467544 
4638.000000 -2270.175952 0.467443 
4639.000000 -2388.104993 0.467558 
4640.000000 -2388.104993 0.467457 
4641.000000 -2388.104993 0.467356 
4642.000000 -2388.104993 0.467255 
4643.000000 -2388.104993 0.467155 
4644.000000 -2388.104993 0.467054 
4645.000000 -2388.104993 0.466954 
4646.000000 -2348.871422 0.467068 
4647.000000 -2280.489914 0.467183 
4648.000000 -2391.551834 0.467298 
4649.000000 -2103.640959 0.467412 
4650.000000 -2103.640959 0.467312 
4651.000000 -2103.640959 0.467211 
4652.000000 -2482.918065 0.467326 
4653.000000 -2482.918065 0.467225 
4654.000000 -2132.662349 0.467340 
4655.000000 -2056.919387 0.467454 
4656.000000 -2056.919387 0.467354 
4657.000000 -2056.919387 0.467254 
4658.000000 -1676.422813 0.467368 
4659.000000 -2134.663217 0.467482 
4660.000000 -2134.663217 0.467382 
4661.000000 -2045.364237 0.467496 
4662.000000 -2045.364237 0.467396 
4663.000000 -2170.261958 0.467510 
4664.000000 -2170.261958 0.467410 
4665.000000 -2118.714324 0.467524 
4666.000000 -2118.714324 0.467424 
4667.000000 -2249.505414 0.467538 
4668.000000 -2249.505414 0.467438 
4669.000000 -2346.275526 0.467552 
4670.000000 -2346.275526 0.467452 
4671.000000 -2540.482445 0.467566 
4672.000000 -2076.429487 0.467680 
4673.000000 -1761.679960 0.467794 
4674.000000 -1761.679960 0.467694 
4675.000000 -2413.171112 0.467807 
4676.000000 -2517.202951 0.467921 
4677.000000 -2517.202951 0.467821 
4678.000000 -2082.478543 0.467935 
4679.000000 -1617.858784 0.468049 
4680.000000 -1617.858784 0.467949 
4681.000000 -1617.858784 0.467849 
4682.000000 -1088.933632 0.467962 
4683.000000 -2368.076118 0.468076 
4684.000000 -2368.076118 0.467976 
4685.000000 -2368.076118 0.467876 
4686.000000 -1853.736777 0.467990 
4687.000000 -1853.736777 0.467890 
4688.000000 -1853.736777 0.467790 
4689.000000 -1950.652570 0.467904 
4690.000000 -1950.652570 0.467804 
4691.000000 -1950.652570 0.467704 
4692.000000 307.765796 0.467818 
4693.000000 307.765796 0.467718 
4694.000000 -1030.165239 0.467831 
4695.000000 -2127.603579 0.467945 
4696.000000 -2127.603579 0.467845 
4697.000000 -2127.603579 0.467745 
4698.000000 -2525.663128 0.467859 
4699.000000 -2175.130817 0.467972 
4700.000000 -2175.130817 0.467872 
4701.000000 -2175.130817 0.467773 
4702.000000 -2175.130817 0.467673 
4703.000000 -1667.966916 0.467787 
4704.000000 -1667.966916 0.467687 
4705.000000 -1667.966916 0.467588 
4706.000000 -2576.503414 0.467701 
4707.000000 -2576.503414 0.467601 
4708.000000 -1692.846137 0.467715 
4709.000000 -1692.846137 0.467615 
4710.000000 -1692.846137 0.467516 
4711.000000 -2710.563866 0.467629 
4712.000000 -2243.690945 0.467742 
4713.000000 -2243.690945 0.467643 
4714.000000 -2243.690945 0.467543 
4715.000000 -2243.690945 0.467444 
4716.000000 -2243.690945 0.467345 
4717.000000 -1918.956245 0.467458 
4718.000000 -1918.956245 0.467359 
4719.000000 -2323.279659 0.467472 
4720.000000 -2223.848294 0.467585 
4721.000000 -2256.953640 0.467698 
4722.000000 -2554.427658 0.467810 
4723.000000 -2554.427658 0.467711 
4724.000000 -2566.132570 0.467824 
4725.000000 -2566.132570 0.467725 
4726.000000 -2566.132570 0.467626 
4727.000000 -2566.132570 0.467527 
4728.000000 -2156.027383 0.467640 
4729.000000 -2156.027383 0.467541 
4730.000000 -2156.027383 0.467442 
4731.000000 -2282.708780 0.467554 
4732.000000 -2066.088761 0.467667 
4733.000000 -2066.088761 0.467568 
4734.000000 -2097.929193 0.467681 
4735.000000 -2097.929193 0.467582 
4736.000000 -2251.905035 0.467694 
4737.000000 -1980.237027 0.467807 
4738.000000 -2167.080041 0.467919 
4739.000000 -1839.720090 0.468031 
4740.000000 -1858.045402 0.468143 
4741.000000 -1858.045402 0.468045 
4742.000000 -1830.050743 0.468157 
4743.000000 -2215.921313 0.468269 
4744.000000 -2383.135701 0.468381 
4745.000000 -2383.135701 0.468282 
4746.000000 -1782.366416 0.468394 
4747.000000 -1782.366416 0.468296 
4748.000000 -2360.406765 0.468408 
4749.000000 -2180.049556 0.468520 
4750.000000 -2521.992470 0.468632 
4751.000000 -2521.992470 0.468533 
4752.000000 -2451.885152 0.468645 
4753.000000 -2451.885152 0.468546 
4754.000000 -2451.885152 0.468448 
4755.000000 -2451.885152 0.468349 
4756.000000 -1550.674069 0.468461 
4757.000000 -1550.674069 0.468362 
4758.000000 -2660.437763 0.468474 
4759.000000 -2660.437763 0.468376 
4760.000000 -2660.437763 0.468277 
4761.000000 -2660.437763 0.468179 
4762.000000 -2660.437763 0.468081 
4763.000000 -2397.304656 0.468192 
4764.000000 -2138.804981 0.468304 
4765.000000 -2138.804981 0.468206 
4766.000000 -2040.174990 0.468317 
4767.000000 -1857.780935 0.468429 
4768.000000 -1857.780935 0.468331 
4769.000000 -1857.780935 0.468232 
4770.000000 -1857.780935 0.468134 
4771.000000 -1857.780935 0.468036 
4772.000000 -2214.010066 0.468148 
4773.000000 -2446.781752 0.468259 
4774.000000 -1324.804173 0.468370 
4775.000000 -2314.906062 0.468482 
4776.000000 -2314.906062 0.468384 
4777.000000 -2314.906062 0.468286 
4778.000000 -2314.906062 0.468188 
4779.000000 -2574.180609 0.468299 
4780.000000 -2574.180609 0.468201 
4781.000000 -2574.180609 0.468103 
4782.000000 -2215.730813 0.468214 
4783.000000 -2215.730813 0.468116 
4784.000000 -2177.274042 0.468227 
4785.000000 -2177.274042 0.468130 
4786.000000 -2250.026287 0.468241 
4787.000000 -2119.519870 0.468352 
4788.000000 -2119.519870 0.468254 
4789.000000 -1890.797762 0.468365 
4790.000000 -1890.797762 0.468267 
4791.000000 -2236.551026 0.468378 
4792.000000 -2236.551026 0.468280 
4793.000000 -2114.873697 0.468391 
4794.000000 -2114.873697 0.468294 
4795.000000 -2328.424761 0.468405 
4796.000000 -1841.978686 0.468515 
4797.000000 -1841.978686 0.468418 
4798.000000 -1841.978686 0.468320 
4799.000000 -1841.978686 0.468223 
4800.000000 -1979.285757 0.468333 
4801.000000 -2357.969744 0.468444 
4802.000000 -2357.969744 0.468347 
4803.000000 -2345.499498 0.468457 
4804.000000 -2377.225616 0.468568 
4805.000000 -2377.225616 0.468470 
4806.000000 -2377.225616 0.468373 
4807.000000 -2889.164897 0.468483 
4808.000000 -2889.164897 0.468386 
4809.000000 -2099.414288 0.468497 
4810.000000 -2099.414288 0.468399 
4811.000000 -2120.499349 0.468510 
4812.000000 -1823.810844 0.468620 
4813.000000 -1823.810844 0.468523 
4814.000000 -1823.810844 0.468425 
4815.000000 -2373.341230 0.468536 
4816.000000 -2373.341230 0.468439 
4817.000000 -2373.341230 0.468341 
4818.000000 -2385.568585 0.468452 
4819.000000 -2421.216724 0.468562 
4820.000000 -1717.553487 0.468672 
4821.000000 -1717.553487 0.468575 
4822.000000 -1717.553487 0.468478 
4823.000000 -2436.336243 0.468588 
4824.000000 -2436.336243 0.468491 
4825.000000 -2436.336243 0.468394 
4826.000000 -2190.083113 0.468504 
4827.000000 -2534.097138 0.468614 
4828.000000 -2472.338173 0.468724 
4829.000000 -2472.338173 0.468627 
4830.000000 -2472.338173 0.468530 
4831.000000 -2472.338173 0.468433 
4832.000000 -2472.338173 0.468336 
4833.000000 -2192.158275 0.468446 
4834.000000 -2192.158275 0.468349 
4835.000000 -2330.099399 0.468459 
4836.000000 -2351.100875 0.468569 
4837.000000 -2351.100875 0.468472 
4838.000000 -1696.359423 0.468582 
4839.000000 -1696.359423 0.468485 
4840.000000 -2174.516007 0.468595 
4841.000000 -2174.516007 0.468498 
4842.000000 -2174.516007 0.468401 
4843.000000 -2174.516007 0.468305 
4844.000000 -1679.251163 0.468415 
4845.000000 -1679.251163 0.468318 
4846.000000 -1679.251163 0.468221 
4847.000000 -1679.251163 0.468125 
4848.000000 -2004.590686 0.468234 
4849.000000 -2004.590686 0.468138 
4850.000000 -2004.590686 0.468041 
4851.000000 -1914.595827 0.468151 
4852.000000 -1914.595827 0.468054 
4853.000000 -1914.595827 0.467958 
4854.000000 -1914.595827 0.467862 
4855.000000 -1914.595827 0.467765 
4856.000000 -2415.008806 0.467875 
4857.000000 -2474.907957 0.467984 
4858.000000 -2474.907957 0.467888 
4859.000000 -2474.907957 0.467792 
4860.000000 -2474.907957 0.467695 
4861.000000 -2474.907957 0.467599 
4862.000000 -1801.891991 0.467709 
4863.000000 -446.728274 0.467818 
4864.000000 -446.728274 0.467722 
4865.000000 -446.728274 0.467626 
4866.000000 -2202.101993 0.467735 
4867.000000 -2202.101993 0.467639 
4868.000000 -2202.101993 0.467543 
4869.000000 -2202.101993 0.467447 
4870.000000 -2202.101993 0.467351 
4871.000000 -1064.757432 0.467460 
4872.000000 -1064.757432 0.467365 
4873.000000 -2357.949879 0.467474 
4874.000000 -2357.949879 0.467378 
4875.000000 -2357.949879 0.467282 
4876.000000 -2357.949879 0.467186 
4877.000000 -1605.316852 0.467295 
4878.000000 -1605.316852 0.467200 
4879.000000 -1605.316852 0.467104 
4880.000000 -1897.827514 0.467213 
4881.000000 -1897.827514 0.467117 
4882.000000 -1021.918771 0.467227 
4883.000000 -1021.918771 0.467131 
4884.000000 -2421.430065 0.467240 
4885.000000 -2088.337021 0.467349 
4886.000000 -2088.337021 0.467253 
4887.000000 -1071.779104 0.467362 
4888.000000 -1071.779104 0.467267 
4889.000000 -1071.779104 0.467171 
4890.000000 -1071.779104 0.467076 
4891.000000 -2107.764886 0.467185 
4892.000000 -2107.764886 0.467089 
4893.000000 -2107.764886 0.466994 
4894.000000 -2107.764886 0.466898 
4895.000000 -2145.885625 0.467007 
4896.000000 -2145.885625 0.466912 
4897.000000 -2145.885625 0.466816 
4898.000000 -2145.885625 0.466721 
4899.000000 -2145.885625 0.466626 
4900.000000 -2168.868671 0.466735 
4901.000000 -1519.188603 0.466844 
4902.000000 -1519.188603 0.466748 
4903.000000 -2516.110212 0.466857 
4904.000000 -2516.110212 0.466762 
4905.000000 -2130.575426 0.466871 
4906.000000 -2130.575426 0.466775 
4907.000000 -1523.123320 0.466884 
4908.000000 -1523.123320 0.466789 
4909.000000 -1289.559045 0.466898 
4910.000000 -1289.559045 0.466802 
4911.000000 -1289.559045 0.466707 
4912.000000 -1825.601062 0.466816 
4913.000000 -1825.601062 0.466721 
4914.000000 -2173.276514 0.466829 
4915.000000 -2173.276514 0.466734 
4916.000000 -1816.564308 0.466843 
4917.000000 -1816.564308 0.466748 
4918.000000 -1816.564308 0.466653 
4919.000000 -1816.564308 0.466558 
4920.000000 -1816.564308 0.466463 
4921.000000 -1988.329354 0.466572 
4922.000000 -2183.674360 0.466680 
4923.000000 -2183.674360 0.466585 
4924.000000 -2042.362875 0.466694 
4925.000000 -2042.362875 0.466599 
4926.000000 -2042.362875 0.466504 
4927.000000 -1838.231034 0.466613 
4928.000000 -1838.231034 0.466518 
4929.000000 -1838.231034 0.466423 
4930.000000 -1838.231034 0.466329 
4931.000000 -1838.231034 0.466234 
4932.000000 -1838.231034 0.466139 
4933.000000 -1838.231034 0.466045 
4934.000000 -1838.231034 0.465951 
4935.000000 -2126.736942 0.466059 
4936.000000 -2119.168730 0.466167 
4937.000000 -776.244914 0.466275 
4938.000000 -2400.324065 0.466383 
4939.000000 -1517.037651 0.466491 
4940.000000 -2019.563512 0.466599 
4941.000000 -1765.855404 0.466707 
4942.000000 -1765.855404 0.466613 
4943.000000 -1429.763642 0.466721 
4944.000000 -1777.804618 0.466828 
4945.000000 1040.341924 0.466936 
4946.000000 -330.207334 0.467044 
4947.000000 -330.207334 0.466950 
4948.000000 -330.207334 0.466855 
4949.000000 -330.207334 0.466761 
4950.000000 -330.207334 0.466667 
4951.000000 819.130949 0.466774 
4952.000000 819.130949 0.466680 
4953.000000 234.919705 0.466788 
4954.000000 234.919705 0.466694 
4955.000000 -1990.494019 0.466801 
4956.000000 -1990.494019 0.466707 
4957.000000 -1990.494019 0.466613 
4958.000000 -2021.565287 0.466720 
4959.000000 -2021.565287 0.466626 
4960.000000 -1765.431097 0.466734 
4961.000000 -2068.717304 0.466841 
4962.000000 -1895.794791 0.466949 
4963.000000 -1325.611234 0.467056 
4964.000000 -1325.611234 0.466962 
4965.000000 -391.423224 0.467069 
4966.000000 -391.423224 0.466975 
4967.000000 -1369.152506 0.467083 
4968.000000 -1369.152506 0.466989 
4969.000000 -1369.152506 0.466895 
4970.000000 -1369.152506 0.466801 
4971.000000 -968.487813 0.466908 
4972.000000 -968.487813 0.466814 
4973.000000 -1240.964609 0.466921 
4974.000000 -1240.964609 0.466828 
4975.000000 -1240.964609 0.466734 
4976.000000 -1240.964609 0.466640 
4977.000000 -2409.656925 0.466747 
4978.000000 -2409.656925 0.466653 
4979.000000 -511.011137 0.466760 
4980.000000 -1097.140607 0.466867 
4981.000000 -1097.140607 0.466774 
4982.000000 -1097.140607 0.466680 
4983.000000 -361.383181 0.466787 
4984.000000 -361.383181 0.466693 
4985.000000 -361.383181 0.466600 
4986.000000 -530.213094 0.466707 
4987.000000 -530.213094 0.466613 
4988.000000 -530.213094 0.466520 
4989.000000 -530.213094 0.466426 
4990.000000 -1729.944521 0.466533 
4991.000000 -1331.030720 0.466640 
4992.000000 -1331.030720 0.466546 
4993.000000 -1128.659158 0.466653 
4994.000000 -1128.659158 0.466560 
4995.000000 -1128.659158 0.466466 
4996.000000 -2045.985902 0.466573 
4997.000000 -2045.985902 0.466480 
4998.000000 -2045.985902 0.466387 
4999.000000 -2346.496399 0.466493 
5000.000000 -2346.496399 0.466400 
5001.000000 -2346.496399 0.466307 
5002.000000 -2568.674974 0.466413 
5003.000000 -2568.674974 0.466320 
5004.000000 -2568.674974 0.466227 
5005.000000 -2568.674974 0.466134 
5006.000000 -2251.351603 0.466241 
5007.000000 -1574.467892 0.466347 
5008.000000 -2432.297176 0.466454 
5009.000000 -2263.119010 0.466560 
5010.000000 -2263.119010 0.466467 
5011.000000 -2263.119010 0.466374 
5012.000000 -2263.119010 0.466281 
5013.000000 -2263.119010 0.466188 
5014.000000 -2089.729155 0.466294 
5015.000000 -2104.115784 0.466401 
5016.000000 -2039.638897 0.466507 
5017.000000 -2141.344745 0.466614 
5018.000000 -2141.344745 0.466521 
5019.000000 -2141.344745 0.466428 
5020.000000 -2141.344745 0.466335 
5021.000000 -1607.460822 0.466441 
5022.000000 -2127.412613 0.466547 
5023.000000 -2127.412613 0.466454 
5024.000000 -2127.412613 0.466361 
5025.000000 -2014.880397 0.466468 
5026.000000 -2014.880397 0.466375 
5027.000000 -2014.880397 0.466282 
5028.000000 -2014.880397 0.466189 
5029.000000 -2014.880397 0.466097 
5030.000000 -1748.484009 0.466203 
5031.000000 -1898.417315 0.466309 
5032.000000 -1709.560235 0.466415 
5033.000000 -1709.560235 0.466322 
5034.000000 -1709.560235 0.466230 
5035.000000 -2095.061423 0.466336 
5036.000000 -1986.651508 0.466442 
5037.000000 -1984.174082 0.466548 
5038.000000 -2087.158259 0.466653 
5039.000000 -1843.756289 0.466759 
5040.000000 -2091.176767 0.466865 
5041.000000 -2091.176767 0.466772 
5042.000000 -2091.176767 0.466680 
5043.000000 -2494.749344 0.466786 
5044.000000 -2494.749344 0.466693 
5045.000000 -2417.065155 0.466799 
5046.000000 -2417.065155 0.466706 
5047.000000 -2352.105916 0.466812 
5048.000000 -2352.105916 0.466719 
5049.000000 -2352.105916 0.466627 
5050.000000 -2352.105916 0.466535 
5051.000000 -2406.715210 0.466640 
5052.000000 -2230.631902 0.466746 
5053.000000 -2230.631902 0.466653 
5054.000000 -2101.260921 0.466759 
5055.000000 -2101.260921 0.466667 
5056.000000 -2338.152260 0.466772 
5057.000000 -2338.152260 0.466680 
5058.000000 -2338.152260 0.466588 
5059.000000 -1972.324137 0.466693 
5060.000000 -1972.324137 0.466601 
5061.000000 -1972.324137 0.466509 
5062.000000 -2392.465970 0.466614 
5063.000000 -2207.567737 0.466719 
5064.000000 -2219.386609 0.466825 
5065.000000 -2219.386609 0.466732 
5066.000000 -2158.448936 0.466838 
5067.000000 -2467.652624 0.466943 
5068.000000 -2467.652624 0.466851 
5069.000000 -2576.265041 0.466956 
5070.000000 -2595.832743 0.467061 
5071.000000 -2469.814109 0.467166 
5072.000000 -2216.981387 0.467271 
5073.000000 -2308.483095 0.467376 
5074.000000 -2308.483095 0.467284 
5075.000000 -2308.483095 0.467192 
5076.000000 -2308.483095 0.467100 
5077.000000 -2290.119529 0.467205 
5078.000000 -2290.119529 0.467113 
5079.000000 -2290.119529 0.467021 
5080.000000 -2019.206358 0.467126 
5081.000000 -2019.206358 0.467034 
5082.000000 -2263.749987 0.467139 
5083.000000 -2263.749987 0.467047 
5084.000000 -2263.749987 0.466955 
5085.000000 -2289.755286 0.467060 
5086.000000 -2386.484859 0.467165 
5087.000000 -2386.484859 0.467073 
5088.000000 -2386.484859 0.466981 
5089.000000 -2386.484859 0.466889 
5090.000000 -2386.484859 0.466798 
5091.000000 -2203.607747 0.466902 
5092.000000 -2608.664814 0.467007 
5093.000000 -2608.664814 0.466915 
5094.000000 -2608.664814 0.466824 
5095.000000 -2608.664814 0.466732 
5096.000000 -2276.978031 0.466837 
5097.000000 -1818.787194 0.466941 
5098.000000 -1818.787194 0.466850 
5099.000000 -2392.302456 0.466954 
5100.000000 -2392.302456 0.466863 
5101.000000 -2470.482736 0.466967 
5102.000000 -2358.614322 0.467072 
5103.000000 -2085.070369 0.467176 
5104.000000 -2085.070369 0.467085 
5105.000000 -2085.070369 0.466993 
5106.000000 -2295.216344 0.467098 
5107.000000 -2608.687176 0.467202 
5108.000000 -2608.687176 0.467110 
5109.000000 -2464.296706 0.467215 
5110.000000 -2464.296706 0.467123 
5111.000000 -2464.296706 0.467032 
5112.000000 -2464.296706 0.466941 
5113.000000 -2464.296706 0.466849 
5114.000000 -2464.296706 0.466758 
5115.000000 -2525.018295 0.466862 
5116.000000 -2525.018295 0.466771 
5117.000000 -2525.018295 0.466680 
5118.000000 -2525.018295 0.466589 
5119.000000 -2525.018295 0.466497 
5120.000000 -2525.018295 0.466406 
5121.000000 -2525.018295 0.466315 
5122.000000 -2525.018295 0.466224 
5123.000000 -2525.018295 0.466133 
5124.000000 -2573.871137 0.466237 
5125.000000 -2458.258035 0.466341 
5126.000000 -2458.258035 0.466250 
5127.000000 -2458.258035 0.466160 
5128.000000 -2509.923951 0.466264 
5129.000000 -2509.923951 0.466173 
5130.000000 -2509.923951 0.466082 
5131.000000 -2509.923951 0.465991 
5132.000000 -2505.858528 0.466095 
5133.000000 -2431.666846 0.466199 
5134.000000 -2281.769701 0.466303 
5135.000000 -2281.769701 0.466212 
5136.000000 -2281.769701 0.466121 
5137.000000 -2281.769701 0.466031 
5138.000000 -2281.769701 0.465940 
5139.000000 -2465.113886 0.466044 
5140.000000 -2453.171633 0.466148 
5141.000000 -2312.140308 0.466252 
5142.000000 -2312.140308 0.466161 
5143.000000 -2381.643307 0.466265 
5144.000000 -2260.669831 0.466369 
5145.000000 -2260.669831 0.466278 
5146.000000 -2260.669831 0.466187 
5147.000000 -2260.669831 0.466097 
5148.000000 -1891.051741 0.466200 
5149.000000 -1323.821537 0.466304 
5150.000000 -2665.622499 0.466408 
5151.000000 -2665.622499 0.466317 
5152.000000 -2665.622499 0.466227 
5153.000000 -2665.622499 0.466136 
5154.000000 -2665.622499 0.466046 
5155.000000 -2665.622499 0.465955 
5156.000000 -2029.251761 0.466059 
5157.000000 -2029.251761 0.465969 
5158.000000 -2124.690044 0.466072 
5159.000000 -2124.690044 0.465982 
5160.000000 -2124.690044 0.465891 
5161.000000 -2124.690044 0.465801 
5162.000000 -2124.690044 0.465711 
5163.000000 -2124.690044 0.465621 
5164.000000 -2124.690044 0.465531 
5165.000000 -2124.690044 0.465440 
5166.000000 -1617.027432 0.465544 
5167.000000 -1617.027432 0.465454 
5168.000000 -1617.027432 0.465364 
5169.000000 -2141.061407 0.465467 
5170.000000 -1973.325987 0.465571 
5171.000000 -1973.325987 0.465481 
5172.000000 -2356.125581 0.465584 
5173.000000 -2356.125581 0.465494 
5174.000000 -2182.144248 0.465597 
5175.000000 -2182.144248 0.465507 
5176.000000 -2182.144248 0.465417 
5177.000000 -2182.144248 0.465327 
5178.000000 -2182.144248 0.465238 
5179.000000 -2182.144248 0.465148 
5180.000000 -1808.435583 0.465251 
5181.000000 -2008.181206 0.465354 
5182.000000 -2487.307680 0.465457 
5183.000000 -2453.650106 0.465560 
5184.000000 -2453.650106 0.465471 
5185.000000 -2127.007363 0.465574 
5186.000000 -2127.007363 0.465484 
5187.000000 -1853.758134 0.465587 
5188.000000 -1853.758134 0.465497 
5189.000000 -1853.758134 0.465408 
5190.000000 -2105.882567 0.465511 
5191.000000 -2105.882567 0.465421 
5192.000000 -2105.882567 0.465331 
5193.000000 -1787.555502 0.465434 
5194.000000 -1787.555502 0.465345 
5195.000000 -1787.555502 0.465255 
5196.000000 -1787.555502 0.465166 
5197.000000 -948.718539 0.465268 
5198.000000 -1994.372208 0.465371 
5199.000000 -2060.529316 0.465474 
5200.000000 -2060.529316 0.465385 
5201.000000 -2366.780746 0.465487 
5202.000000 -2117.349818 0.465590 
5203.000000 -2117.349818 0.465501 
5204.000000 -2117.349818 0.465411 
5205.000000 -2155.853303 0.465514 
5206.000000 -2155.853303 0.465425 
5207.000000 -2155.853303 0.465335 
5208.000000 -2155.853303 0.465246 
5209.000000 -2280.094390 0.465348 
5210.000000 -2280.094390 0.465259 
5211.000000 -2280.094390 0.465170 
5212.000000 -2280.094390 0.465081 
5213.000000 -2280.094390 0.464991 
5214.000000 -2280.094390 0.464902 
5215.000000 -2280.094390 0.464813 
5216.000000 -2092.347597 0.464916 
5217.000000 -2125.723835 0.465018 
5218.000000 -2057.757688 0.465121 
5219.000000 -1890.377615 0.465223 
5220.000000 -1890.377615 0.465134 
5221.000000 -2265.516395 0.465237 
5222.000000 -2265.516395 0.465147 
5223.000000 -2265.516395 0.465058 
5224.000000 -2265.516395 0.464969 
5225.000000 -1583.693309 0.465072 
5226.000000 -1583.693309 0.464983 
5227.000000 -1583.693309 0.464894 
5228.000000 -1583.693309 0.464805 
5229.000000 -1583.693309 0.464716 
5230.000000 -1583.693309 0.464627 
5231.000000 -2237.589240 0.464729 
5232.000000 -2383.987637 0.464832 
5233.000000 -2154.244256 0.464934 
5234.000000 -2028.499034 0.465036 
5235.000000 -2101.775879 0.465138 
5236.000000 -1973.311906 0.465241 
5237.000000 -2311.897940 0.465343 
5238.000000 -2311.897940 0.465254 
5239.000000 -2311.897940 0.465165 
5240.000000 -2311.897940 0.465076 
5241.000000 -2311.897940 0.464988 
5242.000000 -2311.897940 0.464899 
5243.000000 -2311.897940 0.464810 
5244.000000 -2311.897940 0.464722 
5245.000000 -2311.897940 0.464633 
5246.000000 -2311.897940 0.464544 
5247.000000 -2311.897940 0.464456 
5248.000000 -2311.897940 0.464367 
5249.000000 -2245.263340 0.464469 
5250.000000 -2245.263340 0.464381 
5251.000000 -2245.263340 0.464293 
5252.000000 -2117.920476 0.464395 
5253.000000 -2117.920476 0.464306 
5254.000000 -2117.920476 0.464218 
5255.000000 -2268.338681 0.464320 
5256.000000 -2268.338681 0.464231 
5257.000000 -2268.338681 0.464143 
5258.000000 -2163.285756 0.464245 
5259.000000 -2163.285756 0.464157 
5260.000000 -2163.285756 0.464068 
5261.000000 -2163.285756 0.463980 
5262.000000 -2163.285756 0.463892 
5263.000000 -2039.237008 0.463994 
5264.000000 -2250.589507 0.464096 
5265.000000 -2491.695190 0.464198 
5266.000000 -2411.104546 0.464299 
5267.000000 -2411.104546 0.464211 
5268.000000 -2428.186052 0.464313 
5269.000000 -2428.186052 0.464225 
5270.000000 -2428.186052 0.464137 
5271.000000 -2428.186052 0.464049 
5272.000000 -2303.344150 0.464150 
5273.000000 -2303.344150 0.464062 
5274.000000 -2303.344150 0.463974 
5275.000000 -2303.344150 0.463886 
5276.000000 -2303.344150 0.463798 
5277.000000 -2303.344150 0.463710 
5278.000000 -2303.344150 0.463623 
5279.000000 -2389.524949 0.463724 
5280.000000 -2389.524949 0.463636 
5281.000000 -2389.524949 0.463549 
5282.000000 -2309.308515 0.463650 
5283.000000 -1316.641010 0.463752 
5284.000000 -1876.752907 0.463853 
5285.000000 -2295.420066 0.463955 
5286.000000 -2174.671890 0.464056 
5287.000000 -2174.671890 0.463968 
5288.000000 -2220.009647 0.464070 
5289.000000 -2220.009647 0.463982 
5290.000000 -2220.009647 0.463894 
5291.000000 -2250.960423 0.463995 
5292.000000 -2051.407140 0.464097 
5293.000000 -2051.407140 0.464009 
5294.000000 -1400.870031 0.464110 
5295.000000 -2316.155176 0.464212 
5296.000000 -2316.155176 0.464124 
5297.000000 -2316.155176 0.464036 
5298.000000 -2316.155176 0.463949 
5299.000000 -2316.155176 0.463861 
5300.000000 -2316.155176 0.463774 
5301.000000 -2316.155176 0.463686 
5302.000000 -2046.642511 0.463787 
5303.000000 -2046.642511 0.463700 
5304.000000 -2407.497026 0.463801 
5305.000000 -1408.899650 0.463902 
5306.000000 -1408.899650 0.463815 
5307.000000 -1408.899650 0.463727 
5308.000000 -1408.899650 0.463640 
5309.000000 -2545.335201 0.463741 
5310.000000 -2018.273219 0.463842 
5311.000000 -2018.273219 0.463754 
5312.000000 -2388.566973 0.463855 
5313.000000 -1839.293023 0.463956 
5314.000000 -1839.293023 0.463869 
5315.000000 -1689.085544 0.463970 
5316.000000 -1689.085544 0.463883 
5317.000000 -1689.085544 0.463795 
5318.000000 -1689.085544 0.463708 
5319.000000 -787.174067 0.463809 
5320.000000 -787.174067 0.463722 
5321.000000 -787.174067 0.463635 
5322.000000 -1772.402784 0.463735 
5323.000000 -1772.402784 0.463648 
5324.000000 -1772.402784 0.463561 
5325.000000 -3415.911177 0.463662 
5326.000000 -1964.783156 0.463763 
5327.000000 -2239.938175 0.463863 
5328.000000 -2239.938175 0.463776 
5329.000000 -1522.674041 0.463877 
5330.000000 -2263.294579 0.463977 
5331.000000 -2927.471468 0.464078 
5332.000000 -2636.461206 0.464179 
5333.000000 -2636.461206 0.464092 
5334.000000 -2558.254071 0.464192 
5335.000000 -2731.295109 0.464292 
5336.000000 -2731.295109 0.464205 
5337.000000 -2435.778274 0.464306 
5338.000000 -2435.778274 0.464219 
5339.000000 -2435.778274 0.464132 
5340.000000 -2566.130808 0.464232 
5341.000000 -2314.430601 0.464333 
5342.000000 -2314.430601 0.464246 
5343.000000 -2542.921833 0.464346 
5344.000000 -2542.921833 0.464259 
5345.000000 -2460.258837 0.464359 
5346.000000 -2331.403973 0.464459 
5347.000000 -2258.253007 0.464560 
5348.000000 -2258.253007 0.464473 
5349.000000 -2547.380479 0.464573 
5350.000000 -2326.222858 0.464673 
5351.000000 -2264.631525 0.464773 
5352.000000 -1754.546553 0.464873 
5353.000000 -1552.765736 0.464973 
5354.000000 -1552.765736 0.464886 
5355.000000 -1552.765736 0.464799 
5356.000000 -1320.852307 0.464899 
5357.000000 -1320.852307 0.464812 
5358.000000 -1573.388342 0.464912 
5359.000000 -2217.305473 0.465012 
5360.000000 -2217.305473 0.464925 
5361.000000 -2217.305473 0.464839 
5362.000000 -2300.719215 0.464938 
5363.000000 -2300.719215 0.464852 
5364.000000 -2300.719215 0.464765 
5365.000000 -2330.501286 0.464865 
5366.000000 -2330.501286 0.464778 
5367.000000 -2359.651058 0.464878 
5368.000000 -2359.651058 0.464791 
5369.000000 -2359.651058 0.464705 
5370.000000 -2357.892689 0.464804 
5371.000000 -566.919017 0.464904 
5372.000000 -566.919017 0.464818 
5373.000000 -2521.917545 0.464917 
5374.000000 -1394.278462 0.465017 
5375.000000 -1394.278462 0.464930 
5376.000000 -1394.278462 0.464844 
5377.000000 -1394.278462 0.464757 
5378.000000 -2728.400916 0.464857 
5379.000000 -2728.400916 0.464770 
5380.000000 -2403.553133 0.464870 
5381.000000 -2403.553133 0.464783 
5382.000000 -2403.553133 0.464697 
5383.000000 -2403.553133 0.464611 
5384.000000 -2403.553133 0.464525 
5385.000000 -2403.553133 0.464438 
5386.000000 -2403.553133 0.464352 
5387.000000 -2403.553133 0.464266 
5388.000000 -1533.223057 0.464365 
5389.000000 -2027.947600 0.464465 
5390.000000 -2027.947600 0.464378 
5391.000000 -2027.947600 0.464292 
5392.000000 -2406.602573 0.464392 
5393.000000 -2361.719369 0.464491 
5394.000000 -2361.719369 0.464405 
5395.000000 -2361.719369 0.464319 
5396.000000 -2306.072846 0.464418 
5397.000000 -2306.072846 0.464332 
5398.000000 -2306.072846 0.464246 
5399.000000 -2031.547381 0.464345 
5400.000000 -2583.848742 0.464444 
5401.000000 -2285.857728 0.464544 
5402.000000 -2519.572329 0.464643 
5403.000000 -2519.572329 0.464557 
5404.000000 -2519.572329 0.464471 
5405.000000 -1959.924058 0.464570 
5406.000000 -1697.513025 0.464669 
5407.000000 -1697.513025 0.464583 
5408.000000 -1697.513025 0.464497 
5409.000000 -2749.195031 0.464596 
5410.000000 -2294.863860 0.464695 
5411.000000 -2483.891035 0.464794 
5412.000000 -2483.891035 0.464708 
5413.000000 -2453.546892 0.464807 
5414.000000 -2264.471713 0.464906 
5415.000000 -2264.471713 0.464820 
5416.000000 -2264.471713 0.464734 
5417.000000 -2264.471713 0.464648 
5418.000000 -2264.471713 0.464563 
5419.000000 -2277.306275 0.464661 
5420.000000 -2256.460402 0.464760 
5421.000000 -2256.460402 0.464674 
5422.000000 -2256.460402 0.464589 
5423.000000 -2256.460402 0.464503 
5424.000000 -2256.460402 0.464417 
5425.000000 -1905.169578 0.464516 
5426.000000 -1951.369174 0.464615 
5427.000000 -1951.369174 0.464529 
5428.000000 -1951.369174 0.464444 
5429.000000 -2277.148214 0.464542 
5430.000000 -2403.102353 0.464641 
5431.000000 -2403.102353 0.464555 
5432.000000 -2167.333728 0.464654 
5433.000000 -2237.930690 0.464752 
5434.000000 -2237.930690 0.464667 
5435.000000 -2237.930690 0.464581 
5436.000000 -2237.930690 0.464496 
5437.000000 -2237.930690 0.464411 
5438.000000 -2237.930690 0.464325 
5439.000000 -2137.731730 0.464424 
5440.000000 -2137.731730 0.464338 
5441.000000 -2137.731730 0.464253 
5442.000000 -2137.731730 0.464168 
5443.000000 -2283.136027 0.464266 
5444.000000 -2432.825215 0.464364 
5445.000000 -2432.825215 0.464279 
5446.000000 -2432.825215 0.464194 
5447.000000 -2268.864167 0.464292 
5448.000000 -2270.829005 0.464391 
5449.000000 -2418.712585 0.464489 
5450.000000 -2418.712585 0.464404 
5451.000000 -2418.712585 0.464318 
5452.000000 -2418.712585 0.464233 
5453.000000 -2121.597528 0.464332 
5454.000000 -2121.597528 0.464246 
5455.000000 -2383.273946 0.464345 
5456.000000 -2575.520344 0.464443 
5457.000000 -2369.027122 0.464541 
5458.000000 -2418.010463 0.464639 
5459.000000 -2516.696322 0.464737 
5460.000000 -2516.696322 0.464652 
5461.000000 -2516.696322 0.464567 
5462.000000 -2516.696322 0.464482 
5463.000000 -2516.696322 0.464397 
5464.000000 -2508.251062 0.464495 
5465.000000 -2508.251062 0.464410 
5466.000000 -2508.251062 0.464325 
5467.000000 -2566.071320 0.464423 
5468.000000 -2566.071320 0.464338 
5469.000000 -2447.753861 0.464436 
5470.000000 -2457.898247 0.464534 
5471.000000 -2457.898247 0.464449 
5472.000000 -2322.738948 0.464547 
5473.000000 -2445.208236 0.464645 
5474.000000 -2445.208236 0.464560 
5475.000000 -2490.501837 0.464658 
5476.000000 -2185.591329 0.464755 
5477.000000 -2801.045450 0.464853 
5478.000000 -2205.414804 0.464951 
5479.000000 -2205.414804 0.464866 
5480.000000 -2363.730759 0.464964 
5481.000000 -2224.083082 0.465061 
5482.000000 -1983.473253 0.465159 
5483.000000 -2241.043318 0.465256 
5484.000000 -2241.043318 0.465171 
5485.000000 -2241.043318 0.465087 
5486.000000 -2241.043318 0.465002 
5487.000000 -1817.287187 0.465099 
5488.000000 -2573.717154 0.465197 
5489.000000 -2658.272391 0.465294 
5490.000000 -2658.272391 0.465209 
5491.000000 -2658.272391 0.465125 
5492.000000 -2658.272391 0.465040 
5493.000000 -2658.272391 0.464955 
5494.000000 -2549.148660 0.465053 
5495.000000 -2460.275672 0.465150 
5496.000000 -2460.275672 0.465066 
5497.000000 -2556.901711 0.465163 
5498.000000 -2249.493361 0.465260 
5499.000000 -2249.493361 0.465175 
5500.000000 -2249.493361 0.465091 
5501.000000 -1997.266515 0.465188 
5502.000000 -1997.266515 0.465104 
5503.000000 -1997.266515 0.465019 
5504.000000 -1997.266515 0.464935 
5505.000000 -1997.266515 0.464850 
5506.000000 -1997.266515 0.464766 
5507.000000 -1997.266515 0.464681 
5508.000000 -2178.354980 0.464779 
5509.000000 -2178.354980 0.464694 
5510.000000 -1790.458036 0.464791 
5511.000000 -2328.051147 0.464888 
5512.000000 -2296.091355 0.464985 
5513.000000 -3069.102065 0.465083 
5514.000000 -2300.197633 0.465180 
5515.000000 -2300.197633 0.465095 
5516.000000 -2300.197633 0.465011 
5517.000000 -2674.383843 0.465108 
5518.000000 -2674.383843 0.465024 
5519.000000 -2651.065017 0.465120 
5520.000000 -2979.893798 0.465217 
5521.000000 -2979.893798 0.465133 
5522.000000 -2979.893798 0.465049 
5523.000000 -2783.317742 0.465146 
5524.000000 -2757.070665 0.465243 
5525.000000 -2757.070665 0.465158 
5526.000000 -2757.070665 0.465074 
5527.000000 -2859.506796 0.465171 
5528.000000 -2859.506796 0.465087 
5529.000000 -2834.348402 0.465184 
5530.000000 -2834.348402 0.465099 
5531.000000 -2834.348402 0.465015 
5532.000000 -2834.348402 0.464931 
5533.000000 -2834.348402 0.464847 
5534.000000 -2373.057300 0.464944 
5535.000000 -2373.057300 0.464860 
5536.000000 -2572.972158 0.464957 
5537.000000 -2572.972158 0.464873 
5538.000000 -938.198128 0.464969 
5539.000000 -2337.331243 0.465066 
5540.000000 -2337.331243 0.464982 
5541.000000 -2489.394042 0.465079 
5542.000000 -2489.394042 0.464995 
5543.000000 -3206.460013 0.465091 
5544.000000 -3206.460013 0.465007 
5545.000000 -3206.460013 0.464923 
5546.000000 -3206.460013 0.464840 
5547.000000 -2563.958455 0.464936 
5548.000000 -2563.958455 0.464852 
5549.000000 -3005.432833 0.464949 
5550.000000 -3005.432833 0.464865 
5551.000000 -3201.653281 0.464961 
5552.000000 -2776.687422 0.465058 
5553.000000 -2776.687422 0.464974 
5554.000000 -2776.687422 0.464890 
5555.000000 -2776.687422 0.464806 
5556.000000 -2776.687422 0.464723 
5557.000000 -1879.280242 0.464819 
5558.000000 -1879.280242 0.464736 
5559.000000 -1879.280242 0.464652 
5560.000000 -1056.951393 0.464748 
5561.000000 -3254.929544 0.464844 
5562.000000 -3254.929544 0.464761 
5563.000000 -3254.929544 0.464677 
5564.000000 -2221.578091 0.464774 
5565.000000 -2221.578091 0.464690 
5566.000000 -2328.597287 0.464786 
5567.000000 -1338.591224 0.464882 
5568.000000 -918.701508 0.464978 
5569.000000 -918.701508 0.464895 
5570.000000 -2178.021845 0.464991 
5571.000000 -2178.021845 0.464908 
5572.000000 -2178.021845 0.464824 
5573.000000 -2295.617835 0.464920 
5574.000000 -2008.791331 0.465016 
5575.000000 -2008.791331 0.464933 
5576.000000 -1807.882418 0.465029 
5577.000000 -1807.882418 0.464945 
5578.000000 -1807.882418 0.464862 
5579.000000 -2624.110396 0.464958 
5580.000000 -2624.110396 0.464875 
5581.000000 -2624.110396 0.464791 
5582.000000 -2624.110396 0.464708 
5583.000000 -2617.247189 0.464804 
5584.000000 -2617.247189 0.464721 
5585.000000 -2718.437738 0.464816 
5586.000000 -2718.437738 0.464733 
5587.000000 -2718.437738 0.464650 
5588.000000 -2718.437738 0.464567 
5589.000000 -2718.437738 0.464484 
5590.000000 -2365.406571 0.464580 
5591.000000 -2365.406571 0.464497 
5592.000000 -1880.571675 0.464592 
5593.000000 -1880.571675 0.464509 
5594.000000 -2025.836403 0.464605 
5595.000000 -2025.836403 0.464522 
5596.000000 -2710.059635 0.464618 
5597.000000 -2669.318326 0.464713 
5598.000000 -2669.318326 0.464630 
5599.000000 -2733.609586 0.464726 
5600.000000 -2405.610304 0.464821 
5601.000000 -2417.952457 0.464917 
5602.000000 -2417.952457 0.464834 
5603.000000 -2865.960471 0.464930 
5604.000000 -2440.150292 0.465025 
5605.000000 -2440.150292 0.464942 
5606.000000 -2440.150292 0.464859 
5607.000000 -2736.357520 0.464955 
5608.000000 -2736.357520 0.464872 
5609.000000 -2498.353108 0.464967 
5610.000000 -2707.845096 0.465062 
5611.000000 -2707.845096 0.464980 
5612.000000 -2793.063739 0.465075 
5613.000000 -2508.941363 0.465170 
5614.000000 -2339.962592 0.465265 
5615.000000 -2339.962592 0.465183 
5616.000000 -2339.962592 0.465100 
5617.000000 -1721.441647 0.465195 
5618.000000 -1721.441647 0.465112 
5619.000000 -1721.441647 0.465029 
5620.000000 -1721.441647 0.464947 
5621.000000 -2686.632053 0.465042 
5622.000000 -2460.666896 0.465137 
5623.000000 -2665.000908 0.465232 
5624.000000 -2665.000908 0.465149 
5625.000000 -2665.000908 0.465067 
5626.000000 -2665.000908 0.464984 
5627.000000 -2665.000908 0.464901 
5628.000000 -2665.000908 0.464819 
5629.000000 -2254.904179 0.464914 
5630.000000 -2140.228113 0.465009 
5631.000000 -1933.037554 0.465104 
5632.000000 -1933.037554 0.465021 
5633.000000 -2209.812527 0.465116 
5634.000000 -2399.752100 0.465211 
5635.000000 -1988.925353 0.465306 
5636.000000 -1988.925353 0.465224 
5637.000000 -1988.925353 0.465141 
5638.000000 -1609.442054 0.465236 
5639.000000 -1609.442054 0.465153 
5640.000000 -1609.442054 0.465071 
5641.000000 -2266.006387 0.465166 
5642.000000 -2266.006387 0.465083 
5643.000000 -2266.006387 0.465001 
5644.000000 -2394.302174 0.465096 
5645.000000 -2394.302174 0.465013 
5646.000000 -2246.405112 0.465108 
5647.000000 -2246.405112 0.465026 
5648.000000 -2246.405112 0.464943 
5649.000000 -2246.405112 0.464861 
5650.000000 -2132.372889 0.464956 
5651.000000 -2132.372889 0.464873 
5652.000000 -2132.372889 0.464791 
5653.000000 -2132.372889 0.464709 
5654.000000 -1995.112256 0.464804 
5655.000000 -1995.112256 0.464721 
5656.000000 -1995.112256 0.464639 
5657.000000 -1979.301903 0.464734 
5658.000000 -1979.301903 0.464652 
5659.000000 -1979.301903 0.464570 
5660.000000 -1979.301903 0.464488 
5661.000000 -2332.706918 0.464582 
5662.000000 -2196.983966 0.464677 
5663.000000 -2326.558119 0.464771 
5664.000000 -2141.962135 0.464866 
5665.000000 -2280.730661 0.464960 
5666.000000 -2280.730661 0.464878 
5667.000000 -2280.730661 0.464796 
5668.000000 -2232.503072 0.464891 
5669.000000 -2096.342726 0.464985 
5670.000000 -2094.785458 0.465079 
5671.000000 -1691.721065 0.465174 
5672.000000 -1640.249093 0.465268 
5673.000000 -1179.159561 0.465362 
5674.000000 -1838.580821 0.465456 
5675.000000 -1838.580821 0.465374 
5676.000000 -1838.580821 0.465292 
5677.000000 -2167.487541 0.465387 
5678.000000 -2167.487541 0.465305 
5679.000000 -1666.517454 0.465399 
5680.000000 -1666.517454 0.465317 
5681.000000 -1666.517454 0.465235 
5682.000000 -962.940478 0.465329 
5683.000000 -1285.691403 0.465423 
5684.000000 -1285.691403 0.465341 
5685.000000 -1285.691403 0.465259 
5686.000000 -1285.691403 0.465178 
5687.000000 -1428.406187 0.465272 
5688.000000 -1428.406187 0.465190 
5689.000000 -1428.406187 0.465108 
5690.000000 -1428.406187 0.465026 
5691.000000 -1501.243768 0.465120 
5692.000000 -2233.899616 0.465214 
5693.000000 -1970.480806 0.465308 
5694.000000 -1970.480806 0.465227 
5695.000000 -1970.480806 0.465145 
5696.000000 -1791.835293 0.465239 
5697.000000 -1963.414446 0.465333 
5698.000000 -1963.414446 0.465251 
5699.000000 -2119.832165 0.465345 
5700.000000 -2026.766619 0.465439 
5701.000000 -2026.766619 0.465357 
5702.000000 -2386.157646 0.465451 
5703.000000 -2386.157646 0.465369 
5704.000000 -2386.157646 0.465288 
5705.000000 -2230.470530 0.465381 
5706.000000 -2230.470530 0.465300 
5707.000000 -2230.470530 0.465218 
5708.000000 -2230.470530 0.465137 
5709.000000 -2230.470530 0.465055 
5710.000000 -2323.802038 0.465149 
5711.000000 -2245.289001 0.465243 
5712.000000 -1883.187537 0.465336 
5713.000000 -1940.212633 0.465430 
5714.000000 -2119.390495 0.465523 
5715.000000 -1487.393469 0.465617 
5716.000000 -1784.569581 0.465710 
5717.000000 -2039.013002 0.465804 
5718.000000 -2039.013002 0.465722 
5719.000000 -2370.567742 0.465816 
5720.000000 -1874.315856 0.465909 
5721.000000 -2186.577842 0.466002 
5722.000000 -2186.577842 0.465921 
5723.000000 -1959.668109 0.466014 
5724.000000 -1428.692522 0.466108 
5725.000000 -1428.692522 0.466026 
5726.000000 -2577.916929 0.466119 
5727.000000 -2117.796098 0.466213 
5728.000000 -2232.840132 0.466306 
5729.000000 -2232.840132 0.466224 
5730.000000 -2373.424559 0.466318 
5731.000000 -2373.424559 0.466236 
5732.000000 -2373.424559 0.466155 
5733.000000 -2373.424559 0.466074 
5734.000000 -1614.576288 0.466167 
5735.000000 -2380.646166 0.466260 
5736.000000 -2323.667115 0.466353 
5737.000000 -2472.398718 0.466446 
5738.000000 -2472.398718 0.466365 
5739.000000 -2472.398718 0.466283 
5740.000000 -2472.398718 0.466202 
5741.000000 -2158.670941 0.466295 
5742.000000 -1973.249286 0.466388 
5743.000000 -2045.016644 0.466481 
5744.000000 -2045.016644 0.466400 
5745.000000 -2045.016644 0.466319 
5746.000000 -2045.016644 0.466237 
5747.000000 -2045.016644 0.466156 
5748.000000 -2045.016644 0.466075 
5749.000000 -2045.016644 0.465994 
5750.000000 -2045.016644 0.465913 
5751.000000 -2045.016644 0.465832 
5752.000000 -2045.016644 0.465751 
5753.000000 -2548.672836 0.465844 
5754.000000 -2548.672836 0.465763 
5755.000000 -2548.672836 0.465682 
5756.000000 -2548.672836 0.465601 
5757.000000 -2724.299239 0.465694 
5758.000000 -2724.299239 0.465613 
5759.000000 -2724.299239 0.465532 
5760.000000 -2650.682986 0.465625 
5761.000000 -2227.158708 0.465718 
5762.000000 -2227.158708 0.465637 
5763.000000 -2227.158708 0.465556 
5764.000000 -2007.924186 0.465649 
5765.000000 -2136.949047 0.465742 
5766.000000 -2136.949047 0.465661 
5767.000000 -2204.046614 0.465753 
5768.000000 -1770.308245 0.465846 
5769.000000 -2152.888358 0.465939 
5770.000000 -2007.766223 0.466031 
5771.000000 -2007.766223 0.465950 
5772.000000 -2031.620322 0.466043 
5773.000000 -1974.968743 0.466135 
5774.000000 -1974.968743 0.466055 
5775.000000 -2126.020547 0.466147 
5776.000000 -1979.478153 0.466240 
5777.000000 -2001.205431 0.466332 
5778.000000 -1948.687239 0.466424 
5779.000000 -2221.745930 0.466517 
5780.000000 -1714.628573 0.466609 
5781.000000 -1714.628573 0.466528 
5782.000000 -1714.628573 0.466448 
5783.000000 -1714.628573 0.466367 
5784.000000 -2103.041074 0.466459 
5785.000000 -2492.753367 0.466551 
5786.000000 -2492.753367 0.466471 
5787.000000 -2365.888243 0.466563 
5788.000000 -2202.885075 0.466655 
5789.000000 -2202.885075 0.466575 
5790.000000 -2047.095534 0.466667 
5791.000000 -2302.457799 0.466759 
5792.000000 -2302.457799 0.466678 
5793.000000 -2302.457799 0.466598 
5794.000000 -2058.193406 0.466690 
5795.000000 -2297.353897 0.466782 
5796.000000 -2297.353897 0.466701 
5797.000000 -1432.108843 0.466793 
5798.000000 -1432.108843 0.466713 
5799.000000 -1432.108843 0.466632 
5800.000000 -1432.108843 0.466552 
5801.000000 -2248.103496 0.466644 
5802.000000 -2248.103496 0.466563 
5803.000000 -2248.103496 0.466483 
5804.000000 -2508.586253 0.466575 
5805.000000 -2508.586253 0.466494 
5806.000000 -1613.298977 0.466586 
5807.000000 -1613.298977 0.466506 
5808.000000 -2256.805738 0.466598 
5809.000000 -2256.805738 0.466517 
5810.000000 -1053.782908 0.466609 
5811.000000 -1053.782908 0.466529 
5812.000000 -1053.782908 0.466449 
5813.000000 -2005.000901 0.466541 
5814.000000 -2005.000901 0.466460 
5815.000000 -2005.000901 0.466380 
5816.000000 -2005.000901 0.466300 
5817.000000 -1517.082273 0.466392 
5818.000000 -2270.028613 0.466483 
5819.000000 -1701.213729 0.466575 
5820.000000 -1701.213729 0.466495 
5821.000000 -1701.213729 0.466415 
5822.000000 -1701.213729 0.466335 
5823.000000 -1919.302351 0.466426 
5824.000000 -1919.302351 0.466346 
5825.000000 -1919.302351 0.466266 
5826.000000 -1919.302351 0.466186 
5827.000000 -1919.302351 0.466106 
5828.000000 -1919.302351 0.466026 
5829.000000 -1919.302351 0.465946 
5830.000000 -1919.302351 0.465866 
5831.000000 -1919.302351 0.465786 
5832.000000 -1919.302351 0.465706 
5833.000000 -1919.302351 0.465627 
5834.000000 -1506.031007 0.465718 
5835.000000 -1615.239275 0.465810 
5836.000000 -1922.934122 0.465901 
5837.000000 -1922.934122 0.465821 
5838.000000 -1922.934122 0.465742 
5839.000000 -1922.934122 0.465662 
5840.000000 -1922.934122 0.465582 
5841.000000 -1922.934122 0.465502 
5842.000000 -1922.934122 0.465423 
5843.000000 -1977.303433 0.465514 
5844.000000 -1977.303433 0.465435 
5845.000000 -1977.303433 0.465355 
5846.000000 -1656.467480 0.465446 
5847.000000 -1656.467480 0.465367 
5848.000000 -1491.509534 0.465458 
5849.000000 -1491.509534 0.465379 
5850.000000 -2361.491606 0.465470 
5851.000000 -2361.491606 0.465391 
5852.000000 -2361.491606 0.465311 
5853.000000 -1996.748879 0.465402 
5854.000000 -2185.461084 0.465494 
5855.000000 -2185.461084 0.465414 
5856.000000 -2185.461084 0.465335 
5857.000000 -2185.461084 0.465255 
5858.000000 -2185.461084 0.465176 
5859.000000 -2185.461084 0.465096 
5860.000000 -2185.461084 0.465017 
5861.000000 -2185.461084 0.464938 
5862.000000 -2185.461084 0.464858 
5863.000000 -2185.461084 0.464779 
5864.000000 -2185.461084 0.464700 
5865.000000 -2238.737809 0.464791 
5866.000000 -2238.737809 0.464712 
5867.000000 -2238.737809 0.464633 
5868.000000 -2238.737809 0.464554 
5869.000000 -2049.894994 0.464645 
5870.000000 -2049.894994 0.464566 
5871.000000 -2049.894994 0.464486 
5872.000000 -1696.917981 0.464578 
5873.000000 -1696.917981 0.464499 
5874.000000 -1838.400809 0.464590 
5875.000000 -1838.400809 0.464511 
5876.000000 -1838.400809 0.464432 
5877.000000 -1838.400809 0.464353 
5878.000000 -2299.695517 0.464444 
5879.000000 -2299.695517 0.464365 
5880.000000 -2299.695517 0.464286 
5881.000000 -2299.695517 0.464207 
5882.000000 -2146.541848 0.464298 
5883.000000 -2146.541848 0.464219 
5884.000000 -2168.993733 0.464310 
5885.000000 -2168.993733 0.464231 
5886.000000 -2168.993733 0.464152 
5887.000000 -2168.993733 0.464073 
5888.000000 -2168.993733 0.463995 
5889.000000 -2334.741416 0.464086 
5890.000000 -1515.819642 0.464177 
5891.000000 -1515.819642 0.464098 
5892.000000 -2527.440331 0.464189 
5893.000000 -1649.166438 0.464280 
5894.000000 -1801.505760 0.464371 
5895.000000 -1801.505760 0.464292 
5896.000000 -1801.505760 0.464213 
5897.000000 -2562.744812 0.464304 
5898.000000 -1777.799645 0.464395 
5899.000000 -1777.799645 0.464316 
5900.000000 -1777.799645 0.464237 
5901.000000 -1777.799645 0.464159 
5902.000000 -1777.799645 0.464080 
5903.000000 -1780.558525 0.464171 
5904.000000 -1780.558525 0.464092 
5905.000000 -1780.558525 0.464014 
5906.000000 -1780.558525 0.463935 
5907.000000 -1780.558525 0.463856 
5908.000000 -1780.558525 0.463778 
5909.000000 -2015.927788 0.463869 
5910.000000 -2015.927788 0.463790 
5911.000000 -2043.701042 0.463881 
5912.000000 -2065.445669 0.463972 
5913.000000 -2065.445669 0.463893 
5914.000000 -1574.652947 0.463984 
5915.000000 -1725.753659 0.464074 
5916.000000 -1725.753659 0.463996 
5917.000000 -1725.753659 0.463918 
5918.000000 -1725.753659 0.463839 
5919.000000 -1725.753659 0.463761 
5920.000000 -1725.753659 0.463682 
5921.000000 -1725.753659 0.463604 
5922.000000 -1317.607673 0.463695 
5923.000000 -1317.607673 0.463616 
5924.000000 -1153.264159 0.463707 
5925.000000 -729.526146 0.463797 
5926.000000 -729.526146 0.463719 
5927.000000 -729.526146 0.463641 
5928.000000 -729.526146 0.463563 
5929.000000 -1917.118886 0.463653 
5930.000000 -1917.118886 0.463575 
5931.000000 -1917.118886 0.463497 
5932.000000 -1917.118886 0.463419 
5933.000000 -2307.552440 0.463509 
5934.000000 -2307.552440 0.463431 
5935.000000 -2583.176574 0.463521 
5936.000000 -2583.176574 0.463443 
5937.000000 -2583.176574 0.463365 
5938.000000 -2583.176574 0.463287 
5939.000000 -2252.174645 0.463378 
5940.000000 -2252.174645 0.463300 
5941.000000 -2252.174645 0.463222 
5942.000000 -2252.174645 0.463144 
5943.000000 -2299.165722 0.463234 
5944.000000 -2299.165722 0.463156 
5945.000000 -2299.165722 0.463078 
5946.000000 -2299.165722 0.463000 
5947.000000 -2419.420042 0.463091 
5948.000000 -2419.420042 0.463013 
5949.000000 -2672.116526 0.463103 
5950.000000 -2672.116526 0.463025 
5951.000000 -2688.054754 0.463115 
5952.000000 -2688.054754 0.463038 
5953.000000 -2363.533300 0.463128 
5954.000000 -2363.533300 0.463050 
5955.000000 -2363.533300 0.462972 
5956.000000 -2363.533300 0.462895 
5957.000000 -2563.006494 0.462985 
5958.000000 -2563.006494 0.462907 
5959.000000 -2563.006494 0.462829 
5960.000000 -2706.878692 0.462919 
5961.000000 -2578.019658 0.463010 
5962.000000 -2578.019658 0.462932 
5963.000000 -2578.019658 0.462854 
5964.000000 -904.381463 0.462944 
5965.000000 -708.229140 0.463034 
5966.000000 -172.996316 0.463124 
5967.000000 -172.996316 0.463047 
5968.000000 -172.996316 0.462969 
5969.000000 -2802.898377 0.463059 
5970.000000 -2802.898377 0.462982 
5971.000000 -2802.898377 0.462904 
5972.000000 -2339.107131 0.462994 
5973.000000 -2183.509920 0.463084 
5974.000000 -2183.509920 0.463006 
5975.000000 -2397.473116 0.463096 
5976.000000 -2397.473116 0.463019 
5977.000000 -2397.473116 0.462941 
5978.000000 -2103.805842 0.463031 
5979.000000 -2367.175706 0.463121 
5980.000000 -2367.175706 0.463043 
5981.000000 -2650.128978 0.463133 
5982.000000 -2171.391167 0.463223 
5983.000000 -2418.513645 0.463313 
5984.000000 -2409.045829 0.463402 
5985.000000 -2409.045829 0.463325 
5986.000000 -2638.628846 0.463415 
5987.000000 -2859.239907 0.463504 
5988.000000 -2698.858491 0.463594 
5989.000000 -2338.195683 0.463683 
5990.000000 -2338.195683 0.463606 
5991.000000 -2338.195683 0.463529 
5992.000000 -2338.195683 0.463451 
5993.000000 -2338.195683 0.463374 
5994.000000 -2338.195683 0.463297 
5995.000000 -2616.618920 0.463386 
5996.000000 -2616.618920 0.463309 
5997.000000 -2616.618920 0.463232 
5998.000000 -2480.985339 0.463321 
5999.000000 -2480.985339 0.463244 
6000.000000 -1910.857838 0.463333 
6001.000000 -1910.857838 0.463256 
6002.000000 -1910.857838 0.463179 
6003.000000 -2247.609079 0.463268 
6004.000000 -2247.609079 0.463191 
6005.000000 -2247.609079 0.463114 
6006.000000 -2247.609079 0.463037 
6007.000000 -2247.609079 0.462960 
6008.000000 -2247.609079 0.462883 
6009.000000 -2247.609079 0.462806 
6010.000000 -2536.243522 0.462895 
6011.000000 -2536.243522 0.462818 
6012.000000 -2334.938127 0.462908 
6013.000000 -2351.078859 0.462997 
6014.000000 -2222.121974 0.463086 
6015.000000 -2222.121974 0.463009 
6016.000000 -2549.258098 0.463098 
6017.000000 -2187.915137 0.463188 
6018.000000 -2187.915137 0.463111 
6019.000000 -2187.915137 0.463034 
6020.000000 -2187.915137 0.462957 
6021.000000 -2294.136701 0.463046 
6022.000000 -2155.016820 0.463135 
6023.000000 -2155.016820 0.463058 
6024.000000 -2155.016820 0.462981 
6025.000000 -2102.496159 0.463071 
6026.000000 -1984.943779 0.463160 
6027.000000 -1984.943779 0.463083 
6028.000000 -1801.427279 0.463172 
6029.000000 -1801.427279 0.463095 
6030.000000 -1801.427279 0.463018 
6031.000000 -2088.232921 0.463107 
6032.000000 -2088.232921 0.463031 
6033.000000 -2145.768241 0.463120 
6034.000000 -2145.768241 0.463043 
6035.000000 -1930.614146 0.463132 
6036.000000 -1813.746380 0.463221 
6037.000000 -1813.746380 0.463144 
6038.000000 -2266.724584 0.463233 
6039.000000 -2183.558042 0.463322 
6040.000000 -2183.558042 0.463245 
6041.000000 -2183.558042 0.463168 
6042.000000 -2475.967400 0.463257 
6043.000000 -2475.967400 0.463181 
6044.000000 -2475.967400 0.463104 
6045.000000 -2478.957879 0.463193 
6046.000000 -2273.032164 0.463282 
6047.000000 -2273.032164 0.463205 
6048.000000 -2037.785516 0.463294 
6049.000000 -2389.205162 0.463382 
6050.000000 -2389.205162 0.463306 
6051.000000 -2389.205162 0.463229 
6052.000000 -2579.470381 0.463318 
6053.000000 -2579.470381 0.463241 
6054.000000 -2579.470381 0.463165 
6055.000000 -2298.087059 0.463254 
6056.000000 -2298.087059 0.463177 
6057.000000 -2368.209907 0.463266 
6058.000000 -2210.591022 0.463354 
6059.000000 -2210.591022 0.463278 
6060.000000 -2210.591022 0.463201 
6061.000000 -2210.591022 0.463125 
6062.000000 -2210.591022 0.463048 
6063.000000 -2210.591022 0.462972 
6064.000000 -2210.591022 0.462896 
6065.000000 -2454.345117 0.462984 
6066.000000 -2454.345117 0.462908 
6067.000000 -2454.345117 0.462832 
6068.000000 -1893.573413 0.462920 
6069.000000 -1893.573413 0.462844 
6070.000000 -1893.573413 0.462768 
6071.000000 -1893.573413 0.462691 
6072.000000 -2011.741146 0.462780 
6073.000000 -2011.741146 0.462704 
6074.000000 -2011.741146 0.462628 
6075.000000 -1807.031288 0.462716 
6076.000000 -2498.338620 0.462804 
6077.000000 -2193.254880 0.462893 
6078.000000 -2193.254880 0.462817 
6079.000000 -2383.297548 0.462905 
6080.000000 -1946.489268 0.462993 
6081.000000 -1946.489268 0.462917 
6082.000000 -1452.210430 0.463006 
6083.000000 -1452.210430 0.462929 
6084.000000 -1452.210430 0.462853 
6085.000000 -1452.210430 0.462777 
6086.000000 -1452.210430 0.462701 
6087.000000 -1800.371670 0.462790 
6088.000000 -2140.743513 0.462878 
6089.000000 -2140.743513 0.462802 
6090.000000 -2167.082105 0.462890 
6091.000000 -1618.582296 0.462978 
6092.000000 -2422.031426 0.463066 
6093.000000 -2102.769118 0.463154 
6094.000000 -1842.915175 0.463243 
6095.000000 -1842.915175 0.463167 
6096.000000 -2817.656321 0.463255 
6097.000000 -2817.656321 0.463179 
6098.000000 -2817.656321 0.463103 
6099.000000 -2327.497959 0.463191 
6100.000000 -2327.497959 0.463115 
6101.000000 -2430.121489 0.463203 
6102.000000 -2430.121489 0.463127 
6103.000000 -2072.001638 0.463215 
6104.000000 -2308.057365 0.463303 
6105.000000 -2213.815033 0.463391 
6106.000000 -1577.919160 0.463479 
6107.000000 -2256.749431 0.463566 
6108.000000 -2308.834394 0.463654 
6109.000000 -1291.051805 0.463742 
6110.000000 -1291.051805 0.463666 
6111.000000 -1177.072607 0.463754 
6112.000000 -1177.072607 0.463678 
6113.000000 -1177.072607 0.463602 
6114.000000 -2310.136462 0.463690 
6115.000000 -1861.266253 0.463778 
6116.000000 -1861.266253 0.463702 
6117.000000 -1215.093763 0.463789 
6118.000000 -1215.093763 0.463714 
6119.000000 -1910.744776 0.463801 
6120.000000 -2571.734334 0.463889 
6121.000000 -1948.013327 0.463976 
6122.000000 -2336.114119 0.464064 
6123.000000 -1944.856106 0.464152 
6124.000000 -1944.856106 0.464076 
6125.000000 -1944.856106 0.464000 
6126.000000 -1886.265632 0.464087 
6127.000000 -2529.939859 0.464175 
6128.000000 -2529.939859 0.464099 
6129.000000 -2529.939859 0.464023 
6130.000000 -2333.374240 0.464111 
6131.000000 -2058.586273 0.464198 
6132.000000 -2058.586273 0.464123 
6133.000000 -1771.376589 0.464210 
6134.000000 -1771.376589 0.464134 
6135.000000 -2218.747872 0.464222 
6136.000000 -2218.747872 0.464146 
6137.000000 -1648.104916 0.464233 
6138.000000 -1648.104916 0.464158 
6139.000000 -1828.758294 0.464245 
6140.000000 -1714.358133 0.464332 
6141.000000 405.761267 0.464419 
6142.000000 405.761267 0.464344 
6143.000000 -442.494085 0.464431 
6144.000000 -442.494085 0.464355 
6145.000000 -442.494085 0.464280 
6146.000000 -2093.155511 0.464367 
6147.000000 1297.703111 0.464454 
6148.000000 1297.703111 0.464379 
6149.000000 -2712.787451 0.464466 
6150.000000 -2143.240959 0.464553 
6151.000000 -2143.240959 0.464477 
6152.000000 -2143.240959 0.464402 
6153.000000 -2143.240959 0.464326 
6154.000000 -2143.240959 0.464251 
6155.000000 -1874.950125 0.464338 
6156.000000 -2130.755118 0.464425 
6157.000000 -2130.755118 0.464350 
6158.000000 -2130.755118 0.464274 
6159.000000 -663.435496 0.464361 
6160.000000 -2754.436463 0.464448 
6161.000000 -2754.436463 0.464373 
6162.000000 -2359.967910 0.464460 
6163.000000 -2084.702107 0.464546 
6164.000000 -1972.483671 0.464633 
6165.000000 -2290.921000 0.464720 
6166.000000 -2021.961871 0.464807 
6167.000000 -2508.303948 0.464894 
6168.000000 -2508.303948 0.464818 
6169.000000 -2508.303948 0.464743 
6170.000000 -2508.303948 0.464668 
6171.000000 -2508.303948 0.464592 
6172.000000 -2508.303948 0.464517 
6173.000000 -2334.904781 0.464604 
6174.000000 -2194.381858 0.464691 
6175.000000 -2194.381858 0.464615 
6176.000000 -2194.381858 0.464540 
6177.000000 -2194.381858 0.464465 
6178.000000 -2194.381858 0.464390 
6179.000000 -2109.821922 0.464476 
6180.000000 -2109.821922 0.464401 
6181.000000 -2003.102523 0.464488 
6182.000000 -2003.102523 0.464413 
6183.000000 -1763.536087 0.464499 
6184.000000 -1763.536087 0.464424 
6185.000000 -1763.536087 0.464349 
6186.000000 -1912.978572 0.464436 
6187.000000 -1912.978572 0.464361 
6188.000000 -2003.268000 0.464447 
6189.000000 -2003.268000 0.464372 
6190.000000 -2003.268000 0.464297 
6191.000000 -1965.210965 0.464384 
6192.000000 -1965.210965 0.464309 
6193.000000 -1965.210965 0.464234 
6194.000000 -1965.210965 0.464159 
6195.000000 -1965.210965 0.464084 
6196.000000 -1965.210965 0.464009 
6197.000000 -1965.210965 0.463934 
6198.000000 -2146.481140 0.464021 
6199.000000 -2134.826951 0.464107 
6200.000000 -1757.282682 0.464194 
6201.000000 -1757.282682 0.464119 
6202.000000 -1990.145739 0.464205 
6203.000000 -2321.655466 0.464291 
6204.000000 -2321.655466 0.464217 
6205.000000 -2321.655466 0.464142 
6206.000000 -2321.655466 0.464067 
6207.000000 -2321.655466 0.463992 
6208.000000 -2325.208129 0.464079 
6209.000000 -2237.904973 0.464165 
6210.000000 -1988.204477 0.464251 
6211.000000 -1988.204477 0.464176 
6212.000000 -1988.204477 0.464102 
6213.000000 -1988.204477 0.464027 
6214.000000 -1988.204477 0.463952 
6215.000000 -2506.541279 0.464039 
6216.000000 -2364.252032 0.464125 
6217.000000 -2214.401218 0.464211 
6218.000000 -2214.401218 0.464136 
6219.000000 -2214.401218 0.464062 
6220.000000 -2214.401218 0.463987 
6221.000000 -2214.401218 0.463913 
6222.000000 -2214.401218 0.463838 
6223.000000 -2214.401218 0.463763 
6224.000000 -2214.401218 0.463689 
6225.000000 -2081.010841 0.463775 
6226.000000 -2081.010841 0.463701 
6227.000000 -1539.089228 0.463787 
6228.000000 -1539.089228 0.463712 
6229.000000 -1539.089228 0.463638 
6230.000000 -1539.089228 0.463563 
6231.000000 -1978.115386 0.463649 
6232.000000 -1978.115386 0.463575 
6233.000000 -1978.115386 0.463501 
6234.000000 -1623.071243 0.463587 
6235.000000 -2181.606608 0.463673 
6236.000000 -2181.606608 0.463598 
6237.000000 -2181.606608 0.463524 
6238.000000 -2264.838862 0.463610 
6239.000000 -2264.838862 0.463536 
6240.000000 -1871.121831 0.463622 
6241.000000 -2143.500260 0.463708 
6242.000000 -2143.500260 0.463633 
6243.000000 -2086.148988 0.463719 
6244.000000 -2086.148988 0.463645 
6245.000000 -2086.148988 0.463571 
6246.000000 -2458.727040 0.463657 
6247.000000 -2458.727040 0.463583 
6248.000000 -2458.727040 0.463508 
6249.000000 -2458.727040 0.463434 
6250.000000 -2304.434714 0.463520 
6251.000000 -2304.434714 0.463446 
6252.000000 -2304.434714 0.463372 
6253.000000 -2248.418606 0.463458 
6254.000000 -2308.546281 0.463543 
6255.000000 -2308.546281 0.463469 
6256.000000 -2308.546281 0.463395 
6257.000000 -2308.546281 0.463321 
6258.000000 -2456.740515 0.463407 
6259.000000 -2401.289642 0.463493 
6260.000000 -2401.289642 0.463419 
6261.000000 -2525.159094 0.463504 
6262.000000 -2525.159094 0.463430 
6263.000000 -2525.159094 0.463356 
6264.000000 -2448.718800 0.463442 
6265.000000 -2448.718800 0.463368 
6266.000000 -2448.718800 0.463294 
6267.000000 -2576.124504 0.463380 
6268.000000 -2289.046111 0.463465 
6269.000000 -1936.722847 0.463551 
6270.000000 -1936.722847 0.463477 
6271.000000 -326.789625 0.463562 
6272.000000 -326.789625 0.463489 
6273.000000 -1951.896478 0.463574 
6274.000000 -2706.579636 0.463660 
6275.000000 -2511.232945 0.463745 
6276.000000 -2819.485510 0.463830 
6277.000000 -2819.485510 0.463757 
6278.000000 -2824.281895 0.463842 
6279.000000 -2824.281895 0.463768 
6280.000000 -2824.281895 0.463694 
6281.000000 -2824.281895 0.463620 
6282.000000 -2614.617858 0.463706 
6283.000000 -2614.617858 0.463632 
6284.000000 -2294.608576 0.463717 
6285.000000 -2294.608576 0.463644 
6286.000000 -2294.608576 0.463570 
6287.000000 -2118.381223 0.463655 
6288.000000 -2439.924994 0.463740 
6289.000000 -1795.041676 0.463826 
6290.000000 -2707.684835 0.463911 
6291.000000 -2707.684835 0.463837 
6292.000000 -2707.684835 0.463764 
6293.000000 -2707.684835 0.463690 
6294.000000 -2707.684835 0.463616 
6295.000000 -2707.684835 0.463542 
6296.000000 -2153.100083 0.463628 
6297.000000 -2153.100083 0.463554 
6298.000000 -1990.745521 0.463639 
6299.000000 -1990.745521 0.463566 
6300.000000 -1990.745521 0.463492 
6301.000000 -1990.745521 0.463419 
6302.000000 -1990.745521 0.463345 
6303.000000 -3020.569488 0.463430 
6304.000000 -2805.866509 0.463515 
6305.000000 -2805.866509 0.463442 
6306.000000 -2805.866509 0.463368 
6307.000000 -2653.835358 0.463453 
6308.000000 -2653.835358 0.463380 
6309.000000 -2653.835358 0.463306 
6310.000000 -2074.244300 0.463391 
6311.000000 -1956.198531 0.463476 
6312.000000 -1956.198531 0.463403 
6313.000000 -2898.340186 0.463488 
6314.000000 -2898.340186 0.463415 
6315.000000 -2898.340186 0.463341 
6316.000000 -2898.340186 0.463268 
6317.000000 -2898.340186 0.463195 
6318.000000 -2898.340186 0.463121 
6319.000000 -2632.240630 0.463206 
6320.000000 -2632.240630 0.463133 
6321.000000 -2632.240630 0.463060 
6322.000000 -2632.240630 0.462986 
6323.000000 -2632.240630 0.462913 
6324.000000 -2360.306235 0.462998 
6325.000000 -2460.836203 0.463083 
6326.000000 -2583.538210 0.463168 
6327.000000 -2583.538210 0.463095 
6328.000000 -2583.538210 0.463021 
6329.000000 -2583.538210 0.462948 
6330.000000 -2368.533248 0.463033 
6331.000000 -2368.533248 0.462960 
6332.000000 -2368.533248 0.462887 
6333.000000 -2368.533248 0.462814 
6334.000000 -2368.533248 0.462741 
6335.000000 -2368.533248 0.462668 
6336.000000 -2479.322439 0.462753 
6337.000000 -2479.322439 0.462680 
6338.000000 -2479.322439 0.462607 
6339.000000 -2479.322439 0.462534 
6340.000000 -1274.119836 0.462618 
6341.000000 -1274.119836 0.462545 
6342.000000 -1274.119836 0.462472 
6343.000000 -2358.154507 0.462557 
6344.000000 -2388.332899 0.462642 
6345.000000 -2388.332899 0.462569 
6346.000000 -2388.332899 0.462496 
6347.000000 -2388.332899 0.462423 
6348.000000 -2460.683943 0.462508 
6349.000000 -2460.683943 0.462435 
6350.000000 -2460.683943 0.462362 
6351.000000 -2344.052972 0.462447 
6352.000000 -2344.052972 0.462374 
6353.000000 -2487.810766 0.462459 
6354.000000 -2487.810766 0.462386 
6355.000000 -2549.319443 0.462470 
6356.000000 -2549.319443 0.462398 
6357.000000 -2548.613596 0.462482 
6358.000000 -2548.613596 0.462410 
6359.000000 -2478.854958 0.462494 
6360.000000 -2478.854958 0.462421 
6361.000000 -2478.854958 0.462349 
6362.000000 -2553.937711 0.462433 
6363.000000 -2515.943663 0.462518 
6364.000000 -2515.943663 0.462445 
6365.000000 -2515.943663 0.462372 
6366.000000 -2515.943663 0.462300 
6367.000000 -2515.943663 0.462227 
6368.000000 -2359.658068 0.462312 
6369.000000 -2359.658068 0.462239 
6370.000000 -2434.933816 0.462323 
6371.000000 -2439.502043 0.462408 
6372.000000 -2335.872107 0.462492 
6373.000000 -2335.872107 0.462420 
6374.000000 -2335.872107 0.462347 
6375.000000 -2179.902373 0.462431 
6376.000000 -2300.188464 0.462516 
6377.000000 -2300.188464 0.462443 
6378.000000 -2224.790031 0.462527 
6379.000000 -2161.499466 0.462612 
6380.000000 -2161.499466 0.462539 
6381.000000 -2161.499466 0.462467 
6382.000000 -2161.499466 0.462394 
6383.000000 -2161.499466 0.462322 
6384.000000 -2161.499466 0.462249 
6385.000000 -2293.911093 0.462334 
6386.000000 -2096.002445 0.462418 
6387.000000 -2096.002445 0.462345 
6388.000000 -2089.766795 0.462430 
6389.000000 -2089.766795 0.462357 
6390.000000 -2007.168108 0.462441 
6391.000000 -2007.168108 0.462369 
6392.000000 -2007.168108 0.462297 
6393.000000 -2293.604995 0.462381 
6394.000000 -2293.604995 0.462308 
6395.000000 -2293.604995 0.462236 
6396.000000 -1895.636572 0.462320 
6397.000000 -2254.477413 0.462404 
6398.000000 -2137.132939 0.462488 
6399.000000 -2108.727918 0.462572 
6400.000000 -2038.887032 0.462656 
6401.000000 -2038.887032 0.462584 
6402.000000 -2038.887032 0.462512 
6403.000000 -1773.583199 0.462596 
6404.000000 -1773.583199 0.462523 
6405.000000 -1992.685863 0.462607 
6406.000000 -2223.386474 0.462691 
6407.000000 -2223.386474 0.462619 
6408.000000 -1094.491090 0.462703 
6409.000000 -1548.644483 0.462787 
6410.000000 -1548.644483 0.462715 
6411.000000 -1548.644483 0.462642 
6412.000000 -1548.644483 0.462570 
6413.000000 -1548.644483 0.462498 
6414.000000 -1548.644483 0.462426 
6415.000000 -1548.644483 0.462354 
6416.000000 -1548.644483 0.462282 
6417.000000 -1872.318951 0.462366 
6418.000000 -1872.318951 0.462294 
6419.000000 -1872.318951 0.462222 
6420.000000 -1872.318951 0.462150 
6421.000000 -1872.318951 0.462078 
6422.000000 765.718013 0.462161 
6423.000000 765.718013 0.462089 
6424.000000 765.718013 0.462017 
6425.000000 765.718013 0.461946 
6426.000000 765.718013 0.461874 
6427.000000 1669.104478 0.461957 
6428.000000 -2741.909951 0.462041 
6429.000000 -2741.909951 0.461969 
6430.000000 -787.237650 0.462053 
6431.000000 -787.237650 0.461981 
6432.000000 -681.479667 0.462065 
6433.000000 -681.479667 0.461993 
6434.000000 1413.735949 0.462076 
6435.000000 1413.735949 0.462005 
6436.000000 -3184.861403 0.462088 
6437.000000 -3184.861403 0.462016 
6438.000000 -3184.861403 0.461945 
6439.000000 -3184.861403 0.461873 
6440.000000 -3184.861403 0.461801 
6441.000000 -3184.861403 0.461730 
6442.000000 -3184.861403 0.461658 
6443.000000 -1518.286918 0.461741 
6444.000000 -1518.286918 0.461670 
6445.000000 -1518.286918 0.461598 
6446.000000 -1518.286918 0.461527 
6447.000000 -1518.286918 0.461455 
6448.000000 -2788.182172 0.461538 
6449.000000 -533.141092 0.461622 
6450.000000 -533.141092 0.461550 
6451.000000 -2599.022633 0.461634 
6452.000000 -2577.071577 0.461717 
6453.000000 -2577.071577 0.461646 
6454.000000 -1890.419022 0.461729 
6455.000000 -2059.691326 0.461813 
6456.000000 -1901.507667 0.461896 
6457.000000 -1901.507667 0.461824 
6458.000000 -2223.488546 0.461908 
6459.000000 -1775.422928 0.461991 
6460.000000 -939.053939 0.462074 
6461.000000 -939.053939 0.462003 
6462.000000 -447.834198 0.462086 
6463.000000 -127.882335 0.462169 
6464.000000 -2647.533927 0.462252 
6465.000000 -2156.938850 0.462336 
6466.000000 -2735.723753 0.462419 
6467.000000 -2735.723753 0.462347 
6468.000000 -2735.723753 0.462276 
6469.000000 -2359.142346 0.462359 
6470.000000 -2530.413897 0.462442 
6471.000000 -2301.001521 0.462525 
6472.000000 -2301.001521 0.462454 
6473.000000 -2301.001521 0.462382 
6474.000000 -1812.811100 0.462465 
6475.000000 -1772.268940 0.462548 
6476.000000 -1772.268940 0.462477 
6477.000000 -2032.124033 0.462560 
6478.000000 -2163.803701 0.462643 
6479.000000 -2163.803701 0.462571 
6480.000000 -1569.410885 0.462654 
6481.000000 -1569.410885 0.462583 
6482.000000 -1799.608644 0.462666 
6483.000000 -1799.608644 0.462594 
6484.000000 -1799.608644 0.462523 
6485.000000 -2230.458791 0.462606 
6486.000000 -2255.466128 0.462689 
6487.000000 -2255.466128 0.462618 
6488.000000 -2242.009569 0.462700 
6489.000000 -2242.009569 0.462629 
6490.000000 -1862.287018 0.462712 
6491.000000 -2005.480594 0.462795 
6492.000000 -1298.576967 0.462877 
6493.000000 -1298.576967 0.462806 
6494.000000 -2270.377313 0.462889 
6495.000000 -2270.377313 0.462818 
6496.000000 -1724.958355 0.462900 
6497.000000 -1542.076172 0.462983 
6498.000000 -1361.263850 0.463066 
6499.000000 -1361.263850 0.462994 
6500.000000 -1314.162934 0.463077 
6501.000000 -2154.816881 0.463160 
6502.000000 -2154.816881 0.463088 
6503.000000 -1537.946580 0.463171 
6504.000000 -1537.946580 0.463100 
6505.000000 -1537.946580 0.463028 
6506.000000 -1537.946580 0.462957 
6507.000000 -1537.946580 0.462886 
6508.000000 -2322.928625 0.462969 
6509.000000 -2322.928625 0.462898 
6510.000000 -2322.928625 0.462826 
6511.000000 -2322.928625 0.462755 
6512.000000 -2322.928625 0.462684 
6513.000000 -2231.270689 0.462767 
6514.000000 -2231.270689 0.462696 
6515.000000 -2745.678628 0.462778 
6516.000000 -2745.678628 0.462707 
6517.000000 -2308.219489 0.462790 
6518.000000 -618.224011 0.462872 
6519.000000 -1924.893016 0.462954 
6520.000000 -1924.893016 0.462883 
6521.000000 -366.587332 0.462966 
6522.000000 -366.587332 0.462895 
6523.000000 -366.587332 0.462824 
6524.000000 -2337.082193 0.462906 
6525.000000 -3182.757391 0.462989 
6526.000000 -3182.757391 0.462918 
6527.000000 -3182.757391 0.462847 
6528.000000 -3182.757391 0.462776 
6529.000000 -2440.666039 0.462858 
6530.000000 -1793.971396 0.462940 
6531.000000 -2808.568550 0.463023 
6532.000000 -2808.568550 0.462952 
6533.000000 -1393.527894 0.463034 
6534.000000 -2223.001524 0.463116 
6535.000000 -2845.376706 0.463198 
6536.000000 -2845.376706 0.463127 
6537.000000 -2845.376706 0.463056 
6538.000000 -2730.567609 0.463139 
6539.000000 -2730.567609 0.463068 
6540.000000 -2050.784092 0.463150 
6541.000000 -3005.434756 0.463232 
6542.000000 -3005.434756 0.463161 
6543.000000 -3005.434756 0.463090 
6544.000000 -3005.434756 0.463020 
6545.000000 -3005.434756 0.462949 
6546.000000 -3005.434756 0.462878 
6547.000000 -3005.434756 0.462807 
6548.000000 -1606.441037 0.462889 
6549.000000 -1606.441037 0.462819 
6550.000000 -2580.139780 0.462901 
6551.000000 -2580.139780 0.462830 
6552.000000 -2580.139780 0.462759 
6553.000000 -2580.139780 0.462689 
6554.000000 -2277.811294 0.462771 
6555.000000 -2886.785861 0.462853 
6556.000000 -2886.785861 0.462782 
6557.000000 -2338.167075 0.462864 
6558.000000 -2338.167075 0.462794 
6559.000000 -2331.436101 0.462875 
6560.000000 -2368.615724 0.462957 
6561.000000 -2368.615724 0.462887 
6562.000000 -2368.615724 0.462816 
6563.000000 -2354.596617 0.462898 
6564.000000 -2354.596617 0.462828 
6565.000000 -2354.596617 0.462757 
6566.000000 -2301.029166 0.462839 
6567.000000 -2301.029166 0.462768 
6568.000000 -2301.029166 0.462698 
6569.000000 -2448.475978 0.462780 
6570.000000 -2448.475978 0.462709 
6571.000000 -2556.213179 0.462791 
6572.000000 -2062.900732 0.462873 
6573.000000 -2062.900732 0.462802 
6574.000000 -2062.900732 0.462732 
6575.000000 -2062.900732 0.462662 
6576.000000 -2342.549127 0.462743 
6577.000000 -2342.549127 0.462673 
6578.000000 -2342.549127 0.462603 
6579.000000 -2278.462234 0.462684 
6580.000000 -2278.462234 0.462614 
6581.000000 -2568.935573 0.462696 
6582.000000 -2294.714180 0.462777 
6583.000000 -2294.714180 0.462707 
6584.000000 -2329.553809 0.462789 
6585.000000 -2329.553809 0.462718 
6586.000000 -2329.553809 0.462648 
6587.000000 -2326.769741 0.462730 
6588.000000 -2326.769741 0.462659 
6589.000000 -2326.769741 0.462589 
6590.000000 -1923.415603 0.462671 
6591.000000 -2188.013016 0.462752 
6592.000000 -2188.013016 0.462682 
6593.000000 -2198.465522 0.462764 
6594.000000 -2198.465522 0.462693 
6595.000000 -2198.465522 0.462623 
6596.000000 -2198.465522 0.462553 
6597.000000 -2198.465522 0.462483 
6598.000000 -2298.555212 0.462564 
6599.000000 -2113.678795 0.462646 
6600.000000 -1949.310711 0.462727 
6601.000000 -1949.310711 0.462657 
6602.000000 -1879.574740 0.462739 
6603.000000 -1879.574740 0.462668 
6604.000000 -1879.574740 0.462598 
6605.000000 -2213.004427 0.462680 
6606.000000 -2462.333054 0.462761 
6607.000000 -2462.333054 0.462691 
6608.000000 -2213.958052 0.462772 
6609.000000 -2213.958052 0.462702 
6610.000000 -2213.958052 0.462632 
6611.000000 -2213.958052 0.462562 
6612.000000 -2305.064243 0.462644 
6613.000000 -2305.064243 0.462574 
6614.000000 -2339.368165 0.462655 
6615.000000 -2339.368165 0.462585 
6616.000000 -2348.419912 0.462666 
6617.000000 -2348.419912 0.462596 
6618.000000 -2164.964092 0.462678 
6619.000000 -2164.964092 0.462608 
6620.000000 -2204.997882 0.462689 
6621.000000 -2095.264901 0.462770 
6622.000000 -2095.264901 0.462700 
6623.000000 -2095.264901 0.462630 
6624.000000 -2095.264901 0.462560 
6625.000000 -2345.133584 0.462642 
6626.000000 -2345.133584 0.462572 
6627.000000 -2345.133584 0.462502 
6628.000000 -2345.133584 0.462432 
6629.000000 -2037.974610 0.462513 
6630.000000 -2037.974610 0.462443 
6631.000000 -2037.974610 0.462374 
6632.000000 -1999.995404 0.462455 
6633.000000 -1999.995404 0.462385 
6634.000000 -2060.231761 0.462466 
6635.000000 -2060.231761 0.462396 
6636.000000 -2060.231761 0.462327 
6637.000000 -2060.231761 0.462257 
6638.000000 -2066.845034 0.462338 
6639.000000 -1923.690095 0.462419 
6640.000000 -1739.756151 0.462500 
6641.000000 -1739.756151 0.462430 
6642.000000 -1739.756151 0.462361 
6643.000000 -1739.756151 0.462291 
6644.000000 -1739.756151 0.462222 
6645.000000 -1739.756151 0.462152 
6646.000000 -914.371628 0.462233 
6647.000000 -914.371628 0.462163 
6648.000000 -1155.982392 0.462244 
6649.000000 -1296.551715 0.462325 
6650.000000 -1296.551715 0.462256 
6651.000000 -925.699262 0.462336 
6652.000000 -925.699262 0.462267 
6653.000000 -1846.129363 0.462348 
6654.000000 -1846.129363 0.462278 
6655.000000 -1846.129363 0.462209 
6656.000000 -1846.129363 0.462139 
6657.000000 -1846.129363 0.462070 
6658.000000 -1846.129363 0.462001 
6659.000000 -1846.129363 0.461931 
6660.000000 -819.454181 0.462012 
6661.000000 -819.454181 0.461943 
6662.000000 -819.454181 0.461873 
6663.000000 -819.454181 0.461804 
6664.000000 2469.061983 0.461885 
6665.000000 2469.061983 0.461815 
6666.000000 780.473821 0.461896 
6667.000000 -1254.191536 0.461977 
6668.000000 -2090.333023 0.462058 
6669.000000 -2090.333023 0.461988 
6670.000000 -1578.080999 0.462069 
6671.000000 -2184.903273 0.462150 
6672.000000 -1633.571039 0.462230 
6673.000000 -1633.571039 0.462161 
6674.000000 -1633.571039 0.462092 
6675.000000 -1633.571039 0.462022 
6676.000000 -1719.095245 0.462103 
6677.000000 -1840.049277 0.462184 
6678.000000 -1840.049277 0.462114 
6679.000000 -1840.049277 0.462045 
6680.000000 -1840.049277 0.461976 
6681.000000 -1840.049277 0.461907 
6682.000000 -1875.998725 0.461987 
6683.000000 -1602.110342 0.462068 
6684.000000 -1602.110342 0.461999 
6685.000000 -2197.409085 0.462079 
6686.000000 -1891.926734 0.462160 
6687.000000 -2200.860436 0.462240 
6688.000000 -1514.942043 0.462321 
6689.000000 -1459.363726 0.462401 
6690.000000 -1844.374850 0.462481 
6691.000000 -1844.374850 0.462412 
6692.000000 -1643.070254 0.462493 
6693.000000 -1643.070254 0.462423 
6694.000000 -1637.897261 0.462504 
6695.000000 -1637.897261 0.462435 
6696.000000 -2213.049570 0.462515 
6697.000000 -2213.049570 0.462446 
6698.000000 -2213.049570 0.462377 
6699.000000 -2545.426662 0.462457 
6700.000000 -2291.842515 0.462537 
6701.000000 -2291.842515 0.462468 
6702.000000 -2291.842515 0.462399 
6703.000000 -1876.275345 0.462479 
6704.000000 -1876.275345 0.462411 
6705.000000 -1970.301160 0.462491 
6706.000000 -1970.301160 0.462422 
6707.000000 -1970.301160 0.462353 
6708.000000 -1982.945734 0.462433 
6709.000000 -1736.558611 0.462513 
6710.000000 -2215.175378 0.462593 
6711.000000 -2215.175378 0.462524 
6712.000000 -1688.497846 0.462604 
6713.000000 -1688.497846 0.462535 
6714.000000 -1688.497846 0.462466 
6715.000000 -1688.497846 0.462398 
6716.000000 -1939.856420 0.462478 
6717.000000 -2076.523769 0.462558 
6718.000000 -2076.523769 0.462489 
6719.000000 -2076.523769 0.462420 
6720.000000 -2076.523769 0.462351 
6721.000000 -1954.380265 0.462431 
6722.000000 -1857.319468 0.462511 
6723.000000 -1857.319468 0.462442 
6724.000000 -1888.432999 0.462522 
6725.000000 -1888.432999 0.462454 
6726.000000 -1846.186367 0.462533 
6727.000000 -1846.186367 0.462465 
6728.000000 -962.292224 0.462545 
6729.000000 -962.292224 0.462476 
6730.000000 -1381.436055 0.462556 
6731.000000 -2768.268013 0.462636 
6732.000000 -2768.268013 0.462567 
6733.000000 -2768.268013 0.462498 
6734.000000 -2768.268013 0.462429 
6735.000000 -2044.510318 0.462509 
6736.000000 -2082.478722 0.462589 
6737.000000 -2082.478722 0.462520 
6738.000000 -2128.940847 0.462600 
6739.000000 -2128.940847 0.462532 
6740.000000 -2015.354723 0.462611 
6741.000000 -2015.354723 0.462543 
6742.000000 -2015.354723 0.462474 
6743.000000 -2015.354723 0.462405 
6744.000000 -2167.161027 0.462485 
6745.000000 -2167.161027 0.462417 
6746.000000 -2353.335017 0.462496 
6747.000000 -2161.472370 0.462576 
6748.000000 -2201.327239 0.462656 
6749.000000 -1953.738214 0.462735 
6750.000000 -2116.997845 0.462815 
6751.000000 -2048.734855 0.462894 
6752.000000 -2048.734855 0.462826 
6753.000000 -1981.139062 0.462905 
6754.000000 -1981.139062 0.462837 
6755.000000 -1981.139062 0.462768 
6756.000000 -1859.800622 0.462848 
6757.000000 -1859.800622 0.462779 
6758.000000 -1859.800622 0.462711 
6759.000000 -1574.614239 0.462790 
6760.000000 -1574.614239 0.462722 
6761.000000 -1574.614239 0.462653 
6762.000000 -1574.614239 0.462585 
6763.000000 -1574.614239 0.462517 
6764.000000 -1574.614239 0.462448 
6765.000000 -1574.614239 0.462380 
6766.000000 -1881.303249 0.462459 
6767.000000 -1881.303249 0.462391 
6768.000000 -1881.303249 0.462323 
6769.000000 -1961.466473 0.462402 
6770.000000 -2202.758981 0.462482 
6771.000000 -2224.633397 0.462561 
6772.000000 -2224.633397 0.462493 
6773.000000 -2224.633397 0.462424 
6774.000000 -2224.633397 0.462356 
6775.000000 -2129.603828 0.462435 
6776.000000 -2129.603828 0.462367 
6777.000000 -2184.942377 0.462447 
6778.000000 -2181.629100 0.462526 
6779.000000 -2181.629100 0.462458 
6780.000000 -2357.290830 0.462537 
6781.000000 -2162.714944 0.462616 
6782.000000 -2162.714944 0.462548 
6783.000000 -2162.714944 0.462480 
6784.000000 -1779.838814 0.462559 
6785.000000 -1779.838814 0.462491 
6786.000000 -1779.838814 0.462423 
6787.000000 -1779.838814 0.462355 
6788.000000 -819.225650 0.462434 
6789.000000 -819.225650 0.462366 
6790.000000 -819.225650 0.462297 
6791.000000 -2428.410789 0.462377 
6792.000000 -2395.785393 0.462456 
6793.000000 -2395.785393 0.462388 
6794.000000 -1914.235431 0.462467 
6795.000000 -1914.235431 0.462399 
6796.000000 -1914.235431 0.462331 
6797.000000 -1914.235431 0.462263 
6798.000000 -1914.235431 0.462195 
6799.000000 -1914.235431 0.462127 
6800.000000 -1914.235431 0.462059 
6801.000000 -1914.235431 0.461991 
6802.000000 -1914.235431 0.461923 
6803.000000 -2066.299817 0.462002 
6804.000000 -2066.299817 0.461934 
6805.000000 -2066.299817 0.461866 
6806.000000 -2066.299817 0.461798 
6807.000000 -2066.299817 0.461731 
6808.000000 -1982.719121 0.461810 
6809.000000 -1982.719121 0.461742 
6810.000000 -1982.719121 0.461674 
6811.000000 -1613.150036 0.461753 
6812.000000 -1613.150036 0.461685 
6813.000000 -1306.148948 0.461764 
6814.000000 -1306.148948 0.461697 
6815.000000 -1742.447961 0.461775 
6816.000000 -1742.447961 0.461708 
6817.000000 -2415.162734 0.461787 
6818.000000 -2200.849693 0.461866 
6819.000000 -2068.538644 0.461945 
6820.000000 -1992.040707 0.462023 
6821.000000 -1992.040707 0.461956 
6822.000000 -1992.040707 0.461888 
6823.000000 -1598.015231 0.461967 
6824.000000 -2118.880675 0.462046 
6825.000000 -2118.880675 0.461978 
6826.000000 -2118.880675 0.461910 
6827.000000 -2109.973615 0.461989 
6828.000000 -2109.973615 0.461921 
6829.000000 -2109.973615 0.461854 
6830.000000 -1556.194304 0.461933 
6831.000000 -1556.194304 0.461865 
6832.000000 -1852.577222 0.461944 
6833.000000 -1757.249222 0.462023 
6834.000000 -2015.188689 0.462101 
6835.000000 -1675.454032 0.462180 
6836.000000 -1984.372537 0.462259 
6837.000000 -2107.736793 0.462337 
6838.000000 -1957.176690 0.462416 
6839.000000 -2043.631111 0.462495 
6840.000000 -2043.631111 0.462427 
6841.000000 -2581.660176 0.462505 
6842.000000 -2581.660176 0.462438 
6843.000000 -2581.660176 0.462370 
6844.000000 -2581.660176 0.462303 
6845.000000 -2386.167924 0.462381 
6846.000000 -2386.167924 0.462314 
6847.000000 -2386.167924 0.462246 
6848.000000 -2321.388157 0.462325 
6849.000000 -2321.388157 0.462257 
6850.000000 -1795.156263 0.462336 
6851.000000 -1795.156263 0.462268 
6852.000000 -2323.459249 0.462347 
6853.000000 -2323.459249 0.462279 
6854.000000 -2323.459249 0.462212 
6855.000000 -2323.459249 0.462144 
6856.000000 -2446.776954 0.462223 
6857.000000 -2446.776954 0.462155 
6858.000000 -2249.164449 0.462234 
6859.000000 -2249.164449 0.462166 
6860.000000 -2040.621209 0.462245 
6861.000000 -2040.621209 0.462178 
6862.000000 -2040.621209 0.462110 
6863.000000 -2040.621209 0.462043 
6864.000000 -2040.621209 0.461976 
6865.000000 -2040.621209 0.461908 
6866.000000 -2214.212251 0.461987 
6867.000000 -2214.212251 0.461919 
6868.000000 -2214.212251 0.461852 
6869.000000 -1979.010932 0.461930 
6870.000000 -2078.136936 0.462009 
6871.000000 -1926.224708 0.462087 
6872.000000 -1926.224708 0.462020 
6873.000000 -1926.224708 0.461953 
6874.000000 -1357.469981 0.462031 
6875.000000 -1357.469981 0.461964 
6876.000000 -1357.469981 0.461896 
6877.000000 -2250.018020 0.461975 
6878.000000 -2030.503874 0.462053 
6879.000000 -2030.503874 0.461986 
6880.000000 -2268.306586 0.462064 
6881.000000 -2268.306586 0.461997 
6882.000000 -2268.306586 0.461930 
6883.000000 -2268.306586 0.461863 
6884.000000 -2134.085008 0.461941 
6885.000000 -2215.336603 0.462019 
6886.000000 -2215.336603 0.461952 
6887.000000 -2204.797275 0.462030 
6888.000000 -2204.797275 0.461963 
6889.000000 -2265.006763 0.462041 
6890.000000 -2265.006763 0.461974 
6891.000000 -2160.197050 0.462052 
6892.000000 -2160.197050 0.461985 
6893.000000 -2107.992444 0.462063 
6894.000000 -2105.374952 0.462141 
6895.000000 -2105.374952 0.462074 
6896.000000 -2105.374952 0.462007 
6897.000000 -2063.236274 0.462085 
6898.000000 -2179.151531 0.462163 
6899.000000 -2179.151531 0.462096 
6900.000000 -2179.151531 0.462029 
6901.000000 -2179.151531 0.461962 
6902.000000 -2179.151531 0.461895 
6903.000000 -2095.369725 0.461973 
6904.000000 -2009.771241 0.462051 
6905.000000 -2326.554905 0.462129 
6906.000000 -2326.554905 0.462062 
6907.000000 -2156.449698 0.462140 
6908.000000 -2156.449698 0.462073 
6909.000000 -2125.776160 0.462151 
6910.000000 -2362.270296 0.462229 
6911.000000 -2307.738542 0.462306 
6912.000000 -2307.738542 0.462240 
6913.000000 -2307.738542 0.462173 
6914.000000 -2286.625270 0.462251 
6915.000000 -2286.625270 0.462184 
6916.000000 -2286.625270 0.462117 
6917.000000 -1944.214622 0.462195 
6918.000000 -2013.841376 0.462272 
6919.000000 -1997.541475 0.462350 
6920.000000 -1802.748357 0.462428 
6921.000000 -1984.311578 0.462505 
6922.000000 -1712.145878 0.462583 
6923.000000 -2033.410902 0.462661 
6924.000000 -2033.410902 0.462594 
6925.000000 -2033.410902 0.462527 
6926.000000 -2033.410902 0.462460 
6927.000000 -2033.410902 0.462394 
6928.000000 -2033.410902 0.462327 
6929.000000 -2033.410902 0.462260 
6930.000000 -2042.582462 0.462338 
6931.000000 -2042.582462 0.462271 
6932.000000 -2042.582462 0.462204 
6933.000000 -1984.385618 0.462282 
6934.000000 -1882.674150 0.462359 
6935.000000 -1965.002489 0.462437 
6936.000000 -1965.002489 0.462370 
6937.000000 -1965.002489 0.462304 
6938.000000 -1965.002489 0.462237 
6939.000000 -1888.729737 0.462314 
6940.000000 -2014.047066 0.462392 
6941.000000 -2014.047066 0.462325 
6942.000000 -2013.272391 0.462403 
6943.000000 -2013.272391 0.462336 
6944.000000 -2013.272391 0.462270 
6945.000000 -2013.272391 0.462203 
6946.000000 -1840.851179 0.462280 
6947.000000 -2044.152408 0.462358 
6948.000000 -2090.843254 0.462435 
6949.000000 -2090.843254 0.462369 
6950.000000 -2090.843254 0.462302 
6951.000000 -2090.843254 0.462236 
6952.000000 -2090.843254 0.462169 
6953.000000 -2090.843254 0.462103 
6954.000000 -2037.484462 0.462180 
6955.000000 -1983.861799 0.462257 
6956.000000 -1983.861799 0.462191 
6957.000000 -1983.861799 0.462124 
6958.000000 -2155.271628 0.462202 
6959.000000 -2155.271628 0.462135 
6960.000000 -2155.271628 0.462069 
6961.000000 -2155.271628 0.462003 
6962.000000 -2103.645850 0.462080 
6963.000000 -2103.645850 0.462013 
6964.000000 -2103.645850 0.461947 
6965.000000 -2103.645850 0.461881 
6966.000000 -2016.642113 0.461958 
6967.000000 -2016.642113 0.461892 
6968.000000 -2016.642113 0.461825 
6969.000000 -2016.642113 0.461759 
6970.000000 -1951.607510 0.461836 
6971.000000 -2078.183003 0.461914 
6972.000000 -1883.846892 0.461991 
6973.000000 -1883.846892 0.461925 
6974.000000 -1883.846892 0.461858 
6975.000000 -1883.846892 0.461792 
6976.000000 -1770.252664 0.461869 
6977.000000 -1523.815012 0.461946 
6978.000000 -1523.815012 0.461880 
6979.000000 -1523.815012 0.461814 
6980.000000 -2090.592513 0.461891 
6981.000000 -1556.092259 0.461968 
6982.000000 -1556.092259 0.461902 
6983.000000 -1556.092259 0.461836 
6984.000000 -1556.092259 0.461770 
6985.000000 -2102.860419 0.461847 
6986.000000 -2156.744428 0.461924 
6987.000000 -2156.744428 0.461858 
6988.000000 -2156.744428 0.461792 
6989.000000 -2156.744428 0.461726 
6990.000000 -2156.744428 0.461660 
6991.000000 -2156.744428 0.461593 
6992.000000 -1926.308804 0.461670 
6993.000000 -2145.008604 0.461747 
6994.000000 -2090.276854 0.461824 
6995.000000 -2090.276854 0.461758 
6996.000000 -2090.276854 0.461692 
6997.000000 -2090.276854 0.461626 
6998.000000 -2090.276854 0.461560 
6999.000000 -2090.276854 0.461494 
7000.000000 -2090.276854 0.461429 
7001.000000 -2090.276854 0.461363 
7002.000000 -2189.910979 0.461440 
7003.000000 -2190.424087 0.461516 
7004.000000 -2190.424087 0.461451 
7005.000000 -2190.424087 0.461385 
7006.000000 -2296.863023 0.461462 
7007.000000 -2304.727112 0.461538 
7008.000000 -2304.727112 0.461473 
7009.000000 -1892.268063 0.461549 
7010.000000 -1892.268063 0.461484 
7011.000000 -1892.268063 0.461418 
7012.000000 -1892.268063 0.461352 
7013.000000 -1892.268063 0.461286 
7014.000000 -2476.072658 0.461363 
7015.000000 -2702.853287 0.461440 
7016.000000 -2396.921903 0.461517 
7017.000000 -2396.921903 0.461451 
7018.000000 -2396.921903 0.461385 
7019.000000 -1970.474858 0.461462 
7020.000000 -447.875268 0.461538 
7021.000000 -447.875268 0.461473 
7022.000000 -2535.650791 0.461549 
7023.000000 -2535.650791 0.461484 
7024.000000 -2380.013459 0.461560 
7025.000000 -2343.042183 0.461637 
7026.000000 -1457.360890 0.461714 
7027.000000 -1457.360890 0.461648 
7028.000000 -1457.360890 0.461582 
7029.000000 -2183.011938 0.461659 
7030.000000 -2183.011938 0.461593 
7031.000000 -2170.615353 0.461670 
7032.000000 -2170.615353 0.461604 
7033.000000 -2393.612400 0.461681 
7034.000000 -2121.863260 0.461757 
7035.000000 -1755.964670 0.461834 
7036.000000 -2274.786080 0.461910 
7037.000000 -2274.786080 0.461845 
7038.000000 -2594.993750 0.461921 
7039.000000 -2552.739756 0.461997 
7040.000000 -2552.739756 0.461932 
7041.000000 -2552.739756 0.461866 
7042.000000 -2552.739756 0.461801 
7043.000000 -2552.739756 0.461735 
7044.000000 -2496.457505 0.461811 
7045.000000 -2496.457505 0.461746 
7046.000000 -2287.891288 0.461822 
7047.000000 -2306.331268 0.461899 
7048.000000 -2421.907839 0.461975 
7049.000000 -2421.907839 0.461909 
7050.000000 -2421.907839 0.461844 
7051.000000 -2378.308251 0.461920 
7052.000000 -2389.940667 0.461997 
7053.000000 -2389.940667 0.461931 
7054.000000 -2133.673716 0.462007 
7055.000000 -1767.314232 0.462084 
7056.000000 -2597.164667 0.462160 
7057.000000 -2597.164667 0.462094 
7058.000000 -2219.543352 0.462171 
7059.000000 -2444.435744 0.462247 
7060.000000 -2444.435744 0.462181 
7061.000000 -2444.435744 0.462116 
7062.000000 -2444.435744 0.462050 
7063.000000 -2444.435744 0.461985 
7064.000000 -2444.435744 0.461920 
7065.000000 -2444.435744 0.461854 
7066.000000 -2444.435744 0.461789 
7067.000000 -2444.435744 0.461724 
7068.000000 -1691.638814 0.461800 
7069.000000 -1691.638814 0.461734 
7070.000000 -2521.667465 0.461810 
7071.000000 -2521.667465 0.461745 
7072.000000 -2521.667465 0.461680 
7073.000000 -2825.700249 0.461756 
7074.000000 -2535.422270 0.461832 
7075.000000 -2150.166189 0.461908 
7076.000000 -2408.495218 0.461984 
7077.000000 -2408.495218 0.461919 
7078.000000 -2514.668152 0.461995 
7079.000000 -2514.668152 0.461930 
7080.000000 -2348.702772 0.462006 
7081.000000 -2397.977397 0.462082 
7082.000000 -2397.977397 0.462016 
7083.000000 -2397.977397 0.461951 
7084.000000 -2397.977397 0.461886 
7085.000000 -2397.977397 0.461821 
7086.000000 -2397.977397 0.461756 
7087.000000 -2637.130829 0.461832 
7088.000000 -2275.060108 0.461907 
7089.000000 -2275.060108 0.461842 
7090.000000 -2275.060108 0.461777 
7091.000000 -2463.781585 0.461853 
7092.000000 -2463.781585 0.461788 
7093.000000 -2577.158264 0.461864 
7094.000000 -2577.158264 0.461799 
7095.000000 -2577.158264 0.461734 
7096.000000 -2577.158264 0.461669 
7097.000000 -2521.743587 0.461744 
7098.000000 -2521.743587 0.461679 
7099.000000 -2386.939584 0.461755 
7100.000000 -2386.939584 0.461690 
7101.000000 -2645.206416 0.461766 
7102.000000 -2645.206416 0.461701 
7103.000000 -2547.792771 0.461777 
7104.000000 -2547.792771 0.461712 
7105.000000 -2547.792771 0.461647 
7106.000000 -2547.792771 0.461582 
7107.000000 -2243.365515 0.461658 
7108.000000 -2778.799120 0.461733 
7109.000000 -2778.799120 0.461668 
7110.000000 -2778.799120 0.461603 
7111.000000 -2778.799120 0.461538 
7112.000000 -2778.799120 0.461474 
7113.000000 -2434.054793 0.461549 
7114.000000 -2475.597896 0.461625 
7115.000000 -2475.597896 0.461560 
7116.000000 -2475.597896 0.461495 
7117.000000 -2600.067009 0.461571 
7118.000000 -2600.067009 0.461506 
7119.000000 -2439.663339 0.461582 
7120.000000 -2439.663339 0.461517 
7121.000000 -2439.663339 0.461452 
7122.000000 -2235.011878 0.461528 
7123.000000 -2235.011878 0.461463 
7124.000000 -2309.858545 0.461538 
7125.000000 -2309.858545 0.461474 
7126.000000 -2309.858545 0.461409 
7127.000000 -2346.439763 0.461484 
7128.000000 -1876.522023 0.461560 
7129.000000 -1876.522023 0.461495 
7130.000000 -2521.358810 0.461571 
7131.000000 -2521.358810 0.461506 
7132.000000 -2521.358810 0.461441 
7133.000000 -2490.637094 0.461517 
7134.000000 -2490.637094 0.461452 
7135.000000 -2044.205538 0.461528 
7136.000000 -2044.205538 0.461463 
7137.000000 -2044.205538 0.461398 
7138.000000 -2048.607871 0.461474 
7139.000000 -2048.607871 0.461409 
7140.000000 -2048.607871 0.461345 
7141.000000 -2048.607871 0.461280 
7142.000000 -2199.691845 0.461355 
7143.000000 -2199.691845 0.461291 
7144.000000 -2199.691845 0.461226 
7145.000000 -2690.552202 0.461302 
7146.000000 -2690.552202 0.461237 
7147.000000 -2690.552202 0.461173 
7148.000000 -2259.466172 0.461248 
7149.000000 -2259.466172 0.461183 
7150.000000 -2259.466172 0.461119 
7151.000000 -2259.466172 0.461054 
7152.000000 -2376.925064 0.461130 
7153.000000 -2205.656045 0.461205 
7154.000000 -2188.003572 0.461280 
7155.000000 -2360.262109 0.461356 
7156.000000 -2195.296462 0.461431 
7157.000000 -2195.296462 0.461366 
7158.000000 -2337.927762 0.461442 
7159.000000 -2337.927762 0.461377 
7160.000000 -2337.927762 0.461313 
7161.000000 -2337.927762 0.461248 
7162.000000 -2337.927762 0.461184 
7163.000000 -2337.927762 0.461120 
7164.000000 -1958.792332 0.461195 
7165.000000 -1958.792332 0.461130 
7166.000000 -2317.767394 0.461206 
7167.000000 -2291.584982 0.461281 
7168.000000 -2291.584982 0.461217 
7169.000000 -1975.205265 0.461292 
7170.000000 -1975.205265 0.461227 
7171.000000 -1824.702876 0.461302 
7172.000000 -2148.701961 0.461378 
7173.000000 -2054.005483 0.461453 
7174.000000 -2054.005483 0.461388 
7175.000000 -2054.005483 0.461324 
7176.000000 -2054.005483 0.461260 
7177.000000 -2054.005483 0.461195 
7178.000000 -2054.005483 0.461131 
7179.000000 -2054.005483 0.461067 
7180.000000 -2054.005483 0.461003 
7181.000000 -2059.900917 0.461078 
7182.000000 -2059.900917 0.461014 
7183.000000 -2059.900917 0.460949 
7184.000000 -2015.001378 0.461024 
7185.000000 -2015.001378 0.460960 
7186.000000 -1285.720483 0.461035 
7187.000000 -2010.507960 0.461110 
7188.000000 -1486.202381 0.461185 
7189.000000 -1486.202381 0.461121 
7190.000000 -1486.202381 0.461057 
7191.000000 -1486.202381 0.460993 
7192.000000 -1409.306814 0.461068 
7193.000000 -1409.306814 0.461004 
7194.000000 -1409.306814 0.460940 
7195.000000 -1409.306814 0.460876 
7196.000000 -1409.306814 0.460812 
7197.000000 -1409.306814 0.460748 
7198.000000 -1132.578107 0.460822 
7199.000000 -1132.578107 0.460758 
7200.000000 -1132.578107 0.460694 
7201.000000 -1132.578107 0.460630 
7202.000000 -2153.446418 0.460705 
7203.000000 -1267.129755 0.460780 
7204.000000 -1267.129755 0.460716 
7205.000000 -2481.991272 0.460791 
7206.000000 -2210.965023 0.460866 
7207.000000 -2280.576147 0.460941 
7208.000000 -2179.589960 0.461016 
7209.000000 -2179.589960 0.460952 
7210.000000 -2179.589960 0.460888 
7211.000000 -2513.996646 0.460962 
7212.000000 -2403.352572 0.461037 
7213.000000 -2403.352572 0.460973 
7214.000000 -2312.016814 0.461048 
7215.000000 -2312.016814 0.460984 
7216.000000 -2353.112265 0.461059 
7217.000000 -2353.112265 0.460995 
7218.000000 -2330.643911 0.461070 
7219.000000 -2417.511554 0.461144 
7220.000000 -2417.511554 0.461080 
7221.000000 -2417.511554 0.461016 
7222.000000 -2694.702809 0.461091 
7223.000000 -2694.702809 0.461027 
7224.000000 -2438.790758 0.461102 
7225.000000 -2438.790758 0.461038 
7226.000000 -2377.867955 0.461113 
7227.000000 -2739.671398 0.461187 
7228.000000 -2739.671398 0.461123 
7229.000000 -2739.671398 0.461060 
7230.000000 -2739.671398 0.460996 
7231.000000 -2039.494585 0.461070 
7232.000000 -2117.433826 0.461145 
7233.000000 -2644.313404 0.461219 
7234.000000 -2644.313404 0.461156 
7235.000000 -2644.313404 0.461092 
7236.000000 -2644.313404 0.461028 
7237.000000 -3061.224077 0.461103 
7238.000000 -3061.224077 0.461039 
7239.000000 -3063.936634 0.461113 
7240.000000 -3063.936634 0.461050 
7241.000000 -3069.019667 0.461124 
7242.000000 -3069.019667 0.461060 
7243.000000 -3069.019667 0.460997 
7244.000000 -3069.019667 0.460933 
7245.000000 -3069.019667 0.460870 
7246.000000 -2640.286226 0.460944 
7247.000000 -2363.474053 0.461018 
7248.000000 -2363.474053 0.460955 
7249.000000 -2363.474053 0.460891 
7250.000000 -2363.474053 0.460828 
7251.000000 -2363.474053 0.460764 
7252.000000 -2628.926551 0.460838 
7253.000000 -2614.878305 0.460913 
7254.000000 -2614.878305 0.460849 
7255.000000 -2614.878305 0.460786 
7256.000000 -2614.878305 0.460722 
7257.000000 -2614.878305 0.460659 
7258.000000 -2614.878305 0.460595 
7259.000000 -2614.878305 0.460532 
7260.000000 -2614.878305 0.460468 
7261.000000 -2614.878305 0.460405 
7262.000000 -2614.878305 0.460342 
7263.000000 -2575.027681 0.460416 
7264.000000 -2564.680609 0.460490 
7265.000000 -2564.680609 0.460427 
7266.000000 -2564.680609 0.460363 
7267.000000 -2425.783468 0.460438 
7268.000000 -2425.783468 0.460374 
7269.000000 -2425.783468 0.460311 
7270.000000 -2425.783468 0.460248 
7271.000000 -2425.783468 0.460184 
7272.000000 -3040.168716 0.460259 
7273.000000 -3040.168716 0.460195 
7274.000000 -3040.168716 0.460132 
7275.000000 -3040.168716 0.460069 
7276.000000 -2426.580473 0.460143 
7277.000000 -2426.580473 0.460080 
7278.000000 -2713.624793 0.460154 
7279.000000 -2713.624793 0.460091 
7280.000000 -2495.497892 0.460165 
7281.000000 -2495.497892 0.460102 
7282.000000 -2495.497892 0.460038 
7283.000000 -2495.497892 0.459975 
7284.000000 -2495.497892 0.459912 
7285.000000 -2495.497892 0.459849 
7286.000000 -1927.179640 0.459923 
7287.000000 -1927.179640 0.459860 
7288.000000 -2961.043883 0.459934 
7289.000000 -2961.043883 0.459871 
7290.000000 -1904.312544 0.459945 
7291.000000 -2691.610340 0.460019 
7292.000000 -2439.555828 0.460093 
7293.000000 -2439.555828 0.460030 
7294.000000 -2439.555828 0.459967 
7295.000000 -2019.050379 0.460041 
7296.000000 -2768.961669 0.460115 
7297.000000 -2768.961669 0.460052 
7298.000000 -2805.187411 0.460126 
7299.000000 -2899.980520 0.460200 
7300.000000 -2608.560427 0.460274 
7301.000000 -2608.560427 0.460211 
7302.000000 -2608.560427 0.460148 
7303.000000 -2608.560427 0.460085 
7304.000000 -2781.491165 0.460159 
7305.000000 -2781.491165 0.460096 
7306.000000 -2781.491165 0.460033 
7307.000000 -2781.491165 0.459970 
7308.000000 -2638.422553 0.460044 
7309.000000 -2638.422553 0.459981 
7310.000000 -1852.009417 0.460055 
7311.000000 -2177.283539 0.460129 
7312.000000 -2177.283539 0.460066 
7313.000000 -2177.283539 0.460003 
7314.000000 -2101.254362 0.460077 
7315.000000 -2101.254362 0.460014 
7316.000000 -2495.435667 0.460087 
7317.000000 -2735.608292 0.460161 
7318.000000 -2735.608292 0.460098 
7319.000000 -2719.786834 0.460172 
7320.000000 -2650.238545 0.460246 
7321.000000 -2650.238545 0.460183 
7322.000000 -2650.238545 0.460120 
7323.000000 -2545.161497 0.460194 
7324.000000 -2545.161497 0.460131 
7325.000000 -2545.161497 0.460068 
7326.000000 -2545.161497 0.460005 
7327.000000 -2329.240882 0.460079 
7328.000000 -2329.240882 0.460016 
7329.000000 -2329.240882 0.459954 
7330.000000 -2329.240882 0.459891 
7331.000000 -2329.240882 0.459828 
7332.000000 -2329.240882 0.459765 
7333.000000 -2329.240882 0.459703 
7334.000000 -2329.240882 0.459640 
7335.000000 -2329.240882 0.459577 
7336.000000 -2583.165984 0.459651 
7337.000000 -2590.515349 0.459725 
7338.000000 -2590.515349 0.459662 
7339.000000 -2590.515349 0.459599 
7340.000000 -2590.515349 0.459537 
7341.000000 -2176.240113 0.459610 
7342.000000 -2176.240113 0.459548 
7343.000000 -2176.240113 0.459485 
7344.000000 -2176.240113 0.459423 
7345.000000 -2176.240113 0.459360 
7346.000000 -1723.369530 0.459434 
7347.000000 -2343.787726 0.459507 
7348.000000 -2343.787726 0.459445 
7349.000000 -2339.887845 0.459518 
7350.000000 -2252.899912 0.459592 
7351.000000 -2252.899912 0.459529 
7352.000000 -2228.450106 0.459603 
7353.000000 -2055.491529 0.459676 
7354.000000 -2055.491529 0.459614 
7355.000000 -2055.491529 0.459551 
7356.000000 -2055.491529 0.459489 
7357.000000 -1914.395811 0.459562 
7358.000000 -1914.395811 0.459500 
7359.000000 -1971.901167 0.459573 
7360.000000 -1819.698234 0.459647 
7361.000000 -1819.698234 0.459584 
7362.000000 -1819.698234 0.459522 
7363.000000 -2028.357410 0.459595 
7364.000000 -2028.357410 0.459533 
7365.000000 -2028.357410 0.459470 
7366.000000 -2672.945012 0.459544 
7367.000000 -2402.336132 0.459617 
7368.000000 -2402.336132 0.459555 
7369.000000 -2402.336132 0.459492 
7370.000000 -2402.336132 0.459430 
7371.000000 -2652.348826 0.459503 
7372.000000 -2401.143925 0.459577 
7373.000000 -2401.143925 0.459514 
7374.000000 -2382.399562 0.459588 
7375.000000 -2382.399562 0.459525 
7376.000000 -2382.399562 0.459463 
7377.000000 -2382.399562 0.459401 
7378.000000 -2382.399562 0.459339 
7379.000000 -2382.399562 0.459276 
7380.000000 -2382.399562 0.459214 
7381.000000 -2210.865669 0.459287 
7382.000000 -2210.865669 0.459225 
7383.000000 -2210.865669 0.459163 
7384.000000 -2210.865669 0.459101 
7385.000000 -2649.533819 0.459174 
7386.000000 -2649.533819 0.459112 
7387.000000 -2776.740641 0.459185 
7388.000000 -2776.740641 0.459123 
7389.000000 -2372.904388 0.459196 
7390.000000 -2136.854349 0.459269 
7391.000000 -2521.358069 0.459342 
7392.000000 -2521.358069 0.459280 
7393.000000 -2312.020146 0.459353 
7394.000000 -2312.020146 0.459291 
7395.000000 -2312.020146 0.459229 
7396.000000 -2312.020146 0.459167 
7397.000000 -2312.020146 0.459105 
7398.000000 -1738.744107 0.459178 
7399.000000 -1738.744107 0.459116 
7400.000000 -2535.118709 0.459189 
7401.000000 -2085.652538 0.459262 
7402.000000 -2085.652538 0.459200 
7403.000000 -2085.652538 0.459138 
7404.000000 -2085.652538 0.459076 
7405.000000 -2085.652538 0.459014 
7406.000000 -2117.696458 0.459087 
7407.000000 -2117.696458 0.459025 
7408.000000 -2117.696458 0.458963 
7409.000000 -2117.696458 0.458901 
7410.000000 -2117.696458 0.458839 
7411.000000 -2117.696458 0.458777 
7412.000000 -2532.614133 0.458851 
7413.000000 -2871.903696 0.458924 
7414.000000 -2871.903696 0.458862 
7415.000000 -2326.863125 0.458935 
7416.000000 -2656.961948 0.459008 
7417.000000 -2656.961948 0.458946 
7418.000000 -2656.961948 0.458884 
7419.000000 -2656.961948 0.458822 
7420.000000 -2388.666740 0.458895 
7421.000000 -2942.478154 0.458968 
7422.000000 -2942.478154 0.458906 
7423.000000 -2448.792588 0.458979 
7424.000000 -2245.230628 0.459052 
7425.000000 -2245.230628 0.458990 
7426.000000 -2245.230628 0.458928 
7427.000000 -2245.230628 0.458866 
7428.000000 -2141.346214 0.458939 
7429.000000 -2061.959508 0.459012 
7430.000000 -2061.959508 0.458950 
7431.000000 -2061.959508 0.458888 
7432.000000 -2061.959508 0.458827 
7433.000000 -2164.106824 0.458900 
7434.000000 -2503.139783 0.458972 
7435.000000 -2600.163183 0.459045 
7436.000000 -2600.163183 0.458983 
7437.000000 -2600.163183 0.458922 
7438.000000 -2090.561571 0.458994 
7439.000000 -2027.129756 0.459067 
7440.000000 -2027.129756 0.459005 
7441.000000 -2027.129756 0.458944 
7442.000000 -2027.129756 0.458882 
7443.000000 -2715.137529 0.458955 
7444.000000 -2176.232128 0.459027 
7445.000000 -2176.232128 0.458966 
7446.000000 -2176.232128 0.458904 
7447.000000 -2176.232128 0.458842 
7448.000000 -2176.232128 0.458781 
7449.000000 -2176.232128 0.458719 
7450.000000 -2176.232128 0.458658 
7451.000000 -2052.696878 0.458730 
7452.000000 -1669.480187 0.458803 
7453.000000 -1669.480187 0.458741 
7454.000000 -2439.435112 0.458814 
7455.000000 -2439.435112 0.458753 
7456.000000 -2439.435112 0.458691 
7457.000000 -1203.118685 0.458764 
7458.000000 -1203.118685 0.458702 
7459.000000 -1203.118685 0.458641 
7460.000000 -1796.402855 0.458713 
7461.000000 -1796.402855 0.458652 
7462.000000 -1796.402855 0.458590 
7463.000000 -1686.738341 0.458663 
7464.000000 -1686.738341 0.458601 
7465.000000 -1972.370174 0.458674 
7466.000000 -1208.263033 0.458746 
7467.000000 -1208.263033 0.458685 
7468.000000 -1208.263033 0.458623 
7469.000000 -1208.263033 0.458562 
7470.000000 -1240.376544 0.458635 
7471.000000 -776.589751 0.458707 
7472.000000 -776.589751 0.458646 
7473.000000 -2057.089319 0.458718 
7474.000000 -2057.089319 0.458657 
7475.000000 -866.669324 0.458729 
7476.000000 -2502.041871 0.458801 
7477.000000 -1081.471968 0.458874 
7478.000000 -2300.872398 0.458946 
7479.000000 -2300.872398 0.458885 
7480.000000 -2300.872398 0.458824 
7481.000000 -1848.793178 0.458896 
7482.000000 -1848.793178 0.458835 
7483.000000 -1848.793178 0.458773 
7484.000000 -1848.793178 0.458712 
7485.000000 -1848.793178 0.458651 
7486.000000 -636.531650 0.458723 
7487.000000 -636.531650 0.458662 
7488.000000 -636.531650 0.458600 
7489.000000 -636.531650 0.458539 
7490.000000 -1699.998685 0.458611 
7491.000000 -1699.998685 0.458550 
7492.000000 -830.980496 0.458623 
7493.000000 -830.980496 0.458561 
7494.000000 -733.659980 0.458634 
7495.000000 -317.120008 0.458706 
7496.000000 -317.120008 0.458645 
7497.000000 -317.120008 0.458583 
7498.000000 1450.365394 0.458656 
7499.000000 1450.365394 0.458594 
7500.000000 -2218.483442 0.458667 
7501.000000 -1410.406655 0.458739 
7502.000000 -1410.406655 0.458678 
7503.000000 -1410.406655 0.458617 
7504.000000 -1463.435398 0.458689 
7505.000000 -1802.053600 0.458761 
7506.000000 -1669.956897 0.458833 
7507.000000 -1816.760678 0.458905 
7508.000000 -1198.548116 0.458977 
7509.000000 -976.390532 0.459049 
7510.000000 -1250.916574 0.459121 
7511.000000 -1250.916574 0.459060 
7512.000000 -1250.916574 0.458999 
7513.000000 -1250.916574 0.458938 
7514.000000 -2394.675826 0.459010 
7515.000000 -2526.751979 0.459082 
7516.000000 -2526.751979 0.459021 
7517.000000 -2526.751979 0.458960 
7518.000000 -2473.816311 0.459032 
7519.000000 -2473.816311 0.458971 
7520.000000 -2320.340894 0.459043 
7521.000000 -2320.340894 0.458982 
7522.000000 -2320.340894 0.458920 
7523.000000 -1883.866744 0.458992 
7524.000000 -1883.866744 0.458931 
7525.000000 -2268.045386 0.459003 
7526.000000 -2820.200875 0.459075 
7527.000000 -2465.577676 0.459147 
7528.000000 -2377.657857 0.459219 
7529.000000 -2377.657857 0.459158 
7530.000000 -2377.657857 0.459097 
7531.000000 -2225.159501 0.459169 
7532.000000 -1842.802512 0.459241 
7533.000000 -1842.802512 0.459180 
7534.000000 -2488.388264 0.459251 
7535.000000 -2207.604868 0.459323 
7536.000000 -2238.816450 0.459395 
7537.000000 -2238.816450 0.459334 
7538.000000 -2238.816450 0.459273 
7539.000000 -2238.816450 0.459212 
7540.000000 -2042.396306 0.459284 
7541.000000 -2042.396306 0.459223 
7542.000000 -2042.396306 0.459162 
7543.000000 -2201.295425 0.459234 
7544.000000 -2201.295425 0.459173 
7545.000000 -1771.240286 0.459245 
7546.000000 -1771.240286 0.459184 
7547.000000 -1852.714838 0.459255 
7548.000000 -1852.714838 0.459194 
7549.000000 -2668.414576 0.459266 
7550.000000 -1950.409342 0.459338 
7551.000000 -1950.409342 0.459277 
7552.000000 -2325.852341 0.459349 
7553.000000 -2325.852341 0.459288 
7554.000000 -2325.852341 0.459227 
7555.000000 -2325.852341 0.459166 
7556.000000 -2325.852341 0.459105 
7557.000000 -2655.089682 0.459177 
7558.000000 -1918.976425 0.459248 
7559.000000 -1918.976425 0.459188 
7560.000000 -2068.732712 0.459259 
7561.000000 -2951.386673 0.459331 
7562.000000 -2951.386673 0.459270 
7563.000000 -2951.386673 0.459209 
7564.000000 -1912.299866 0.459281 
7565.000000 -2340.247252 0.459352 
7566.000000 -2340.247252 0.459292 
7567.000000 -2340.247252 0.459231 
7568.000000 -2340.247252 0.459170 
7569.000000 -2340.247252 0.459110 
7570.000000 -2322.353119 0.459181 
7571.000000 -2673.581025 0.459252 
7572.000000 -2673.581025 0.459192 
7573.000000 -2673.581025 0.459131 
7574.000000 -2494.357291 0.459203 
7575.000000 -2494.357291 0.459142 
7576.000000 -2494.357291 0.459081 
7577.000000 -2494.357291 0.459021 
7578.000000 -2494.357291 0.458960 
7579.000000 -2494.357291 0.458900 
7580.000000 -2494.357291 0.458839 
7581.000000 -2494.357291 0.458779 
7582.000000 -1775.281890 0.458850 
7583.000000 -2841.906238 0.458921 
7584.000000 -2841.906238 0.458861 
7585.000000 -2841.906238 0.458800 
7586.000000 -2841.906238 0.458740 
7587.000000 -2397.770132 0.458811 
7588.000000 -2933.940801 0.458882 
7589.000000 -2469.654499 0.458954 
7590.000000 -2724.322083 0.459025 
7591.000000 -2724.322083 0.458965 
7592.000000 -2724.322083 0.458904 
7593.000000 -2724.322083 0.458844 
7594.000000 -3025.289745 0.458915 
7595.000000 -3025.289745 0.458855 
7596.000000 -3025.289745 0.458794 
7597.000000 -2032.247490 0.458865 
7598.000000 -3069.207735 0.458937 
7599.000000 -3069.207735 0.458876 
7600.000000 -2364.385471 0.458947 
7601.000000 -3399.090495 0.459019 
7602.000000 -3399.090495 0.458958 
7603.000000 -3399.090495 0.458898 
7604.000000 -2665.735415 0.458969 
7605.000000 -3308.046761 0.459040 
7606.000000 -3308.046761 0.458980 
7607.000000 -3263.277108 0.459051 
7608.000000 -3263.277108 0.458991 
7609.000000 -2901.332757 0.459062 
7610.000000 -2821.254619 0.459133 
7611.000000 -2821.254619 0.459072 
7612.000000 -2821.254619 0.459012 
7613.000000 -2821.254619 0.458952 
7614.000000 -2821.254619 0.458892 
7615.000000 -2922.428833 0.458963 
7616.000000 -2784.636946 0.459034 
7617.000000 -2784.636946 0.458973 
7618.000000 -2900.609160 0.459044 
7619.000000 -2900.609160 0.458984 
7620.000000 -2734.293594 0.459055 
7621.000000 -2475.516517 0.459126 
7622.000000 -2475.516517 0.459066 
7623.000000 -2475.516517 0.459006 
7624.000000 -2752.983095 0.459077 
7625.000000 -2464.456381 0.459148 
7626.000000 -2704.717572 0.459218 
7627.000000 -2704.717572 0.459158 
7628.000000 -2704.717572 0.459098 
7629.000000 -2725.114694 0.459169 
7630.000000 -2785.928673 0.459240 
7631.000000 -2785.928673 0.459180 
7632.000000 -2721.377718 0.459251 
7633.000000 -2721.377718 0.459190 
7634.000000 -2721.377718 0.459130 
7635.000000 -2577.617796 0.459201 
7636.000000 -1994.501855 0.459272 
7637.000000 -1994.501855 0.459212 
7638.000000 -3074.259960 0.459283 
7639.000000 -3074.259960 0.459222 
7640.000000 -3074.259960 0.459162 
7641.000000 -2138.367207 0.459233 
7642.000000 -3502.768065 0.459304 
7643.000000 -3502.768065 0.459244 
7644.000000 -3502.768065 0.459184 
7645.000000 -2076.065528 0.459254 
7646.000000 -2076.065528 0.459194 
7647.000000 -2423.669059 0.459265 
7648.000000 -2423.669059 0.459205 
7649.000000 -2423.669059 0.459145 
7650.000000 -2423.669059 0.459085 
7651.000000 -2610.850356 0.459156 
7652.000000 -2610.850356 0.459096 
7653.000000 -2472.031107 0.459166 
7654.000000 -2472.031107 0.459106 
7655.000000 -2620.831453 0.459177 
7656.000000 -2740.348867 0.459248 
7657.000000 -2269.747221 0.459318 
7658.000000 -2269.747221 0.459258 
7659.000000 -2269.747221 0.459198 
7660.000000 -2269.747221 0.459138 
7661.000000 -2269.747221 0.459078 
7662.000000 -2626.031761 0.459149 
7663.000000 -2464.964983 0.459220 
7664.000000 -2151.118202 0.459290 
7665.000000 -2151.118202 0.459230 
7666.000000 -2433.686711 0.459301 
7667.000000 -2478.128439 0.459371 
7668.000000 -2596.302065 0.459442 
7669.000000 -2596.302065 0.459382 
7670.000000 -2742.730597 0.459452 
7671.000000 -2742.730597 0.459393 
7672.000000 -2074.072078 0.459463 
7673.000000 -2074.072078 0.459403 
7674.000000 -2074.072078 0.459343 
7675.000000 -2238.194320 0.459414 
7676.000000 -2238.194320 0.459354 
7677.000000 -2238.194320 0.459294 
7678.000000 -2238.194320 0.459234 
7679.000000 -2505.099439 0.459305 
7680.000000 -2505.099439 0.459245 
7681.000000 -2505.099439 0.459185 
7682.000000 -2505.099439 0.459125 
7683.000000 -2337.416295 0.459196 
7684.000000 -2337.416295 0.459136 
7685.000000 -2337.416295 0.459076 
7686.000000 -2337.416295 0.459016 
7687.000000 -2337.416295 0.458957 
7688.000000 -2337.416295 0.458897 
7689.000000 -2173.561339 0.458967 
7690.000000 -2229.310993 0.459038 
7691.000000 -2229.310993 0.458978 
7692.000000 -2015.457811 0.459048 
7693.000000 -2010.280598 0.459119 
7694.000000 -2010.280598 0.459059 
7695.000000 -2010.280598 0.458999 
7696.000000 -2010.280598 0.458940 
7697.000000 -2314.930953 0.459010 
7698.000000 -2314.930953 0.458950 
7699.000000 -2314.930953 0.458891 
7700.000000 -2230.180137 0.458961 
7701.000000 -2230.180137 0.458901 
7702.000000 -2716.920465 0.458972 
7703.000000 -2329.941521 0.459042 
7704.000000 -2300.633366 0.459112 
7705.000000 -2300.633366 0.459053 
7706.000000 -2300.633366 0.458993 
7707.000000 -2300.633366 0.458933 
7708.000000 -2308.094394 0.459004 
7709.000000 -2525.057432 0.459074 
7710.000000 -2205.647269 0.459144 
7711.000000 -2540.405784 0.459214 
7712.000000 -2281.542789 0.459284 
7713.000000 -2281.542789 0.459225 
7714.000000 -2281.542789 0.459165 
7715.000000 -2691.730806 0.459235 
7716.000000 -2374.184346 0.459305 
7717.000000 -2381.292750 0.459375 
7718.000000 -2519.982486 0.459445 
7719.000000 -2339.102209 0.459515 
7720.000000 -2398.257460 0.459585 
7721.000000 -2249.976042 0.459655 
7722.000000 -2378.391818 0.459725 
7723.000000 -2378.391818 0.459666 
7724.000000 -2378.391818 0.459606 
7725.000000 -2378.391818 0.459547 
7726.000000 -2441.761418 0.459617 
7727.000000 -2095.475567 0.459687 
7728.000000 -2095.475567 0.459627 
7729.000000 -2302.718379 0.459697 
7730.000000 -2302.718379 0.459638 
7731.000000 -2338.694614 0.459708 
7732.000000 -2496.490595 0.459778 
7733.000000 -2496.490595 0.459718 
7734.000000 -2476.659951 0.459788 
7735.000000 -2476.659951 0.459729 
7736.000000 -2476.659951 0.459669 
7737.000000 -2476.659951 0.459610 
7738.000000 -2543.642159 0.459680 
7739.000000 -2543.642159 0.459620 
7740.000000 -2543.642159 0.459561 
7741.000000 -2543.642159 0.459501 
7742.000000 -2447.984097 0.459571 
7743.000000 -2602.929159 0.459641 
7744.000000 -2465.388627 0.459711 
7745.000000 -2465.388627 0.459651 
7746.000000 -2465.388627 0.459592 
7747.000000 -2465.388627 0.459533 
7748.000000 -2363.207756 0.459602 
7749.000000 -1951.070175 0.459672 
7750.000000 -1951.070175 0.459613 
7751.000000 -1951.070175 0.459554 
7752.000000 -1941.986536 0.459623 
7753.000000 -1974.038892 0.459693 
7754.000000 -1974.038892 0.459634 
7755.000000 -1974.038892 0.459574 
7756.000000 -1974.038892 0.459515 
7757.000000 -1801.313667 0.459585 
7758.000000 -1349.046933 0.459655 
7759.000000 -1349.046933 0.459595 
7760.000000 -1349.046933 0.459536 
7761.000000 -1987.923854 0.459606 
7762.000000 -1987.923854 0.459547 
7763.000000 -1105.535481 0.459616 
7764.000000 -1105.535481 0.459557 
7765.000000 -1718.188463 0.459627 
7766.000000 -1718.188463 0.459567 
7767.000000 -1718.188463 0.459508 
7768.000000 -1718.188463 0.459449 
7769.000000 -2168.573615 0.459519 
7770.000000 -1348.404788 0.459588 
7771.000000 -2570.205409 0.459658 
7772.000000 -2570.205409 0.459599 
7773.000000 -2570.205409 0.459539 
7774.000000 -2570.205409 0.459480 
7775.000000 -1702.404669 0.459550 
7776.000000 -1702.404669 0.459491 
7777.000000 -1702.404669 0.459432 
7778.000000 -1702.404669 0.459373 
7779.000000 -1702.404669 0.459314 
7780.000000 -2535.775735 0.459383 
7781.000000 -2535.775735 0.459324 
7782.000000 -2535.775735 0.459265 
7783.000000 -2535.775735 0.459206 
7784.000000 -2212.910872 0.459275 
7785.000000 -2212.910872 0.459216 
7786.000000 -2212.910872 0.459157 
7787.000000 -2212.910872 0.459098 
7788.000000 -2565.419122 0.459168 
7789.000000 -2565.419122 0.459109 
7790.000000 -2565.419122 0.459050 
7791.000000 -2317.498205 0.459119 
7792.000000 -2317.498205 0.459061 
7793.000000 -2405.148606 0.459130 
7794.000000 -2461.088332 0.459199 
7795.000000 -2461.088332 0.459140 
7796.000000 -2461.088332 0.459082 
7797.000000 -2461.088332 0.459023 
7798.000000 -2461.088332 0.458964 
7799.000000 -2461.088332 0.458905 
7800.000000 -2306.211446 0.458974 
7801.000000 -2628.486369 0.459044 
7802.000000 -2637.068417 0.459113 
7803.000000 -2637.068417 0.459054 
7804.000000 -2505.398071 0.459124 
7805.000000 -2505.398071 0.459065 
7806.000000 -2212.112860 0.459134 
7807.000000 -2212.112860 0.459075 
7808.000000 -2212.112860 0.459016 
7809.000000 -2212.112860 0.458958 
7810.000000 -1627.944745 0.459027 
7811.000000 -1627.944745 0.458968 
7812.000000 -2530.075576 0.459037 
7813.000000 -2530.075576 0.458979 
7814.000000 -2530.075576 0.458920 
7815.000000 -1870.026217 0.458989 
7816.000000 -1959.916152 0.459058 
7817.000000 -1959.916152 0.459000 
7818.000000 -2335.144261 0.459069 
7819.000000 -2120.542132 0.459138 
7820.000000 -2120.542132 0.459079 
7821.000000 -2120.542132 0.459021 
7822.000000 -2120.542132 0.458962 
7823.000000 -2120.542132 0.458903 
7824.000000 -2120.542132 0.458845 
7825.000000 -2120.542132 0.458786 
7826.000000 -2120.542132 0.458727 
7827.000000 -2248.224129 0.458796 
7828.000000 -2425.275940 0.458866 
7829.000000 -2087.460274 0.458935 
7830.000000 -2087.460274 0.458876 
7831.000000 -2469.577581 0.458945 
7832.000000 -2469.577581 0.458887 
7833.000000 -2469.577581 0.458828 
7834.000000 -2469.577581 0.458769 
7835.000000 -2469.577581 0.458711 
7836.000000 -2469.577581 0.458652 
7837.000000 -2469.577581 0.458594 
7838.000000 -2145.575173 0.458663 
7839.000000 -2145.575173 0.458604 
7840.000000 -2145.575173 0.458546 
7841.000000 -2226.521633 0.458615 
7842.000000 -2567.979200 0.458684 
7843.000000 -2567.979200 0.458626 
7844.000000 -2567.979200 0.458567 
7845.000000 -2079.807867 0.458636 
7846.000000 -2173.810122 0.458705 
7847.000000 -2462.184274 0.458774 
7848.000000 -2204.862616 0.458843 
7849.000000 -2204.862616 0.458785 
7850.000000 -1871.869528 0.458854 
7851.000000 -1871.869528 0.458795 
7852.000000 -2206.355072 0.458864 
7853.000000 -2206.355072 0.458806 
7854.000000 -2206.355072 0.458747 
7855.000000 -2206.355072 0.458689 
7856.000000 -2206.355072 0.458630 
7857.000000 -2334.095341 0.458699 
7858.000000 -2334.095341 0.458641 
7859.000000 -1758.115791 0.458710 
7860.000000 -1758.115791 0.458651 
7861.000000 -1758.115791 0.458593 
7862.000000 -1758.115791 0.458535 
7863.000000 -1758.115791 0.458476 
7864.000000 -807.036178 0.458545 
7865.000000 -807.036178 0.458487 
7866.000000 -807.036178 0.458429 
7867.000000 -1821.793607 0.458498 
7868.000000 -1845.721619 0.458566 
7869.000000 -1845.721619 0.458508 
7870.000000 -2452.021284 0.458577 
7871.000000 -1933.850267 0.458646 
7872.000000 -1933.850267 0.458587 
7873.000000 -1933.850267 0.458529 
7874.000000 -1426.716755 0.458598 
7875.000000 -1417.472058 0.458667 
7876.000000 -2526.875114 0.458735 
7877.000000 -2526.875114 0.458677 
7878.000000 -2526.875114 0.458619 
7879.000000 -2375.986791 0.458688 
7880.000000 -2397.491787 0.458756 
7881.000000 -2397.491787 0.458698 
7882.000000 -2247.915154 0.458767 
7883.000000 -2421.023508 0.458835 
7884.000000 -2421.023508 0.458777 
7885.000000 -2382.634633 0.458846 
7886.000000 -2887.506043 0.458915 
7887.000000 -2640.990764 0.458983 
7888.000000 -2620.773857 0.459052 
7889.000000 -2461.952507 0.459120 
7890.000000 -2461.952507 0.459062 
7891.000000 -2608.237071 0.459131 
7892.000000 -2608.237071 0.459072 
7893.000000 -2083.997096 0.459141 
7894.000000 -2399.099101 0.459210 
7895.000000 -2323.207135 0.459278 
7896.000000 -2323.207135 0.459220 
7897.000000 -2323.207135 0.459162 
7898.000000 -2628.085549 0.459230 
7899.000000 -2628.085549 0.459172 
7900.000000 -2628.085549 0.459114 
7901.000000 -2628.085549 0.459056 
7902.000000 -2628.085549 0.458998 
7903.000000 -2628.085549 0.458940 
7904.000000 -2628.085549 0.458882 
7905.000000 -2628.085549 0.458824 
7906.000000 -2513.123074 0.458892 
7907.000000 -2513.123074 0.458834 
7908.000000 -2413.986195 0.458902 
7909.000000 -2413.986195 0.458844 
7910.000000 -2404.049541 0.458913 
7911.000000 -2760.394247 0.458981 
7912.000000 -2760.394247 0.458923 
7913.000000 -2760.394247 0.458865 
7914.000000 -2760.394247 0.458807 
7915.000000 -2760.394247 0.458749 
7916.000000 -2760.394247 0.458691 
7917.000000 -2760.394247 0.458633 
7918.000000 -2404.729758 0.458702 
7919.000000 -2695.735439 0.458770 
7920.000000 -2695.735439 0.458712 
7921.000000 -2304.020281 0.458780 
7922.000000 -2304.020281 0.458723 
7923.000000 -2745.797896 0.458791 
7924.000000 -2745.797896 0.458733 
7925.000000 -2745.797896 0.458675 
7926.000000 -2745.797896 0.458617 
7927.000000 -2382.269983 0.458686 
7928.000000 -2382.269983 0.458628 
7929.000000 -2305.700443 0.458696 
7930.000000 -2305.700443 0.458638 
7931.000000 -2305.700443 0.458580 
7932.000000 -2305.700443 0.458522 
7933.000000 -1899.572458 0.458591 
7934.000000 -1899.572458 0.458533 
7935.000000 -1431.843395 0.458601 
7936.000000 -1431.843395 0.458543 
7937.000000 -148.584370 0.458612 
7938.000000 -1694.341849 0.458680 
7939.000000 -1298.917798 0.458748 
7940.000000 -1298.917798 0.458690 
7941.000000 27.265192 0.458758 
7942.000000 27.265192 0.458701 
7943.000000 27.265192 0.458643 
7944.000000 -2048.861532 0.458711 
7945.000000 -2048.861532 0.458653 
7946.000000 -2212.525824 0.458721 
7947.000000 -2235.824661 0.458789 
7948.000000 -2235.824661 0.458732 
7949.000000 -2235.824661 0.458674 
7950.000000 -2272.690155 0.458742 
7951.000000 -2272.690155 0.458684 
7952.000000 -2447.778697 0.458753 
7953.000000 -2635.107354 0.458821 
7954.000000 -2635.107354 0.458763 
7955.000000 -2789.809438 0.458831 
7956.000000 -2624.176924 0.458899 
7957.000000 -2624.176924 0.458841 
7958.000000 -3033.708350 0.458909 
7959.000000 -3033.708350 0.458852 
7960.000000 -3033.708350 0.458794 
7961.000000 -2811.547680 0.458862 
7962.000000 -3300.438440 0.458930 
7963.000000 -3300.438440 0.458872 
7964.000000 -3300.438440 0.458815 
7965.000000 -3300.438440 0.458757 
7966.000000 -3049.054491 0.458825 
7967.000000 -3049.054491 0.458767 
7968.000000 -3049.054491 0.458710 
7969.000000 -3008.151509 0.458778 
7970.000000 -2732.401509 0.458846 
7971.000000 -2732.401509 0.458788 
7972.000000 -2732.401509 0.458731 
7973.000000 -2732.401509 0.458673 
7974.000000 -2732.401509 0.458616 
7975.000000 -3315.401691 0.458683 
7976.000000 -2388.232855 0.458751 
7977.000000 -2149.726229 0.458819 
7978.000000 -2149.726229 0.458762 
7979.000000 -2149.726229 0.458704 
7980.000000 -2149.726229 0.458647 
7981.000000 -2840.261206 0.458714 
7982.000000 -2427.267569 0.458782 
7983.000000 -2427.267569 0.458725 
7984.000000 -2084.387974 0.458793 
7985.000000 -2084.387974 0.458735 
7986.000000 -2581.793902 0.458803 
7987.000000 -2776.523574 0.458871 
7988.000000 -2743.916057 0.458938 
7989.000000 -2611.406885 0.459006 
7990.000000 -2349.529097 0.459074 
7991.000000 -2349.529097 0.459016 
7992.000000 -2349.529097 0.458959 
7993.000000 -2455.425497 0.459027 
7994.000000 -2455.425497 0.458969 
7995.000000 -2627.504090 0.459037 
7996.000000 -2627.504090 0.458979 
7997.000000 -2627.504090 0.458922 
7998.000000 -2627.504090 0.458865 
7999.000000 -2627.504090 0.458807 
8000.000000 -2332.868745 0.458875 
8001.000000 -2147.009126 0.458943 
8002.000000 -2147.009126 0.458885 
8003.000000 -2215.445138 0.458953 
8004.000000 -2215.445138 0.458896 
8005.000000 -2215.445138 0.458838 
8006.000000 -1785.417233 0.458906 
8007.000000 -1785.417233 0.458849 
8008.000000 -1785.417233 0.458791 
8009.000000 -1785.417233 0.458734 
8010.000000 -1785.417233 0.458677 
8011.000000 -2162.982677 0.458744 
8012.000000 -2162.982677 0.458687 
8013.000000 -2236.844623 0.458755 
8014.000000 -2236.844623 0.458697 
8015.000000 -2236.844623 0.458640 
8016.000000 -2236.844623 0.458583 
8017.000000 -2236.844623 0.458526 
8018.000000 -1492.839214 0.458593 
8019.000000 -1934.135949 0.458661 
8020.000000 -1934.135949 0.458603 
8021.000000 -2161.283936 0.458671 
8022.000000 -2077.096442 0.458738 
8023.000000 -2077.096442 0.458681 
8024.000000 -1646.624232 0.458749 
8025.000000 -1646.624232 0.458692 
8026.000000 -1646.624232 0.458634 
8027.000000 -1646.624232 0.458577 
8028.000000 -1317.434589 0.458645 
8029.000000 -1317.434589 0.458588 
8030.000000 -1317.434589 0.458531 
8031.000000 -1317.434589 0.458473 
8032.000000 -2660.258788 0.458541 
8033.000000 -2161.444607 0.458608 
8034.000000 -2161.444607 0.458551 
8035.000000 -2161.444607 0.458494 
8036.000000 -2161.444607 0.458437 
8037.000000 -2161.444607 0.458380 
8038.000000 -2092.050186 0.458447 
8039.000000 -2298.993168 0.458515 
8040.000000 -2298.993168 0.458458 
8041.000000 -2298.993168 0.458401 
8042.000000 -2580.192920 0.458468 
8043.000000 -2580.192920 0.458411 
8044.000000 -2580.192920 0.458354 
8045.000000 -1923.293197 0.458421 
8046.000000 -1923.293197 0.458364 
8047.000000 -1923.293197 0.458307 
8048.000000 -1923.293197 0.458250 
8049.000000 -2639.859861 0.458318 
8050.000000 -2500.997756 0.458385 
8051.000000 -2500.997756 0.458328 
8052.000000 -2500.997756 0.458271 
8053.000000 -2500.997756 0.458214 
8054.000000 -2500.997756 0.458157 
8055.000000 -2462.269377 0.458225 
8056.000000 -2462.269377 0.458168 
8057.000000 -2462.269377 0.458111 
8058.000000 -2910.379424 0.458178 
8059.000000 -2746.279345 0.458245 
8060.000000 -2400.856377 0.458313 
8061.000000 -2400.856377 0.458256 
8062.000000 -2400.856377 0.458199 
8063.000000 -2400.856377 0.458142 
8064.000000 -2400.856377 0.458085 
8065.000000 -2400.856377 0.458029 
8066.000000 -2400.856377 0.457972 
8067.000000 -2400.856377 0.457915 
8068.000000 -2400.856377 0.457858 
8069.000000 -2532.031644 0.457925 
8070.000000 -2532.031644 0.457869 
8071.000000 -2532.031644 0.457812 
8072.000000 -2480.017814 0.457879 
8073.000000 -2235.288229 0.457946 
8074.000000 -2696.577992 0.458013 
8075.000000 -2599.437763 0.458080 
8076.000000 -2481.974563 0.458148 
8077.000000 -2481.974563 0.458091 
8078.000000 -2481.974563 0.458034 
8079.000000 -2419.671989 0.458101 
8080.000000 -2538.105064 0.458168 
8081.000000 -2538.105064 0.458112 
8082.000000 -2538.105064 0.458055 
8083.000000 -2538.105064 0.457998 
8084.000000 -2300.511732 0.458065 
8085.000000 -2300.511732 0.458009 
8086.000000 -2392.187261 0.458076 
8087.000000 -2392.187261 0.458019 
8088.000000 -2006.598124 0.458086 
8089.000000 -2081.565449 0.458153 
8090.000000 -2263.096239 0.458220 
8091.000000 -1888.583616 0.458287 
8092.000000 -1883.990340 0.458354 
8093.000000 -1883.990340 0.458297 
8094.000000 -1883.990340 0.458241 
8095.000000 -2390.120420 0.458308 
8096.000000 -2052.175862 0.458375 
8097.000000 -1966.684603 0.458441 
8098.000000 -2225.946372 0.458508 
8099.000000 -1755.963842 0.458575 
8100.000000 -2067.364070 0.458642 
8101.000000 -2084.254082 0.458709 
8102.000000 -2076.205806 0.458776 
8103.000000 -325.785746 0.458842 
8104.000000 -2271.594234 0.458909 
8105.000000 -1492.257576 0.458976 
8106.000000 -1492.257576 0.458919 
8107.000000 -1241.242308 0.458986 
8108.000000 -2243.374515 0.459053 
8109.000000 -2243.374515 0.458996 
8110.000000 -2243.374515 0.458940 
8111.000000 -1946.866248 0.459006 
8112.000000 -1946.866248 0.458950 
8113.000000 -1946.866248 0.458893 
8114.000000 -2998.383028 0.458960 
8115.000000 -2293.202844 0.459026 
8116.000000 -2614.296698 0.459093 
8117.000000 -2529.874323 0.459160 
8118.000000 -2201.990583 0.459226 
8119.000000 -2201.990583 0.459170 
8120.000000 -2652.773734 0.459236 
8121.000000 -2652.773734 0.459180 
8122.000000 -2652.773734 0.459123 
8123.000000 -2652.773734 0.459067 
8124.000000 -2248.211649 0.459133 
8125.000000 -2248.211649 0.459077 
8126.000000 -2248.211649 0.459020 
8127.000000 -2382.733398 0.459087 
8128.000000 -2514.298004 0.459154 
8129.000000 -2514.298004 0.459097 
8130.000000 -2462.212881 0.459164 
8131.000000 -2298.674813 0.459230 
8132.000000 -2477.985608 0.459297 
8133.000000 -2562.280405 0.459363 
8134.000000 -2445.597064 0.459430 
8135.000000 -2445.597064 0.459373 
8136.000000 -2247.653996 0.459440 
8137.000000 -2224.546257 0.459506 
8138.000000 -2207.676244 0.459572 
8139.000000 -2245.233055 0.459639 
8140.000000 -2213.546068 0.459705 
8141.000000 -2213.546068 0.459649 
8142.000000 -2213.546068 0.459592 
8143.000000 -1864.977179 0.459659 
8144.000000 -1864.977179 0.459602 
8145.000000 -2269.193761 0.459669 
8146.000000 -2269.193761 0.459612 
8147.000000 -2269.193761 0.459556 
8148.000000 -2269.193761 0.459499 
8149.000000 -2269.193761 0.459443 
8150.000000 -1885.485470 0.459509 
8151.000000 104.045673 0.459576 
8152.000000 -2600.948814 0.459642 
8153.000000 -1687.884439 0.459708 
8154.000000 -1687.884439 0.459652 
8155.000000 -1687.884439 0.459595 
8156.000000 -1687.884439 0.459539 
8157.000000 -1687.884439 0.459483 
8158.000000 -2191.727460 0.459549 
8159.000000 -2191.727460 0.459493 
8160.000000 -2191.727460 0.459436 
8161.000000 -2367.548552 0.459503 
8162.000000 -2024.523549 0.459569 
8163.000000 -2024.523549 0.459512 
8164.000000 -2024.523549 0.459456 
8165.000000 -2024.523549 0.459400 
8166.000000 -2024.523549 0.459344 
8167.000000 -2024.523549 0.459287 
8168.000000 -1830.059418 0.459354 
8169.000000 -1830.059418 0.459297 
8170.000000 -1830.059418 0.459241 
8171.000000 -1830.059418 0.459185 
8172.000000 -1830.059418 0.459129 
8173.000000 -2342.466952 0.459195 
8174.000000 -2139.487956 0.459261 
8175.000000 -2139.487956 0.459205 
8176.000000 -2139.487956 0.459149 
8177.000000 -2075.887780 0.459215 
8178.000000 -2075.887780 0.459159 
8179.000000 -2187.073167 0.459225 
8180.000000 -2187.073167 0.459169 
8181.000000 -2279.322813 0.459235 
8182.000000 -2279.322813 0.459179 
8183.000000 -2279.322813 0.459123 
8184.000000 -2279.322813 0.459066 
8185.000000 -2279.322813 0.459010 
8186.000000 -2065.655577 0.459076 
8187.000000 -1943.374440 0.459143 
8188.000000 -1943.374440 0.459086 
8189.000000 -2147.446132 0.459153 
8190.000000 -2176.012916 0.459219 
8191.000000 -2176.012916 0.459162 
8192.000000 -2323.843134 0.459229 
8193.000000 -2119.935576 0.459295 
8194.000000 -2238.430292 0.459361 
8195.000000 -2021.433151 0.459426 
8196.000000 -2021.433151 0.459370 
8197.000000 -2021.433151 0.459314 
8198.000000 -2021.433151 0.459258 
8199.000000 -2021.433151 0.459202 
8200.000000 -2021.433151 0.459146 
8201.000000 -1991.521873 0.459212 
8202.000000 -2444.421640 0.459278 
8203.000000 -1888.967576 0.459344 
8204.000000 -1888.967576 0.459288 
8205.000000 -1888.967576 0.459232 
8206.000000 -2336.501170 0.459298 
8207.000000 -2175.522078 0.459364 
8208.000000 -2175.522078 0.459308 
8209.000000 -1805.171871 0.459374 
8210.000000 -1805.171871 0.459318 
8211.000000 -2423.274259 0.459384 
8212.000000 -2282.299433 0.459450 
8213.000000 -2102.850266 0.459515 
8214.000000 -2102.850266 0.459459 
8215.000000 -2407.967700 0.459525 
8216.000000 -2407.967700 0.459469 
8217.000000 -2407.967700 0.459413 
8218.000000 -2407.967700 0.459358 
8219.000000 -2407.967700 0.459302 
8220.000000 -2407.967700 0.459246 
8221.000000 -2226.118645 0.459312 
8222.000000 -2286.721376 0.459377 
8223.000000 -2183.074018 0.459443 
8224.000000 -2183.074018 0.459387 
8225.000000 -2228.249955 0.459453 
8226.000000 -2228.249955 0.459397 
8227.000000 -2228.249955 0.459341 
8228.000000 -2407.670284 0.459407 
8229.000000 -2439.161878 0.459473 
8230.000000 -2439.161878 0.459417 
8231.000000 -2129.024703 0.459482 
8232.000000 -2115.020343 0.459548 
8233.000000 -2115.020343 0.459492 
8234.000000 -2115.020343 0.459436 
8235.000000 -2424.835868 0.459502 
8236.000000 -2534.199353 0.459568 
8237.000000 -2433.623649 0.459633 
8238.000000 -2612.737827 0.459699 
8239.000000 -2612.737827 0.459643 
8240.000000 -2612.737827 0.459587 
8241.000000 -2352.754361 0.459653 
8242.000000 -2352.754361 0.459597 
8243.000000 -2213.659532 0.459663 
8244.000000 -2242.889357 0.459728 
8245.000000 -2242.889357 0.459673 
8246.000000 -2061.366767 0.459738 
8247.000000 -2061.366767 0.459682 
8248.000000 -2061.366767 0.459627 
8249.000000 -2061.366767 0.459571 
8250.000000 -2061.366767 0.459515 
8251.000000 -2061.366767 0.459459 
8252.000000 -2096.956321 0.459525 
8253.000000 -2096.956321 0.459469 
8254.000000 -2095.262923 0.459535 
8255.000000 -2095.262923 0.459479 
8256.000000 -2095.262923 0.459423 
8257.000000 -1901.860962 0.459489 
8258.000000 -926.789482 0.459554 
8259.000000 -2260.429156 0.459620 
8260.000000 -2260.429156 0.459564 
8261.000000 -2260.429156 0.459509 
8262.000000 -2473.005570 0.459574 
8263.000000 -2473.005570 0.459518 
8264.000000 -2473.005570 0.459463 
8265.000000 -2356.717090 0.459528 
8266.000000 -2356.717090 0.459473 
8267.000000 -2356.717090 0.459417 
8268.000000 -2415.728093 0.459482 
8269.000000 -2257.574752 0.459548 
8270.000000 -2326.671883 0.459613 
8271.000000 -2475.767872 0.459678 
8272.000000 -2475.767872 0.459623 
8273.000000 -2475.767872 0.459567 
8274.000000 -2295.970609 0.459633 
8275.000000 -2295.970609 0.459577 
8276.000000 -2295.970609 0.459522 
8277.000000 -2295.970609 0.459466 
8278.000000 -2295.970609 0.459410 
8279.000000 -2295.970609 0.459355 
8280.000000 -2409.066554 0.459420 
8281.000000 -2409.066554 0.459365 
8282.000000 -2409.066554 0.459309 
8283.000000 -2182.693789 0.459375 
8284.000000 -2182.693789 0.459319 
8285.000000 -2182.693789 0.459264 
8286.000000 -2403.195321 0.459329 
8287.000000 -2403.195321 0.459274 
8288.000000 -2403.195321 0.459218 
8289.000000 -1991.211299 0.459283 
8290.000000 -1991.211299 0.459228 
8291.000000 -1991.211299 0.459173 
8292.000000 -2644.043501 0.459238 
8293.000000 -2423.982200 0.459303 
8294.000000 -2423.982200 0.459248 
8295.000000 -2414.793992 0.459313 
8296.000000 -2513.517117 0.459378 
8297.000000 -2513.517117 0.459323 
8298.000000 -2241.509428 0.459388 
8299.000000 -2241.509428 0.459332 
8300.000000 -2241.509428 0.459277 
8301.000000 -2531.666371 0.459342 
8302.000000 -2348.523129 0.459407 
8303.000000 -2348.523129 0.459352 
8304.000000 -2127.385864 0.459417 
8305.000000 -2127.385864 0.459362 
8306.000000 -2127.385864 0.459307 
8307.000000 -2575.154284 0.459372 
8308.000000 -2575.154284 0.459316 
8309.000000 -2369.085889 0.459381 
8310.000000 -2369.085889 0.459326 
8311.000000 -2369.085889 0.459271 
8312.000000 -2369.085889 0.459216 
8313.000000 -2303.976644 0.459281 
8314.000000 -2537.733542 0.459346 
8315.000000 -2402.884007 0.459411 
8316.000000 -2402.884007 0.459355 
8317.000000 -2402.884007 0.459300 
8318.000000 -2402.884007 0.459245 
8319.000000 -2516.890234 0.459310 
8320.000000 -2468.237116 0.459375 
8321.000000 -2468.237116 0.459320 
8322.000000 -2419.679037 0.459385 
8323.000000 -2419.679037 0.459330 
8324.000000 -2419.679037 0.459274 
8325.000000 -2294.273774 0.459339 
8326.000000 -2622.024208 0.459404 
8327.000000 -2622.024208 0.459349 
8328.000000 -2622.024208 0.459294 
8329.000000 -2907.342410 0.459359 
8330.000000 -2957.055948 0.459424 
8331.000000 -2628.174864 0.459489 
8332.000000 -2486.595999 0.459554 
8333.000000 -2486.595999 0.459498 
8334.000000 -2486.595999 0.459443 
8335.000000 -2486.595999 0.459388 
8336.000000 -2486.595999 0.459333 
8337.000000 -2345.041142 0.459398 
8338.000000 -2564.426163 0.459463 
8339.000000 -2564.426163 0.459408 
8340.000000 -2564.426163 0.459353 
8341.000000 -2564.426163 0.459297 
8342.000000 -1788.098932 0.459362 
8343.000000 -1788.098932 0.459307 
8344.000000 -1788.098932 0.459252 
8345.000000 -2295.823941 0.459317 
8346.000000 -2295.823941 0.459262 
8347.000000 -2295.823941 0.459207 
8348.000000 -2295.823941 0.459152 
8349.000000 -2295.823941 0.459097 
8350.000000 -2295.823941 0.459042 
8351.000000 -2295.823941 0.458987 
8352.000000 -2295.823941 0.458932 
8353.000000 -2477.371518 0.458997 
8354.000000 -2564.781947 0.459062 
8355.000000 -2564.781947 0.459007 
8356.000000 -2666.088730 0.459071 
8357.000000 -2666.088730 0.459016 
8358.000000 -2666.088730 0.458961 
8359.000000 -1876.900753 0.459026 
8360.000000 -1876.900753 0.458971 
8361.000000 -1876.900753 0.458916 
8362.000000 -1876.900753 0.458862 
8363.000000 -1876.900753 0.458807 
8364.000000 -1876.900753 0.458752 
8365.000000 -1876.900753 0.458697 
8366.000000 -2111.370846 0.458762 
8367.000000 -2111.370846 0.458707 
8368.000000 -2111.370846 0.458652 
8369.000000 -2111.370846 0.458597 
8370.000000 -2111.370846 0.458542 
8371.000000 -2111.370846 0.458488 
8372.000000 -2111.370846 0.458433 
8373.000000 -2332.881347 0.458498 
8374.000000 -2332.881347 0.458443 
8375.000000 -2544.482154 0.458507 
8376.000000 -2298.899628 0.458572 
8377.000000 -2298.899628 0.458517 
8378.000000 -2426.512174 0.458582 
8379.000000 -2426.512174 0.458527 
8380.000000 -2426.512174 0.458473 
8381.000000 -2156.494833 0.458537 
8382.000000 -2078.397756 0.458602 
8383.000000 -2078.397756 0.458547 
8384.000000 -2078.397756 0.458492 
8385.000000 -2078.397756 0.458438 
8386.000000 -2078.397756 0.458383 
8387.000000 -2144.419413 0.458448 
8388.000000 -2144.419413 0.458393 
8389.000000 -2334.231268 0.458458 
8390.000000 -2334.231268 0.458403 
8391.000000 -2364.454583 0.458467 
8392.000000 -2364.454583 0.458413 
8393.000000 -2364.454583 0.458358 
8394.000000 -2250.742108 0.458423 
8395.000000 -2274.906027 0.458487 
8396.000000 -2186.517404 0.458552 
8397.000000 -2517.778156 0.458616 
8398.000000 -2517.778156 0.458562 
8399.000000 -2517.778156 0.458507 
8400.000000 -2517.778156 0.458452 
8401.000000 -2417.551100 0.458517 
8402.000000 -2417.551100 0.458462 
8403.000000 -2562.668935 0.458527 
8404.000000 -2562.668935 0.458472 
8405.000000 -2250.952143 0.458537 
8406.000000 -2250.952143 0.458482 
8407.000000 -2250.952143 0.458428 
8408.000000 -2527.326669 0.458492 
8409.000000 -2527.326669 0.458437 
8410.000000 -2399.816940 0.458502 
8411.000000 -2399.816940 0.458447 
8412.000000 -2399.816940 0.458393 
8413.000000 -2213.142728 0.458457 
8414.000000 -2213.142728 0.458403 
8415.000000 -2359.618768 0.458467 
8416.000000 -2294.184743 0.458531 
8417.000000 -2456.985883 0.458596 
8418.000000 -2447.616270 0.458660 
8419.000000 -2371.648185 0.458724 
8420.000000 -2371.648185 0.458670 
8421.000000 -2297.867879 0.458734 
8422.000000 -2297.867879 0.458680 
8423.000000 -2465.217019 0.458744 
8424.000000 -2465.217019 0.458689 
8425.000000 -2335.931999 0.458754 
8426.000000 -2362.435293 0.458818 
8427.000000 -2241.651902 0.458882 
8428.000000 -2241.651902 0.458828 
8429.000000 -2241.651902 0.458773 
8430.000000 -2241.651902 0.458719 
8431.000000 -2241.651902 0.458664 
8432.000000 -2538.018080 0.458729 
8433.000000 -2538.018080 0.458674 
8434.000000 -2227.186118 0.458738 
8435.000000 -2227.186118 0.458684 
8436.000000 -2227.186118 0.458630 
8437.000000 -2227.186118 0.458575 
8438.000000 -2227.186118 0.458521 
8439.000000 -2289.883978 0.458585 
8440.000000 -2118.541984 0.458649 
8441.000000 -2603.018811 0.458713 
8442.000000 -2603.018811 0.458659 
8443.000000 -2373.511721 0.458723 
8444.000000 -2220.972942 0.458787 
8445.000000 -2220.972942 0.458733 
8446.000000 -2220.972942 0.458679 
8447.000000 -2478.915093 0.458743 
8448.000000 -2627.682127 0.458807 
8449.000000 -2444.630977 0.458871 
8450.000000 -2517.292850 0.458935 
8451.000000 -2477.708260 0.458999 
8452.000000 -2313.114624 0.459063 
8453.000000 -2484.164974 0.459127 
8454.000000 -2484.164974 0.459073 
8455.000000 -2382.891075 0.459137 
8456.000000 -1196.835944 0.459201 
8457.000000 -1196.835944 0.459146 
8458.000000 -1945.956061 0.459210 
8459.000000 -2298.444771 0.459274 
8460.000000 -2298.444771 0.459220 
8461.000000 -2298.444771 0.459166 
8462.000000 -1076.641928 0.459229 
8463.000000 -76.524983 0.459293 
8464.000000 -76.524983 0.459239 
8465.000000 -76.524983 0.459185 
8466.000000 -1448.679304 0.459249 
8467.000000 -1448.679304 0.459195 
8468.000000 -2264.592345 0.459258 
8469.000000 -1775.951912 0.459322 
8470.000000 -1775.951912 0.459268 
8471.000000 -1868.596184 0.459332 
8472.000000 -1868.596184 0.459278 
8473.000000 -1868.596184 0.459223 
8474.000000 -1868.596184 0.459169 
8475.000000 -1868.596184 0.459115 
8476.000000 -1868.596184 0.459061 
8477.000000 -779.002116 0.459125 
8478.000000 -1327.632438 0.459188 
8479.000000 -2503.716759 0.459252 
8480.000000 -2265.561160 0.459316 
8481.000000 -2047.074797 0.459380 
8482.000000 -2047.074797 0.459326 
8483.000000 -2047.074797 0.459271 
8484.000000 -2047.074797 0.459217 
8485.000000 -2047.074797 0.459163 
8486.000000 -2186.477682 0.459227 
8487.000000 -921.202795 0.459291 
8488.000000 -2548.209927 0.459354 
8489.000000 -2539.253692 0.459418 
8490.000000 -2727.416169 0.459482 
8491.000000 -2727.416169 0.459428 
8492.000000 -2519.248178 0.459491 
8493.000000 -2518.736581 0.459555 
8494.000000 -2688.164798 0.459619 
8495.000000 -2688.164798 0.459564 
8496.000000 -2901.049823 0.459628 
8497.000000 -2810.042755 0.459692 
8498.000000 -2810.042755 0.459638 
8499.000000 -2480.374263 0.459701 
8500.000000 -2480.374263 0.459647 
8501.000000 -2204.575589 0.459711 
8502.000000 -2909.698799 0.459774 
8503.000000 -2909.698799 0.459720 
8504.000000 -2404.376403 0.459784 
8505.000000 -2404.376403 0.459730 
8506.000000 -2404.922964 0.459793 
8507.000000 -2231.180480 0.459857 
8508.000000 -2730.718430 0.459920 
8509.000000 -2730.718430 0.459866 
8510.000000 -2730.718430 0.459812 
8511.000000 -2797.564144 0.459875 
8512.000000 -2797.564144 0.459821 
8513.000000 -2971.963196 0.459885 
8514.000000 -2971.963196 0.459831 
8515.000000 -3096.137657 0.459894 
8516.000000 -2820.720335 0.459958 
8517.000000 -2820.720335 0.459904 
8518.000000 -3186.068087 0.459967 
8519.000000 -3186.068087 0.459913 
8520.000000 -2685.718018 0.459977 
8521.000000 -2685.718018 0.459923 
8522.000000 -2685.718018 0.459869 
8523.000000 -2685.718018 0.459815 
8524.000000 -2685.718018 0.459761 
8525.000000 -2685.718018 0.459707 
8526.000000 -2685.718018 0.459653 
8527.000000 -2679.318077 0.459716 
8528.000000 -2891.585402 0.459780 
8529.000000 -2668.472102 0.459843 
8530.000000 -2668.472102 0.459789 
8531.000000 -2602.485684 0.459852 
8532.000000 -2602.485684 0.459798 
8533.000000 -2545.534160 0.459862 
8534.000000 -2521.854446 0.459925 
8535.000000 -2521.854446 0.459871 
8536.000000 -2521.854446 0.459817 
8537.000000 -2521.854446 0.459763 
8538.000000 -2521.854446 0.459710 
8539.000000 -2521.854446 0.459656 
8540.000000 -2521.854446 0.459602 
8541.000000 -2521.854446 0.459548 
8542.000000 -2697.997924 0.459611 
8543.000000 -2697.997924 0.459558 
8544.000000 -2381.157976 0.459621 
8545.000000 -2381.157976 0.459567 
8546.000000 -2381.157976 0.459513 
8547.000000 -2381.157976 0.459459 
8548.000000 -2381.157976 0.459406 
8549.000000 -2381.157976 0.459352 
8550.000000 -2381.157976 0.459298 
8551.000000 -2381.157976 0.459245 
8552.000000 -2461.189206 0.459308 
8553.000000 -2461.189206 0.459254 
8554.000000 -2878.647265 0.459317 
8555.000000 -2814.606539 0.459380 
8556.000000 -2459.068190 0.459444 
8557.000000 -2459.068190 0.459390 
8558.000000 -2459.068190 0.459336 
8559.000000 -2781.209578 0.459399 
8560.000000 -2720.215898 0.459463 
8561.000000 -2720.215898 0.459409 
8562.000000 -2720.215898 0.459355 
8563.000000 -2720.215898 0.459302 
8564.000000 -2592.471825 0.459365 
8565.000000 -2592.932613 0.459428 
8566.000000 -2487.049664 0.459491 
8567.000000 -2487.049664 0.459437 
8568.000000 -2487.049664 0.459384 
8569.000000 -2487.049664 0.459330 
8570.000000 -2471.876773 0.459393 
8571.000000 -2471.876773 0.459340 
8572.000000 -2471.876773 0.459286 
8573.000000 -2471.876773 0.459232 
8574.000000 -2471.876773 0.459179 
8575.000000 -2471.876773 0.459125 
8576.000000 -2471.876773 0.459072 
8577.000000 -2471.876773 0.459018 
8578.000000 -2627.472368 0.459081 
8579.000000 -2627.472368 0.459028 
8580.000000 -2627.472368 0.458974 
8581.000000 -2627.472368 0.458921 
8582.000000 -2627.472368 0.458867 
8583.000000 -2627.472368 0.458814 
8584.000000 -2627.472368 0.458760 
8585.000000 -2627.472368 0.458707 
8586.000000 -2485.624667 0.458770 
8587.000000 -2485.624667 0.458717 
8588.000000 -2485.624667 0.458663 
8589.000000 -2514.672321 0.458726 
8590.000000 -2363.112646 0.458789 
8591.000000 -2609.172847 0.458852 
8592.000000 -2033.430445 0.458915 
8593.000000 -2559.345211 0.458978 
8594.000000 -2344.200343 0.459041 
8595.000000 -2388.137229 0.459104 
8596.000000 -2388.137229 0.459051 
8597.000000 -2388.137229 0.458997 
8598.000000 -2629.578267 0.459060 
8599.000000 -2629.578267 0.459007 
8600.000000 -2777.463557 0.459070 
8601.000000 -2777.463557 0.459016 
8602.000000 -2262.126250 0.459079 
8603.000000 -2262.126250 0.459026 
8604.000000 -2502.129589 0.459089 
8605.000000 -2502.129589 0.459035 
8606.000000 -2255.295261 0.459098 
8607.000000 -2255.295261 0.459045 
8608.000000 -2255.295261 0.458992 
8609.000000 -2255.295261 0.458938 
8610.000000 -2255.295261 0.458885 
8611.000000 -2506.124701 0.458948 
8612.000000 -2506.124701 0.458895 
8613.000000 -2108.041506 0.458957 
8614.000000 -2406.683612 0.459020 
8615.000000 -2038.581499 0.459083 
8616.000000 -2038.581499 0.459030 
8617.000000 -2278.761806 0.459092 
8618.000000 -2278.761806 0.459039 
8619.000000 -2444.288044 0.459102 
8620.000000 -2005.099630 0.459165 
8621.000000 -2005.099630 0.459111 
8622.000000 -2005.099630 0.459058 
8623.000000 -2005.099630 0.459005 
8624.000000 -2005.099630 0.458952 
8625.000000 -2005.099630 0.458899 
8626.000000 -2228.274795 0.458961 
8627.000000 -2526.693397 0.459024 
8628.000000 -1915.840175 0.459087 
8629.000000 -2443.455346 0.459149 
8630.000000 -2443.455346 0.459096 
8631.000000 -2443.455346 0.459043 
8632.000000 -2009.496059 0.459106 
8633.000000 -2009.496059 0.459052 
8634.000000 -2009.496059 0.458999 
8635.000000 -1838.590145 0.459062 
8636.000000 -1838.590145 0.459009 
8637.000000 -1795.329712 0.459071 
8638.000000 -1795.329712 0.459018 
8639.000000 -1112.763866 0.459081 
8640.000000 -1112.763866 0.459028 
8641.000000 -2183.779848 0.459090 
8642.000000 -1368.103998 0.459153 
8643.000000 -1368.103998 0.459100 
8644.000000 -2125.681666 0.459162 
8645.000000 -2125.681666 0.459109 
8646.000000 -2386.777671 0.459172 
8647.000000 -2386.777671 0.459119 
8648.000000 -2386.777671 0.459066 
8649.000000 -2054.164188 0.459128 
8650.000000 -2170.128423 0.459191 
8651.000000 -2297.192829 0.459253 
8652.000000 -2297.192829 0.459200 
8653.000000 -2131.791661 0.459263 
8654.000000 -2326.502155 0.459325 
8655.000000 -2516.293122 0.459388 
8656.000000 -2516.293122 0.459335 
8657.000000 -2516.293122 0.459282 
8658.000000 -2516.293122 0.459228 
8659.000000 -2313.474891 0.459291 
8660.000000 -1892.803756 0.459353 
8661.000000 -1892.803756 0.459300 
8662.000000 -1845.384602 0.459363 
8663.000000 -2060.693931 0.459425 
8664.000000 -2060.693931 0.459372 
8665.000000 -2060.693931 0.459319 
8666.000000 -2223.945531 0.459381 
8667.000000 -2131.992200 0.459444 
8668.000000 -2347.193358 0.459506 
8669.000000 -2347.193358 0.459453 
8670.000000 -2347.193358 0.459400 
8671.000000 -2347.193358 0.459347 
8672.000000 -2347.193358 0.459294 
8673.000000 -1961.812641 0.459357 
8674.000000 -2336.226015 0.459419 
8675.000000 -2336.226015 0.459366 
8676.000000 -2336.226015 0.459313 
8677.000000 -2121.788217 0.459375 
8678.000000 -2121.788217 0.459322 
8679.000000 -2121.788217 0.459270 
8680.000000 -2746.103432 0.459332 
8681.000000 -2636.505746 0.459394 
8682.000000 -2197.455581 0.459456 
8683.000000 -2197.455581 0.459403 
8684.000000 -2197.455581 0.459351 
8685.000000 -2197.455581 0.459298 
8686.000000 -2197.455581 0.459245 
8687.000000 -1663.620241 0.459307 
8688.000000 -2636.025723 0.459369 
8689.000000 -2636.025723 0.459316 
8690.000000 -2636.025723 0.459264 
8691.000000 -2636.025723 0.459211 
8692.000000 -2636.025723 0.459158 
8693.000000 -2748.362018 0.459220 
8694.000000 -2748.362018 0.459167 
8695.000000 -2748.362018 0.459114 
8696.000000 -2748.362018 0.459062 
8697.000000 -2748.362018 0.459009 
8698.000000 -2748.362018 0.458956 
8699.000000 -2883.717144 0.459018 
8700.000000 -2345.550270 0.459080 
8701.000000 -2528.326684 0.459143 
8702.000000 -2528.326684 0.459090 
8703.000000 -2528.326684 0.459037 
8704.000000 -2528.326684 0.458984 
8705.000000 -2609.105800 0.459047 
8706.000000 -2481.952261 0.459109 
8707.000000 -2400.122948 0.459171 
8708.000000 -2400.122948 0.459118 
8709.000000 -2400.122948 0.459065 
8710.000000 -2400.122948 0.459013 
8711.000000 -2400.122948 0.458960 
8712.000000 -2400.122948 0.458907 
8713.000000 -2530.161696 0.458969 
8714.000000 -1596.856193 0.459031 
8715.000000 -1596.856193 0.458979 
8716.000000 -1596.856193 0.458926 
8717.000000 -1596.856193 0.458873 
8718.000000 -2461.754188 0.458936 
8719.000000 -2284.012043 0.458998 
