Tempo,Energia,Accettazioni/step
0,-1760.1314653616132,0.0
1,-1760.1314653616132,0.0
2,-1769.337738711663,0.5
3,-1798.3371521803047,0.6666666666666666
4,-1824.6845492625498,0.75
5,-1844.8858408610963,0.8
6,-1880.021468081038,0.8333333333333334
7,-1919.8166911360697,0.8571428571428571
8,-1949.676562148162,0.875
9,-1949.676562148162,0.7777777777777778
10,-1960.620875854572,0.8
11,-1972.864244482541,0.8181818181818182
12,-1972.864244482541,0.75
13,-1999.9289273083416,0.7692307692307693
14,-1999.9289273083416,0.7142857142857143
15,-2009.4113551520356,0.7333333333333333
16,-2017.967799134483,0.75
17,-2034.2964712390665,0.7647058823529411
18,-2062.1448730921456,0.7777777777777778
19,-2062.1448730921456,0.7368421052631579
20,-2062.1448730921456,0.7
21,-2085.651608959206,0.7142857142857143
22,-2132.8175421041005,0.7272727272727273
23,-2181.197229696423,0.7391304347826086
24,-2182.083280916862,0.75
25,-2189.6923733670337,0.76
26,-2195.26817648251,0.7692307692307693
27,-2198.707197290726,0.7777777777777778
28,-2227.958748777778,0.7857142857142857
29,-2272.125874687714,0.7931034482758621
30,-2280.9193237913423,0.8
31,-2280.9193237913423,0.7741935483870968
32,-2315.09153537262,0.78125
33,-2315.09153537262,0.7575757575757576
34,-2315.09153537262,0.7352941176470589
35,-2321.4002894078326,0.7428571428571429
36,-2357.4358502488326,0.75
37,-2357.4358502488326,0.7297297297297297
38,-2357.4358502488326,0.7105263157894737
39,-2357.4358502488326,0.6923076923076923
40,-2377.3613113128768,0.7
41,-2361.0382159122187,0.7073170731707317
42,-2459.0201861651944,0.7142857142857143
43,-2301.1398085444457,0.7209302325581395
44,-2301.1398085444457,0.7045454545454546
45,-2301.1398085444457,0.6888888888888889
46,-2470.4250884999715,0.6956521739130435
47,-2470.4250884999715,0.6808510638297872
48,-2470.4250884999715,0.6666666666666666
49,-2470.4250884999715,0.6530612244897959
50,-2487.751395080647,0.66
51,-2487.751395080647,0.6470588235294118
52,-2500.4245334377883,0.6538461538461539
53,-2510.9783610869117,0.660377358490566
54,-2510.9783610869117,0.6481481481481481
55,-2505.9051287859247,0.6545454545454545
56,-2582.8949016333845,0.6607142857142857
57,-2582.8949016333845,0.6491228070175439
58,-2534.414982662988,0.6551724137931034
59,-2612.0462354210736,0.6610169491525424
60,-2421.454497331979,0.6666666666666666
61,-2710.7860954425523,0.6721311475409836
62,-2710.7860954425523,0.6612903225806451
63,-2547.371316104899,0.6666666666666666
64,-2667.383856896247,0.671875
65,-2583.953072689249,0.676923076923077
66,-2554.225133393039,0.6818181818181818
67,-2593.3424324157286,0.6865671641791045
68,-2585.943756366744,0.6911764705882353
69,-2556.310680114531,0.6956521739130435
70,-2575.796359764985,0.7
71,-2678.278059661131,0.704225352112676
72,-2706.6013215293115,0.7083333333333334
73,-2769.130293880271,0.7123287671232876
74,-2769.130293880271,0.7027027027027027
75,-2799.087710869602,0.7066666666666667
76,-2748.7922186892733,0.7105263157894737
77,-2748.7922186892733,0.7012987012987013
78,-2748.7922186892733,0.6923076923076923
79,-2718.9575227414184,0.6962025316455697
80,-2718.9575227414184,0.6875
81,-2623.1036906063446,0.691358024691358
82,-2623.1036906063446,0.6829268292682927
83,-2623.1036906063446,0.6746987951807228
84,-2623.1036906063446,0.6666666666666666
85,-2228.3391653499975,0.6705882352941176
86,-2228.3391653499975,0.6627906976744186
87,-2228.3391653499975,0.6551724137931034
88,-2837.5074717486405,0.6590909090909091
89,-2873.338192981346,0.6629213483146067
90,-2910.700540992342,0.6666666666666666
91,-2865.853646587368,0.6703296703296703
92,-2865.853646587368,0.6630434782608695
93,-2865.853646587368,0.6559139784946236
94,-2865.853646587368,0.648936170212766
95,-2865.853646587368,0.6421052631578947
96,-3078.5731728748,0.6458333333333334
97,-3078.5731728748,0.6391752577319587
98,-3078.5731728748,0.6326530612244898
99,-2959.8946758904694,0.6363636363636364
100,-2959.8946758904694,0.63
101,-2920.2407288489153,0.6336633663366337
102,-2920.2407288489153,0.6274509803921569
103,-2904.136220593609,0.6310679611650486
104,-3181.466236905368,0.6346153846153846
105,-3043.1535053695093,0.638095238095238
106,-2929.717289625383,0.6415094339622641
107,-2994.4515472086923,0.6448598130841121
108,-3065.5130996118423,0.6481481481481481
109,-3138.370192210043,0.6513761467889908
110,-3138.370192210043,0.6454545454545455
111,-3116.1268165153047,0.6486486486486487
112,-3068.172080345866,0.6517857142857143
113,-3068.172080345866,0.6460176991150443
114,-3131.057666850382,0.6491228070175439
115,-3131.057666850382,0.6434782608695652
116,-3131.057666850382,0.6379310344827587
117,-2967.1200018416494,0.6410256410256411
118,-3086.4236975546046,0.6440677966101694
119,-3137.429127514183,0.6470588235294118
120,-3075.983109409536,0.65
121,-3149.1598795749564,0.6528925619834711
122,-3149.1598795749564,0.6475409836065574
123,-3149.1598795749564,0.6422764227642277
124,-3149.1598795749564,0.6370967741935484
125,-3039.5225788996618,0.64
126,-3039.5225788996618,0.6349206349206349
127,-3039.5225788996618,0.6299212598425197
128,-3177.0477539104913,0.6328125
129,-3177.0477539104913,0.627906976744186
130,-3133.3726304420006,0.6307692307692307
131,-3133.3726304420006,0.6259541984732825
132,-3133.3726304420006,0.6212121212121212
133,-3207.2252346672662,0.6240601503759399
134,-3207.2252346672662,0.6194029850746269
135,-3207.2252346672662,0.6148148148148148
136,-3207.2252346672662,0.6102941176470589
137,-3207.2252346672662,0.6058394160583942
138,-2939.3536371351283,0.6086956521739131
139,-3327.057468404908,0.6115107913669064
140,-3356.122679692914,0.6142857142857143
141,-3149.775256728383,0.6170212765957447
142,-3149.775256728383,0.6126760563380281
143,-3909.6309730395724,0.6153846153846154
144,-3909.6309730395724,0.6111111111111112
145,-3043.7272036932673,0.6137931034482759
146,-3335.398914410691,0.6164383561643836
147,-3335.398914410691,0.6122448979591837
148,-3335.398914410691,0.6081081081081081
149,-3370.6963639203923,0.610738255033557
150,-3370.6963639203923,0.6066666666666667
151,-3511.5515547857494,0.609271523178808
152,-3513.9656525122386,0.6118421052631579
153,-3513.9656525122386,0.6078431372549019
154,-3496.4221559433304,0.6103896103896104
155,-3630.306389991008,0.6129032258064516
156,-3557.7950602178894,0.6153846153846154
157,-3826.6753255379954,0.6178343949044586
158,-3826.6753255379954,0.6139240506329114
159,-3648.6976867266603,0.6163522012578616
160,-3766.551687378691,0.61875
161,-3766.551687378691,0.6149068322981367
162,-3633.4756976848703,0.6172839506172839
163,-3510.720749524574,0.6196319018404908
164,-3510.720749524574,0.6158536585365854
165,-3510.720749524574,0.6121212121212121
166,-3510.720749524574,0.608433734939759
167,-3510.720749524574,0.6047904191616766
168,-3496.3571404276768,0.6071428571428571
169,-3496.3571404276768,0.6035502958579881
170,-3496.3571404276768,0.6
171,-3593.805711439537,0.6023391812865497
172,-3593.805711439537,0.5988372093023255
173,-3688.6718572739,0.6011560693641619
174,-3688.6718572739,0.5977011494252874
175,-3647.9402385146896,0.6
176,-3523.617181726622,0.6022727272727273
177,-3523.617181726622,0.5988700564971752
178,-3504.910442726405,0.601123595505618
179,-3504.910442726405,0.5977653631284916
180,-3471.3757252057894,0.6
181,-3241.8249912763645,0.6022099447513812
182,-3380.7393122040567,0.6043956043956044
183,-3380.7393122040567,0.6010928961748634
184,-3380.7393122040567,0.5978260869565217
185,-3380.7393122040567,0.5945945945945946
186,-3722.1142208924416,0.5967741935483871
187,-3722.1142208924416,0.5935828877005348
188,-3722.1142208924416,0.5904255319148937
189,-3722.1142208924416,0.5873015873015873
190,-3722.1142208924416,0.5842105263157895
191,-3574.5298459699898,0.5863874345549738
192,-3574.5298459699898,0.5833333333333334
193,-3346.690058940874,0.5854922279792746
194,-3462.411243471931,0.5876288659793815
195,-3462.411243471931,0.5846153846153846
196,-3787.0555394416206,0.5867346938775511
197,-3794.5451521308973,0.5888324873096447
198,-3794.5451521308973,0.5858585858585859
199,-3518.6224419087575,0.5879396984924623
200,-3724.1172889674767,0.59
201,-3724.1172889674767,0.5870646766169154
202,-3471.2642112939016,0.5891089108910891
203,-2372.692133947584,0.5911330049261084
204,-3258.592469280069,0.5931372549019608
205,-3258.592469280069,0.5902439024390244
206,-3196.6011171654172,0.5922330097087378
207,-3473.330009762911,0.5942028985507246
208,-3526.9388632644814,0.5961538461538461
209,-3526.9388632644814,0.5933014354066986
210,-3526.9388632644814,0.5904761904761905
211,-3526.9388632644814,0.5876777251184834
212,-3526.9388632644814,0.5849056603773585
213,-3390.51917129059,0.5868544600938967
214,-3390.51917129059,0.5841121495327103
215,-3390.51917129059,0.5813953488372093
216,-3390.51917129059,0.5787037037037037
217,-3175.8112711990066,0.5806451612903226
218,-3062.8933346051062,0.5825688073394495
219,-3332.803509477058,0.5844748858447488
220,-3332.803509477058,0.5818181818181818
221,-3332.803509477058,0.579185520361991
222,-3268.5840633210496,0.581081081081081
223,-3268.5840633210496,0.57847533632287
224,-2996.2247943412663,0.5803571428571429
225,-3075.6079205850897,0.5822222222222222
226,-3075.6079205850897,0.5796460176991151
227,-2993.6763733471253,0.5814977973568282
228,-2703.2938770574387,0.5833333333333334
229,-2703.2938770574387,0.5807860262008734
230,-2661.0672380590654,0.5826086956521739
231,-3397.9393744422377,0.5844155844155844
232,-2554.154264628507,0.5862068965517241
233,-2554.154264628507,0.5836909871244635
234,-3290.335410710474,0.5854700854700855
235,-2888.857341220723,0.5872340425531914
236,-2888.857341220723,0.5847457627118644
237,-2833.5343009862536,0.5864978902953587
238,-2245.7146582944583,0.5882352941176471
239,-2245.7146582944583,0.5857740585774058
240,-2245.7146582944583,0.5833333333333334
241,-2245.7146582944583,0.5809128630705395
242,-3273.148634302371,0.5826446280991735
243,-3273.148634302371,0.5802469135802469
244,-2710.517559267414,0.5819672131147541
245,-3313.131727482282,0.5836734693877551
246,-3313.131727482282,0.5813008130081301
247,-3314.0908286334457,0.582995951417004
248,-2394.8366602816614,0.5846774193548387
249,-3750.2860130744984,0.5863453815261044
250,-3831.51922149533,0.588
251,-3819.1993823690154,0.5896414342629482
252,-3819.1993823690154,0.5873015873015873
253,-3948.508444406091,0.5889328063241107
254,-3948.508444406091,0.5866141732283464
255,-3831.492744525575,0.5882352941176471
256,-3831.492744525575,0.5859375
257,-3831.492744525575,0.5836575875486382
258,-3570.3683908818102,0.5852713178294574
259,-3570.3683908818102,0.583011583011583
260,-3570.3683908818102,0.5807692307692308
261,-3570.3683908818102,0.578544061302682
262,-3570.3683908818102,0.5763358778625954
263,-3018.8996229560667,0.5779467680608364
264,-2541.538592117035,0.5795454545454546
265,-2541.538592117035,0.5773584905660377
266,-2541.538592117035,0.575187969924812
267,-3190.1873824944364,0.5767790262172284
268,-3293.7281934299754,0.5783582089552238
269,-4120.209719689614,0.5799256505576208
270,-4120.209719689614,0.5777777777777777
271,-4344.248854319483,0.5793357933579336
272,-4344.248854319483,0.5772058823529411
273,-3961.7776722215917,0.5787545787545788
274,-4037.4522478613476,0.5802919708029197
275,-4037.4522478613476,0.5781818181818181
276,-4037.4522478613476,0.5760869565217391
277,-4079.2846444012484,0.5776173285198556
278,-3831.0212697534494,0.579136690647482
279,-3831.0212697534494,0.5770609318996416
280,-3831.0212697534494,0.575
281,-3895.2718563343396,0.5765124555160143
282,-4110.807981057563,0.5780141843971631
283,-4110.807981057563,0.5759717314487632
284,-3364.152127686189,0.5774647887323944
285,-3364.152127686189,0.5754385964912281
286,-3364.152127686189,0.5734265734265734
287,-4303.773045858438,0.5749128919860628
288,-4057.0313920887925,0.5763888888888888
289,-4057.0313920887925,0.5743944636678201
290,-3784.7384652916485,0.5758620689655173
291,-3784.7384652916485,0.5738831615120275
292,-4230.117346704882,0.5753424657534246
293,-4036.7822919560203,0.5767918088737202
294,-4036.7822919560203,0.5748299319727891
295,-3634.470194347242,0.576271186440678
296,-3969.544440697463,0.5777027027027027
297,-3960.6191001326433,0.5791245791245792
298,-3850.6103552894538,0.5805369127516778
299,-3973.9945023014616,0.5819397993311036
300,-3973.9945023014616,0.58
301,-3973.9945023014616,0.5780730897009967
302,-3894.903312982681,0.5794701986754967
303,-3894.903312982681,0.5775577557755776
304,-3894.903312982681,0.5756578947368421
305,-3909.918573025026,0.5770491803278689
306,-3909.918573025026,0.5751633986928104
307,-3720.8151589888753,0.5765472312703583
308,-3765.848404464134,0.577922077922078
309,-3765.848404464134,0.5760517799352751
310,-3765.848404464134,0.5741935483870968
311,-3736.869759160555,0.5755627009646302
312,-3736.869759160555,0.5737179487179487
313,-3572.169287646006,0.5750798722044729
314,-3572.169287646006,0.5732484076433121
315,-3572.169287646006,0.5714285714285714
316,-3793.7299385809856,0.5727848101265823
317,-3793.7299385809856,0.5709779179810726
318,-3793.7299385809856,0.5691823899371069
319,-3798.9311581116667,0.5705329153605015
320,-3798.9311581116667,0.56875
321,-3980.49933170867,0.5700934579439252
322,-3541.502654296566,0.5714285714285714
323,-3541.502654296566,0.5696594427244582
324,-4392.986990456513,0.5709876543209876
325,-4392.986990456513,0.5692307692307692
326,-3939.553325667937,0.5705521472392638
327,-4274.034162463203,0.5718654434250765
328,-4274.034162463203,0.5701219512195121
329,-4099.731291313226,0.5714285714285714
330,-4099.731291313226,0.5696969696969697
331,-4099.731291313226,0.56797583081571
332,-4099.731291313226,0.5662650602409639
333,-4099.731291313226,0.5645645645645646
334,-4241.008162902786,0.5658682634730539
335,-4241.008162902786,0.564179104477612
336,-4241.008162902786,0.5625
337,-3703.118218317191,0.5637982195845698
338,-3703.118218317191,0.5621301775147929
339,-3703.118218317191,0.56047197640118
340,-3703.118218317191,0.5588235294117647
341,-3703.118218317191,0.5571847507331378
342,-4658.500852169522,0.5584795321637427
343,-4658.500852169522,0.5568513119533528
344,-4301.14870007053,0.5581395348837209
345,-4236.073285981064,0.5594202898550724
346,-4236.073285981064,0.5578034682080925
347,-4236.073285981064,0.5561959654178674
348,-3910.844487769212,0.5574712643678161
349,-4521.591482456661,0.5587392550143266
350,-4521.591482456661,0.5571428571428572
351,-4521.591482456661,0.5555555555555556
352,-4521.591482456661,0.5539772727272727
353,-4039.838403789608,0.5552407932011332
354,-4404.50087849447,0.556497175141243
355,-4227.428757410766,0.5577464788732395
356,-4227.428757410766,0.5561797752808989
357,-4340.466707863088,0.5574229691876751
358,-4284.686354348301,0.5586592178770949
359,-4284.686354348301,0.5571030640668524
360,-4284.686354348301,0.5555555555555556
361,-4348.424150812404,0.556786703601108
362,-4348.424150812404,0.5552486187845304
363,-3990.509891846726,0.5564738292011019
364,-3737.9565143387595,0.5576923076923077
365,-3737.9565143387595,0.5561643835616439
366,-3737.9565143387595,0.5546448087431693
367,-3986.45581060753,0.555858310626703
368,-3986.45581060753,0.5543478260869565
369,-3668.11901815535,0.5555555555555556
370,-3668.11901815535,0.5540540540540541
371,-3668.11901815535,0.5525606469002695
372,-3668.11901815535,0.5510752688172043
373,-3668.11901815535,0.5495978552278821
374,-3668.11901815535,0.5481283422459893
375,-3668.11901815535,0.5466666666666666
376,-3439.1771680998227,0.5478723404255319
377,-3900.120442696982,0.5490716180371353
378,-3900.120442696982,0.5476190476190477
379,-3829.7987563119236,0.5488126649076517
380,-3829.7987563119236,0.5473684210526316
381,-3686.6108918760006,0.5485564304461942
382,-3686.6108918760006,0.5471204188481675
383,-3686.6108918760006,0.5456919060052219
384,-3686.6108918760006,0.5442708333333334
385,-3702.3899746854504,0.5454545454545454
386,-3589.624253931489,0.5466321243523317
387,-2635.765221308919,0.5478036175710594
388,-4149.723300320561,0.5489690721649485
389,-4149.723300320561,0.5475578406169666
390,-3637.6613062198808,0.5487179487179488
391,-3637.6613062198808,0.5473145780051151
392,-3902.8131378920875,0.548469387755102
393,-3754.4159721658525,0.549618320610687
394,-3954.9990269678283,0.550761421319797
395,-4023.011588436183,0.5518987341772152
396,-4023.011588436183,0.5505050505050505
397,-3827.6894160883467,0.5516372795969773
398,-3827.6894160883467,0.550251256281407
399,-3827.6894160883467,0.5488721804511278
400,-3421.7898079443617,0.55
401,-3421.7898079443617,0.5486284289276808
402,-4167.276104761629,0.5497512437810945
403,-4167.276104761629,0.5483870967741935
404,-4167.276104761629,0.5470297029702971
405,-4167.276104761629,0.5456790123456791
406,-4132.823193609955,0.5467980295566502
407,-4132.823193609955,0.5454545454545454
408,-4132.823193609955,0.5441176470588235
409,-3443.0250010391583,0.5452322738386308
410,-4316.837041124804,0.5463414634146342
411,-4257.224590104825,0.5474452554744526
412,-4257.224590104825,0.5461165048543689
413,-4030.439496452369,0.5472154963680388
414,-3782.2029294744943,0.5483091787439613
415,-3744.7298123719274,0.5493975903614458
416,-3744.7298123719274,0.5480769230769231
417,-3546.1161594523996,0.5491606714628298
418,-3667.5871381856355,0.5502392344497608
419,-3667.5871381856355,0.548926014319809
420,-3667.5871381856355,0.5476190476190477
421,-3552.4028562630606,0.5486935866983373
422,-3586.3201316257628,0.5497630331753555
423,-3586.3201316257628,0.5484633569739953
424,-3586.3201316257628,0.5471698113207547
425,-3303.4468897286306,0.548235294117647
426,-3303.4468897286306,0.5469483568075117
427,-3468.500497425764,0.5480093676814989
428,-3311.675851696841,0.5490654205607477
429,-3821.8063927102066,0.5501165501165501
430,-3458.5467303547634,0.5511627906976744
431,-3307.89834245671,0.5522041763341067
432,-3307.89834245671,0.5509259259259259
433,-3307.89834245671,0.5496535796766744
434,-3539.399999514224,0.5506912442396313
435,-3628.571766486471,0.5517241379310345
436,-3089.812841162841,0.5527522935779816
437,-3089.812841162841,0.551487414187643
438,-3500.4389712048305,0.5525114155251142
439,-3552.2646488938394,0.5535307517084282
440,-3552.2646488938394,0.5522727272727272
441,-3690.674937458406,0.5532879818594104
442,-3690.674937458406,0.5520361990950227
443,-3609.0755253204075,0.5530474040632054
444,-3886.185911336443,0.5540540540540541
445,-3800.3028515268416,0.5550561797752809
446,-3800.3028515268416,0.5538116591928252
447,-3497.9175900318846,0.5548098434004475
448,-3497.9175900318846,0.5535714285714286
449,-3497.9175900318846,0.5523385300668151
450,-3497.9175900318846,0.5511111111111111
451,-3497.9175900318846,0.549889135254989
452,-3497.9175900318846,0.5486725663716814
453,-3497.9175900318846,0.5474613686534217
454,-3276.7607252961675,0.5484581497797357
455,-3276.7607252961675,0.5472527472527473
456,-3742.4634276837883,0.5482456140350878
457,-3742.4634276837883,0.5470459518599562
458,-3742.4634276837883,0.5458515283842795
459,-3674.470809578478,0.5468409586056645
460,-3674.470809578478,0.5456521739130434
461,-3674.470809578478,0.544468546637744
462,-3406.2917985707268,0.5454545454545454
463,-3108.4128479039764,0.5464362850971922
464,-3108.4128479039764,0.5452586206896551
465,-3321.879301720598,0.546236559139785
466,-3321.879301720598,0.5450643776824035
467,-3321.879301720598,0.5438972162740899
468,-3637.7570888084106,0.5448717948717948
469,-3637.7570888084106,0.5437100213219617
470,-4067.374279556861,0.5446808510638298
471,-3898.6029728922363,0.5456475583864119
472,-3957.2274517043766,0.5466101694915254
473,-3582.2735914519367,0.547568710359408
474,-3582.2735914519367,0.5464135021097046
475,-3768.957311502584,0.5473684210526316
476,-3464.843452156882,0.5483193277310925
477,-4449.322773113454,0.549266247379455
478,-4003.17321274898,0.5502092050209205
479,-4003.17321274898,0.5490605427974948
480,-4104.334222054286,0.55
481,-3004.5789369399286,0.5509355509355509
482,-3683.2538096815374,0.5518672199170125
483,-4267.545342026844,0.5527950310559007
484,-4267.545342026844,0.5516528925619835
485,-4267.545342026844,0.5505154639175258
486,-4267.545342026844,0.5493827160493827
487,-4267.545342026844,0.5482546201232033
488,-4267.545342026844,0.5471311475409836
489,-3448.413455907678,0.5480572597137015
490,-3448.413455907678,0.5469387755102041
491,-3448.413455907678,0.5458248472505092
492,-3448.413455907678,0.5447154471544715
493,-4429.430541216986,0.5456389452332657
494,-4247.353973714984,0.5465587044534413
495,-4333.231231960542,0.5474747474747474
496,-4048.628231463391,0.5483870967741935
497,-4390.279716079918,0.5492957746478874
498,-4235.311319176043,0.5502008032128514
499,-4235.311319176043,0.5490981963927856
500,-4235.311319176043,0.548
501,-4029.3414271957104,0.5489021956087824
502,-4029.3414271957104,0.547808764940239
503,-3569.171721165968,0.5487077534791253
504,-3929.629056561175,0.5496031746031746
505,-3728.2870645257426,0.5504950495049505
506,-3728.2870645257426,0.549407114624506
507,-3728.2870645257426,0.5483234714003945
508,-3779.9308772250142,0.5492125984251969
509,-3882.767678115069,0.550098231827112
510,-3143.0080987018787,0.5509803921568628
511,-3582.3246078667107,0.5518590998043053
512,-3582.3246078667107,0.55078125
513,-3582.3246078667107,0.5497076023391813
514,-3582.3246078667107,0.5486381322957199
515,-3582.3246078667107,0.5475728155339806
516,-3582.3246078667107,0.5465116279069767
517,-3582.3246078667107,0.5454545454545454
518,-3977.2454905647687,0.5463320463320464
519,-3989.7916496963153,0.5472061657032755
520,-3606.968034071726,0.5480769230769231
521,-3606.968034071726,0.5470249520153551
522,-3648.7129010028743,0.5478927203065134
523,-4244.537689216804,0.5487571701720841
524,-3695.542523795771,0.549618320610687
525,-3492.301387144593,0.5504761904761905
526,-4345.712656191078,0.5513307984790875
527,-3955.5362418837585,0.5521821631878557
528,-3690.690137379542,0.553030303030303
529,-3690.690137379542,0.5519848771266541
530,-3690.690137379542,0.5509433962264151
531,-3690.690137379542,0.5499058380414312
532,-4136.3622724642855,0.5507518796992481
533,-3965.305172898406,0.551594746716698
534,-3936.0796460364486,0.552434456928839
535,-3545.91867989447,0.5532710280373832
536,-3545.91867989447,0.5522388059701493
537,-3545.91867989447,0.5512104283054003
538,-3669.6783099064965,0.5520446096654275
539,-3669.6783099064965,0.5510204081632653
540,-3677.183610272154,0.5518518518518518
541,-3500.7822704591968,0.5526802218114603
542,-3500.6019868678254,0.5535055350553506
543,-3386.695112336383,0.5543278084714549
544,-3386.695112336383,0.5533088235294118
545,-3386.695112336383,0.5522935779816514
546,-2700.332205112714,0.5531135531135531
547,-2700.332205112714,0.5521023765996343
548,-3737.8428756522076,0.5529197080291971
549,-3338.8412477924944,0.5537340619307832
550,-3338.8412477924944,0.5527272727272727
551,-3338.8412477924944,0.5517241379310345
552,-3422.3261319331273,0.552536231884058
553,-3422.3261319331273,0.5515370705244123
554,-3422.3261319331273,0.5505415162454874
555,-3422.3261319331273,0.5495495495495496
556,-3494.82580950671,0.5503597122302158
557,-3494.82580950671,0.5493716337522442
558,-3346.4344376356757,0.5501792114695341
559,-3581.4300412758826,0.5509838998211091
560,-3410.241373401829,0.5517857142857143
561,-3504.265909824425,0.5525846702317291
562,-3456.3105796709183,0.5533807829181495
563,-3456.3105796709183,0.5523978685612788
564,-3456.3105796709183,0.5514184397163121
565,-3456.3105796709183,0.5504424778761062
566,-3355.69942716787,0.5512367491166078
567,-3355.69942716787,0.5502645502645502
568,-3355.69942716787,0.5492957746478874
569,-3352.2681313352423,0.5500878734622144
570,-3426.927357723163,0.5508771929824562
571,-3426.927357723163,0.5499124343257443
572,-3724.2076753983533,0.5506993006993007
573,-3711.6949643006046,0.5514834205933682
574,-3616.848798132044,0.5522648083623694
575,-3616.848798132044,0.551304347826087
576,-3616.848798132044,0.5503472222222222
577,-3616.848798132044,0.5493934142114385
578,-3493.838834322301,0.5501730103806228
579,-3497.800952726142,0.5509499136442142
580,-3497.800952726142,0.55
581,-3497.800952726142,0.5490533562822719
582,-3387.7431906845177,0.5498281786941581
583,-3145.6187500365368,0.5506003430531733
584,-3145.6187500365368,0.5496575342465754
585,-2861.141213298725,0.5504273504273505
586,-2861.141213298725,0.5494880546075085
587,-2861.141213298725,0.5485519591141397
588,-3319.659930282565,0.5493197278911565
589,-3319.659930282565,0.5483870967741935
590,-3432.3809591914714,0.5491525423728814
591,-3235.5940934743403,0.5499153976311336
592,-3235.5940934743403,0.5489864864864865
593,-3023.242406922663,0.5497470489038786
594,-3622.1580207599695,0.5505050505050505
595,-3622.1580207599695,0.5495798319327732
596,-3722.1672471008096,0.5503355704697986
597,-3622.3155988065555,0.5510887772194305
598,-3446.4739440945586,0.5518394648829431
599,-3682.150234529624,0.5525876460767947
600,-3813.22462846936,0.5533333333333333
601,-3813.22462846936,0.5524126455906821
602,-3813.22462846936,0.5514950166112956
603,-3748.341869518029,0.5522388059701493
604,-3748.341869518029,0.5513245033112583
605,-3580.448020735033,0.5520661157024793
606,-3645.5254842342874,0.5528052805280528
607,-3400.63800714365,0.5535420098846787
608,-3400.63800714365,0.5526315789473685
609,-3400.63800714365,0.5517241379310345
610,-3659.6849505867667,0.5524590163934426
611,-3505.557091185453,0.5531914893617021
612,-3505.557091185453,0.5522875816993464
613,-3505.557091185453,0.5513866231647635
614,-3505.557091185453,0.5504885993485342
615,-3328.8030995863896,0.551219512195122
616,-3732.2129118508624,0.551948051948052
617,-3732.2129118508624,0.5510534846029174
618,-3732.2129118508624,0.5501618122977346
619,-3604.8724996757633,0.5508885298869144
620,-3432.3089698001695,0.5516129032258065
621,-3332.886101543466,0.5523349436392915
622,-3332.886101543466,0.5514469453376206
623,-3624.921741416008,0.5521669341894061
624,-3496.0725815676083,0.5528846153846154
625,-3496.0725815676083,0.552
626,-3299.3179923377434,0.5527156549520766
627,-3416.333331170402,0.5534290271132376
628,-3769.6298577999023,0.554140127388535
629,-3434.6820766977135,0.5548489666136724
630,-3434.6820766977135,0.553968253968254
631,-3434.6820766977135,0.5530903328050714
632,-3434.6820766977135,0.5522151898734177
633,-3797.8593103485246,0.5529225908372828
634,-3750.631366717745,0.5536277602523659
635,-3714.740155135104,0.5543307086614173
636,-3641.6823231654075,0.5550314465408805
637,-3636.566164104483,0.5557299843014128
638,-3640.044616936869,0.5564263322884012
639,-3640.044616936869,0.5555555555555556
640,-3640.044616936869,0.5546875
641,-3640.044616936869,0.5538221528861155
642,-3614.0358054606504,0.5545171339563862
643,-3545.5085346665737,0.5552099533437014
644,-3673.8210320174617,0.5559006211180124
645,-3742.3008504762684,0.5565891472868217
646,-3742.3008504762684,0.5557275541795665
647,-3565.7007328467607,0.5564142194744977
648,-3464.1640395143318,0.5570987654320988
649,-3464.1640395143318,0.5562403697996918
650,-3464.1640395143318,0.5553846153846154
651,-3464.1640395143318,0.554531490015361
652,-3464.1640395143318,0.553680981595092
653,-3464.1640395143318,0.552833078101072
654,-3464.1640395143318,0.5519877675840978
655,-3569.2285086772104,0.5526717557251909
656,-3569.2285086772104,0.551829268292683
657,-3569.2285086772104,0.5509893455098934
658,-3478.3123540482434,0.5516717325227963
659,-3438.995358708547,0.5523520485584219
660,-3438.995358708547,0.5515151515151515
661,-3655.703681337972,0.5521936459909228
662,-3487.8674721816205,0.552870090634441
663,-3487.8674721816205,0.5520361990950227
664,-3461.154513657396,0.552710843373494
665,-3461.154513657396,0.5518796992481203
666,-3461.154513657396,0.551051051051051
667,-3378.766558651968,0.5517241379310345
668,-3526.39966934468,0.5523952095808383
669,-3297.8641409978745,0.5530642750373692
670,-3297.8641409978745,0.5522388059701493
671,-3297.8641409978745,0.5514157973174366
672,-3659.7232741978037,0.5520833333333334
673,-3659.7232741978037,0.5512630014858841
674,-3493.2750741947893,0.5519287833827893
675,-3346.71133217905,0.5525925925925926
676,-3346.71133217905,0.5517751479289941
677,-3459.0236159924484,0.552437223042836
678,-3622.298852300211,0.5530973451327433
679,-3688.4447600889625,0.5537555228276878
680,-3688.4447600889625,0.5529411764705883
681,-3688.4447600889625,0.5521292217327459
682,-3637.169101029508,0.5527859237536656
683,-3655.2278754329195,0.5534407027818448
684,-3655.2278754329195,0.5526315789473685
685,-3922.4200853826987,0.5532846715328467
686,-3766.6704823778746,0.5539358600583091
687,-3766.6704823778746,0.5531295487627366
688,-3766.6704823778746,0.5523255813953488
689,-3766.6704823778746,0.5515239477503628
690,-3766.6704823778746,0.5507246376811594
691,-3766.6704823778746,0.5499276410998553
692,-3791.9401257773206,0.5505780346820809
693,-3903.2610198263337,0.5512265512265512
694,-3822.133652069548,0.5518731988472623
695,-3890.106373660717,0.5525179856115108
696,-4072.3620666358893,0.5531609195402298
697,-4223.682931279394,0.5538020086083214
698,-4223.682931279394,0.5530085959885387
699,-3878.207780843064,0.5536480686695279
700,-3826.533782330084,0.5542857142857143
701,-3826.533782330084,0.5534950071326676
702,-3826.533782330084,0.5527065527065527
703,-3584.5520646336677,0.5533428165007113
704,-3584.5520646336677,0.5525568181818182
705,-3584.5520646336677,0.5517730496453901
706,-3584.5520646336677,0.5509915014164306
707,-3584.5520646336677,0.5502121640735502
708,-3943.4834229647154,0.5508474576271186
709,-3555.4937297089473,0.5514809590973202
710,-3555.4937297089473,0.5507042253521127
711,-3555.4937297089473,0.549929676511955
712,-3840.2334139113586,0.550561797752809
713,-3840.2334139113586,0.5497896213183731
714,-3616.1987034996964,0.5504201680672269
715,-3616.1987034996964,0.5496503496503496
716,-3616.1987034996964,0.5488826815642458
717,-3616.1987034996964,0.5481171548117155
718,-3616.1987034996964,0.5473537604456824
719,-3616.1987034996964,0.5465924895688457
720,-3616.1987034996964,0.5458333333333333
721,-3715.874041271086,0.5464632454923717
722,-3715.874041271086,0.5457063711911357
723,-3898.019481209588,0.5463347164591977
724,-3828.4396101153743,0.5469613259668509
725,-3734.6097312682227,0.5475862068965517
726,-3604.2382338409,0.5482093663911846
727,-3604.2382338409,0.547455295735901
728,-3604.2382338409,0.5467032967032966
729,-3604.2382338409,0.5459533607681756
730,-3604.2382338409,0.5452054794520548
731,-3502.5716354099695,0.5458276333789329
732,-3466.926545939108,0.546448087431694
733,-3466.926545939108,0.5457025920873124
734,-3466.926545939108,0.5449591280653951
735,-3518.2358728423455,0.545578231292517
736,-3518.2358728423455,0.5448369565217391
737,-3438.754617917612,0.5454545454545454
738,-3347.1613741614883,0.5460704607046071
739,-3346.6294488111935,0.5466847090663058
740,-3351.007148986603,0.5472972972972973
741,-3475.0966846563347,0.5479082321187584
742,-3475.0966846563347,0.5471698113207547
743,-3475.0966846563347,0.5464333781965006
744,-3596.4299600366226,0.5470430107526881
745,-3596.4299600366226,0.5463087248322148
746,-3596.4299600366226,0.5455764075067024
747,-3462.683789450772,0.5461847389558233
748,-3602.2103449560427,0.5467914438502673
749,-3602.2103449560427,0.5460614152202937
750,-3602.2103449560427,0.5453333333333333
751,-3602.2103449560427,0.5446071904127829
752,-3567.1482645017372,0.5452127659574468
753,-3587.053690214972,0.545816733067729
754,-3587.053690214972,0.5450928381962865
755,-3545.0452240529653,0.5456953642384106
756,-3545.0452240529653,0.544973544973545
757,-3290.605726822077,0.5455746367239102
758,-3246.5993810032464,0.5461741424802111
759,-3548.012949147263,0.546772068511199
760,-3548.012949147263,0.5460526315789473
761,-3530.7420594276336,0.5466491458607096
762,-3305.129674936893,0.547244094488189
763,-3556.566219064575,0.5478374836173001
764,-3429.504729379206,0.5484293193717278
765,-3429.504729379206,0.5477124183006536
766,-3429.504729379206,0.5469973890339426
767,-3429.504729379206,0.546284224250326
768,-3405.001542492278,0.546875
769,-3472.0974076211814,0.5474642392717816
770,-3120.363638801583,0.548051948051948
771,-3717.4579611494,0.5486381322957199
772,-3717.4579611494,0.5479274611398963
773,-3717.4579611494,0.5472186287192755
774,-3717.4579611494,0.5465116279069767
775,-3717.4579611494,0.5458064516129032
776,-3731.1026835124917,0.5463917525773195
777,-3428.891331140173,0.546975546975547
778,-3660.236659148806,0.5475578406169666
779,-3467.9433898139296,0.5481386392811296
780,-3615.065480266033,0.5487179487179488
781,-3451.001026787981,0.5492957746478874
782,-3149.6247042496666,0.5498721227621484
783,-3149.6247042496666,0.5491698595146871
784,-4073.1318142866903,0.5497448979591837
785,-3270.6065016329035,0.5503184713375796
786,-3270.6065016329035,0.549618320610687
787,-3902.2991301547127,0.5501905972045743
788,-3892.8787026500613,0.550761421319797
789,-3511.821062918395,0.5513307984790875
790,-3511.821062918395,0.5506329113924051
791,-3511.821062918395,0.549936788874842
792,-3370.9316935377533,0.5505050505050505
793,-3457.0435579678424,0.5510718789407314
794,-3457.0435579678424,0.5503778337531486
795,-3297.03920367051,0.5509433962264151
796,-3225.9860039059135,0.5515075376884422
797,-3835.459097565388,0.5520702634880803
798,-3835.459097565388,0.5513784461152882
799,-3835.459097565388,0.5506883604505632
800,-3835.459097565388,0.55
801,-3496.205443713943,0.550561797752809
802,-3597.037023946934,0.5511221945137157
803,-3052.688040010459,0.5516811955168119
804,-2958.649643610776,0.5522388059701493
805,-2958.649643610776,0.5515527950310559
806,-2958.649643610776,0.5508684863523573
807,-2958.649643610776,0.550185873605948
808,-2958.649643610776,0.5495049504950495
809,-2958.649643610776,0.5488257107540173
810,-2958.649643610776,0.5481481481481482
811,-2958.649643610776,0.5474722564734895
812,-2958.649643610776,0.5467980295566502
813,-4153.472563975626,0.5473554735547356
814,-4153.472563975626,0.5466830466830467
815,-4153.472563975626,0.5460122699386503
816,-3970.909677113996,0.5465686274509803
817,-3970.909677113996,0.5458996328029376
818,-3688.937500325443,0.5464547677261614
819,-3579.4426111261573,0.5470085470085471
820,-3948.101844735623,0.5475609756097561
821,-3534.000649704157,0.5481120584652862
822,-3649.322224194584,0.5486618004866181
823,-3649.322224194584,0.5479951397326853
824,-3649.322224194584,0.5473300970873787
825,-3521.5879707252716,0.5478787878787879
826,-3521.5879707252716,0.5472154963680388
827,-3521.5879707252716,0.5465538089480049
828,-3521.5879707252716,0.5458937198067633
829,-3708.127932416631,0.5464414957780458
830,-3708.127932416631,0.5457831325301205
831,-3386.781494023282,0.54632972322503
832,-3334.2574108065205,0.546875
833,-3334.2574108065205,0.5462184873949579
834,-3334.2574108065205,0.5455635491606715
835,-3525.0162555696406,0.5461077844311377
836,-3634.2298447721373,0.5466507177033493
837,-3634.2298447721373,0.5459976105137395
838,-3323.5336918837706,0.5465393794749404
839,-3393.2013064655453,0.5470798569725864
840,-3393.2013064655453,0.5464285714285714
841,-3306.668177830609,0.5469678953626635
842,-2904.504609554203,0.5475059382422803
843,-2904.504609554203,0.5468564650059312
844,-2904.504609554203,0.5462085308056872
845,-2904.504609554203,0.5455621301775148
846,-2904.504609554203,0.5449172576832151
847,-2904.504609554203,0.5442739079102715
848,-2904.504609554203,0.5436320754716981
849,-3388.077198052818,0.5441696113074205
850,-2468.665466242578,0.5447058823529412
851,-3449.8831589472975,0.54524089306698
852,-3449.8831589472975,0.5446009389671361
853,-3375.0619106173967,0.5451348182883939
854,-3301.286534468086,0.5456674473067916
855,-3542.9852244610947,0.5461988304093567
856,-3542.9852244610947,0.5455607476635514
857,-3426.9144276822985,0.5460910151691949
858,-3448.149402229092,0.5466200466200466
859,-3448.149402229092,0.5459837019790454
860,-3448.149402229092,0.5453488372093023
861,-3414.031783998157,0.5458768873403019
862,-3414.031783998157,0.5452436194895591
863,-3019.2348847677017,0.5457705677867902
864,-3019.2348847677017,0.5451388888888888
865,-3019.2348847677017,0.5445086705202312
866,-3019.2348847677017,0.5438799076212472
867,-3019.2348847677017,0.5432525951557093
868,-3019.2348847677017,0.5426267281105991
869,-3019.2348847677017,0.5420023014959724
870,-3109.484082619345,0.542528735632184
871,-1414.1553350299132,0.5430539609644087
872,-2564.7116975246036,0.5435779816513762
873,-2564.7116975246036,0.5429553264604811
874,-2564.7116975246036,0.5423340961098398
875,-2564.7116975246036,0.5417142857142857
876,-3165.7032489127837,0.5422374429223744
877,-3165.7032489127837,0.5416191562143672
878,-3165.7032489127837,0.541002277904328
879,-3165.7032489127837,0.540386803185438
880,-3165.7032489127837,0.5397727272727273
881,-3165.7032489127837,0.5391600454029511
882,-3165.7032489127837,0.5385487528344671
883,-3165.7032489127837,0.5379388448471121
884,-3069.587199936471,0.5384615384615384
885,-3069.587199936471,0.5378531073446328
886,-3069.587199936471,0.5372460496613995
887,-3069.587199936471,0.5366403607666291
888,-2816.1044313594093,0.5371621621621622
889,-3612.743118034897,0.5376827896512936
890,-3612.743118034897,0.5370786516853933
891,-3308.20498235324,0.5375982042648709
892,-3308.20498235324,0.5369955156950673
893,-3654.94028975975,0.5375139977603584
894,-3654.94028975975,0.5369127516778524
895,-3654.94028975975,0.5363128491620112
896,-3654.94028975975,0.5357142857142857
897,-3654.94028975975,0.5351170568561873
898,-3608.7040250419773,0.5356347438752784
899,-1837.1010585305532,0.5361512791991101
900,-1837.1010585305532,0.5355555555555556
901,-1837.1010585305532,0.5349611542730299
902,-1837.1010585305532,0.5343680709534369
903,-3009.897055013144,0.5348837209302325
904,-2900.2773135975767,0.5353982300884956
905,-2221.822486085789,0.5359116022099447
906,-3169.3510136387667,0.5364238410596026
907,-3019.2492192187624,0.5369349503858876
908,-3019.2492192187624,0.5363436123348018
909,-2938.3770281149873,0.5368536853685368
910,-2744.0534304035596,0.5373626373626373
911,-2744.0534304035596,0.5367727771679474
912,-2744.0534304035596,0.5361842105263158
913,-2744.0534304035596,0.5355969331872946
914,-2744.0534304035596,0.5350109409190372
915,-2744.0534304035596,0.5344262295081967
916,-3113.96304104375,0.5349344978165939
917,-3113.96304104375,0.5343511450381679
918,-3113.96304104375,0.5337690631808278
919,-3113.96304104375,0.5331882480957563
920,-3163.1933110590044,0.533695652173913
921,-3545.236221959345,0.5342019543973942
922,-3545.236221959345,0.5336225596529284
923,-3545.236221959345,0.5330444203683641
924,-3436.100249311539,0.5335497835497836
925,-3601.094894849171,0.534054054054054
926,-3601.094894849171,0.5334773218142549
927,-3601.094894849171,0.5329018338727076
928,-3528.001829597164,0.5334051724137931
929,-3528.001829597164,0.5328310010764262
930,-3417.81684647541,0.5333333333333333
931,-3417.81684647541,0.5327604726100966
932,-3417.81684647541,0.5321888412017167
933,-3429.5116763266474,0.5326902465166131
934,-3504.1538150565016,0.5331905781584583
935,-3504.1538150565016,0.532620320855615
936,-3265.0411814330037,0.5331196581196581
937,-2685.684128587515,0.5336179295624333
938,-3028.010439530417,0.5341151385927505
939,-3028.010439530417,0.5335463258785943
940,-3028.010439530417,0.5329787234042553
941,-2346.7443565026765,0.5334750265674814
942,-2346.7443565026765,0.5329087048832272
943,-2346.7443565026765,0.5323435843054083
944,-3890.94961818329,0.5328389830508474
945,-3890.94961818329,0.5322751322751322
946,-3316.9134515365004,0.53276955602537
947,-3316.9134515365004,0.53220696937698
948,-2142.9919709128962,0.5327004219409283
949,-1583.9075597129913,0.5331928345626976
950,-1583.9075597129913,0.5326315789473685
951,-1583.9075597129913,0.5320715036803365
952,-3449.3166214817456,0.532563025210084
953,-2898.3826170046555,0.5330535152151101
954,-3466.706659476665,0.5335429769392034
955,-3172.4767211424214,0.5340314136125655
956,-3129.1841765632453,0.5345188284518828
957,-3508.7595708911263,0.5350052246603971
958,-3801.137602606071,0.535490605427975
959,-3271.0745639774964,0.5359749739311783
960,-3271.0745639774964,0.5354166666666667
961,-3271.0745639774964,0.5348595213319459
962,-3271.0745639774964,0.5343035343035343
963,-3251.150412396384,0.5347871235721703
964,-2954.9028903994854,0.5352697095435685
965,-2954.9028903994854,0.5347150259067357
966,-2954.9028903994854,0.5341614906832298
967,-2954.9028903994854,0.5336091003102379
968,-3358.4910941734183,0.5340909090909091
969,-3358.4910941734183,0.5335397316821465
970,-4076.104448539009,0.534020618556701
971,-4076.104448539009,0.533470648815654
972,-4162.078911995753,0.5339506172839507
973,-4162.078911995753,0.5334018499486125
974,-3956.63097332215,0.5338809034907598
975,-3956.63097332215,0.5333333333333333
976,-3956.63097332215,0.5327868852459017
977,-3951.4230167990445,0.5332650972364381
978,-3951.4230167990445,0.532719836400818
979,-3965.1575947456113,0.533197139938713
980,-3979.5925042817485,0.5336734693877551
981,-3349.9267390268847,0.5341488277268094
982,-3646.4384593178424,0.5346232179226069
983,-3646.4384593178424,0.5340793489318413
984,-3646.4384593178424,0.5335365853658537
985,-3425.79502962754,0.534010152284264
986,-3872.00922639318,0.5344827586206896
987,-4106.47393456181,0.5349544072948328
988,-4106.47393456181,0.5344129554655871
989,-4106.47393456181,0.5338725985844287
990,-3776.932754236587,0.5343434343434343
991,-3776.932754236587,0.5338042381432896
992,-4194.3695682941025,0.5342741935483871
993,-4194.3695682941025,0.5337361530715005
994,-4556.2552802970795,0.53420523138833
995,-4300.4556047334145,0.5346733668341709
996,-4300.4556047334145,0.5341365461847389
997,-4300.4556047334145,0.5336008024072216
998,-4300.4556047334145,0.533066132264529
999,-3651.7088789408435,0.5335335335335335
1000,-3806.6556052049596,0.534
1001,-3806.6556052049596,0.5334665334665335
1002,-3846.062121553249,0.5339321357285429
1003,-3846.062121553249,0.5333998005982054
1004,-3846.062121553249,0.5328685258964143
1005,-3846.062121553249,0.5323383084577115
1006,-3846.062121553249,0.5318091451292246
1007,-3846.062121553249,0.5312810327706058
1008,-3846.062121553249,0.5307539682539683
1009,-3846.062121553249,0.5302279484638256
1010,-3846.062121553249,0.5297029702970297
1011,-3846.062121553249,0.5291790306627102
1012,-3409.5180632858305,0.5296442687747036
1013,-3409.5180632858305,0.5291214215202369
1014,-3620.219282784965,0.5295857988165681
1015,-3940.4737671078888,0.5300492610837438
1016,-4113.498127066324,0.530511811023622
1017,-4113.498127066324,0.5299901671583087
1018,-4042.004603609652,0.5304518664047151
1019,-4042.004603609652,0.5299313052011776
1020,-4042.004603609652,0.5294117647058824
1021,-3717.517076208248,0.5298726738491675
1022,-3301.902179948716,0.5303326810176126
1023,-3837.720695483798,0.530791788856305
1024,-3837.720695483798,0.5302734375
1025,-3837.720695483798,0.5297560975609756
1026,-4346.344634828493,0.530214424951267
1027,-4346.344634828493,0.5296981499513145
1028,-4256.895628473601,0.5301556420233463
1029,-4256.895628473601,0.5296404275996113
1030,-4256.895628473601,0.529126213592233
1031,-4256.895628473601,0.5286129970902037
1032,-4256.895628473601,0.5281007751937985
1033,-4256.895628473601,0.5275895450145208
1034,-4256.895628473601,0.5270793036750484
1035,-4256.895628473601,0.5265700483091788
1036,-4256.895628473601,0.5260617760617761
1037,-4256.895628473601,0.5255544840887174
1038,-3973.0928003690246,0.5260115606936416
1039,-3973.0928003690246,0.5255052935514918
1040,-3805.756869201793,0.5259615384615385
1041,-3865.2429326147903,0.526416906820365
1042,-3865.2429326147903,0.525911708253359
1043,-3409.047475343707,0.5263662511984659
1044,-3409.047475343707,0.5258620689655172
1045,-3409.047475343707,0.5253588516746411
1046,-3754.0202099416324,0.5258126195028681
1047,-3754.0202099416324,0.5253104106972302
1048,-3754.0202099416324,0.5248091603053435
1049,-3754.0202099416324,0.5243088655862727
1050,-3754.0202099416324,0.5238095238095238
1051,-3754.0202099416324,0.5233111322549953
1052,-3774.161321550926,0.5237642585551331
1053,-3774.161321550926,0.5232668566001899
1054,-3626.8020531350676,0.523719165085389
1055,-3626.8020531350676,0.5232227488151658
1056,-3725.4576442500447,0.5236742424242424
1057,-3725.4576442500447,0.5231788079470199
1058,-3725.4576442500447,0.5226843100189036
1059,-3519.734293081749,0.5231350330500472
1060,-3519.734293081749,0.5226415094339623
1061,-3600.284336852489,0.5230914231856739
1062,-3600.284336852489,0.5225988700564972
1063,-3161.0021644337603,0.5230479774223895
1064,-3161.0021644337603,0.5225563909774437
1065,-3161.0021644337603,0.5220657276995305
1066,-3821.558471156602,0.5225140712945591
1067,-2582.5358310950223,0.5229615745079662
1068,-2582.5358310950223,0.5224719101123596
1069,-3699.7792050696694,0.5229186155285314
1070,-3699.7792050696694,0.5224299065420561
1071,-3699.7792050696694,0.5219421101774043
1072,-4462.751501013591,0.5223880597014925
1073,-3737.916505981273,0.5228331780055918
1074,-3737.916505981273,0.5223463687150838
1075,-3737.916505981273,0.521860465116279
1076,-3737.916505981273,0.5213754646840149
1077,-3737.916505981273,0.520891364902507
1078,-3249.5295612456116,0.5213358070500927
1079,-3448.63087650765,0.5217794253938832
1080,-3448.63087650765,0.5212962962962963
1081,-3448.63087650765,0.5208140610545791
1082,-3448.63087650765,0.5203327171903882
1083,-3918.3968391526537,0.5207756232686981
1084,-3918.3968391526537,0.5202952029520295
1085,-4190.56346968162,0.5207373271889401
1086,-4325.978751517254,0.5211786372007366
1087,-3846.285768691928,0.5216191352345906
1088,-3646.8190371086994,0.5220588235294118
1089,-3646.8190371086994,0.5215794306703397
1090,-3646.8190371086994,0.5211009174311927
1091,-4256.782346601562,0.5215398716773603
1092,-3880.539517517891,0.521978021978022
1093,-3980.0659276628985,0.5224153705397987
1094,-3980.0659276628985,0.5219378427787934
1095,-3808.036224953358,0.5223744292237443
1096,-3808.036224953358,0.5218978102189781
1097,-3558.603935708205,0.5223336371923427
1098,-3558.603935708205,0.5218579234972678
1099,-3558.603935708205,0.521383075523203
1100,-3558.603935708205,0.5209090909090909
1101,-3558.603935708205,0.5204359673024523
1102,-3920.711383827975,0.5208711433756806
1103,-3797.37518777829,0.5213055303717135
1104,-3797.37518777829,0.5208333333333334
1105,-3797.37518777829,0.5203619909502263
1106,-3171.3883403707546,0.5207956600361664
1107,-3921.536627662116,0.5212285456187895
1108,-3921.536627662116,0.5207581227436823
1109,-3921.536627662116,0.5202885482416592
1110,-3921.536627662116,0.5198198198198198
1111,-3921.536627662116,0.5193519351935193
1112,-3576.0958621205014,0.5197841726618705
1113,-3403.1907334425064,0.5202156334231806
1114,-3403.1907334425064,0.5197486535008977
1115,-3403.1907334425064,0.5192825112107623
1116,-3403.1907334425064,0.5188172043010753
1117,-3403.1907334425064,0.5183527305282005
1118,-3403.1907334425064,0.5178890876565295
1119,-3403.1907334425064,0.517426273458445
1120,-3746.689359669144,0.5178571428571429
1121,-3746.689359669144,0.5173951828724354
1122,-3753.390198190455,0.517825311942959
1123,-3673.2149296784996,0.5182546749777382
1124,-3451.657501859773,0.5186832740213523
1125,-3966.3682332630074,0.5191111111111111
1126,-3282.2392768383447,0.5195381882770871
1127,-3859.1666400626477,0.5199645075421473
1128,-3859.1666400626477,0.5195035460992907
1129,-3859.1666400626477,0.5190434012400355
1130,-3859.1666400626477,0.5185840707964602
1131,-3680.1138180652724,0.5190097259062776
1132,-3474.5317118020985,0.519434628975265
1133,-3474.5317118020985,0.5189761694616064
1134,-3951.4669188055914,0.5194003527336861
1135,-3951.4669188055914,0.518942731277533
1136,-3724.1431896866425,0.5193661971830986
1137,-3724.1431896866425,0.5189094107299912
1138,-3658.2725801336305,0.5193321616871704
1139,-4016.9339141149367,0.5197541703248464
1140,-3862.9772422104925,0.5201754385964912
1141,-3862.9772422104925,0.5197195442594216
1142,-3862.9772422104925,0.5192644483362522
1143,-3862.9772422104925,0.5188101487314086
1144,-3708.6141329850316,0.5192307692307693
1145,-2794.861197488022,0.519650655021834
1146,-2794.861197488022,0.5191972076788831
1147,-4063.8347574458385,0.5196163905841326
1148,-4063.8347574458385,0.519163763066202
1149,-4063.8347574458385,0.5187119234116623
1150,-4294.7006605780625,0.5191304347826087
1151,-4294.7006605780625,0.5186794092093832
1152,-4294.7006605780625,0.5182291666666666
1153,-4294.7006605780625,0.5177797051170858
1154,-4294.7006605780625,0.5173310225303293
1155,-3777.5871314606493,0.5177489177489177
1156,-3058.3839391043052,0.5181660899653979
1157,-3058.3839391043052,0.5177182368193605
1158,-3083.5774132279403,0.5181347150259067
1159,-1932.8170338564364,0.5185504745470233
1160,-1932.8170338564364,0.5181034482758621
1161,-1932.8170338564364,0.5176571920757967
1162,-1932.8170338564364,0.5172117039586919
1163,-4568.333682681796,0.5176268271711092
1164,-4568.333682681796,0.5171821305841925
1165,-4337.575221170467,0.5175965665236052
1166,-4337.575221170467,0.5171526586620926
1167,-4431.0710276729715,0.517566409597258
1168,-3681.737450104282,0.5179794520547946
1169,-3681.737450104282,0.5175363558597091
1170,-3681.737450104282,0.5170940170940171
1171,-5011.835736114018,0.5175064047822374
1172,-4281.919174727215,0.5179180887372014
1173,-4763.188901213775,0.5183290707587382
1174,-4763.188901213775,0.5178875638841567
1175,-4763.188901213775,0.5174468085106383
1176,-4763.188901213775,0.5170068027210885
1177,-4282.950656996104,0.5174171622769753
1178,-3712.751576291621,0.5178268251273345
1179,-4012.9776846984673,0.5182357930449534
1180,-4012.9776846984673,0.5177966101694915
1181,-4012.9776846984673,0.5173581710414903
1182,-5438.667671993056,0.5177664974619289
1183,-5438.667671993056,0.5173288250211328
1184,-5438.667671993056,0.5168918918918919
1185,-5198.879426959625,0.5172995780590718
1186,-4600.802394809057,0.5177065767284992
1187,-4600.802394809057,0.5172704296545914
1188,-4600.802394809057,0.5168350168350169
1189,-4600.802394809057,0.5164003364171573
1190,-5033.083272191618,0.5168067226890757
1191,-5033.083272191618,0.5163727959697733
1192,-4822.872396838645,0.5167785234899329
1193,-4822.872396838645,0.5163453478625314
1194,-4822.872396838645,0.5159128978224455
1195,-4822.872396838645,0.5154811715481171
1196,-4822.872396838645,0.5150501672240803
1197,-4822.872396838645,0.5146198830409356
1198,-4545.3854368796165,0.5150250417362271
1199,-4605.503119956136,0.5154295246038365
1200,-4466.910548518138,0.5158333333333334
1201,-4466.910548518138,0.5154038301415487
1202,-4254.98841019413,0.5158069883527454
1203,-3492.291824155868,0.516209476309227
1204,-4813.214336770085,0.5166112956810631
1205,-3103.6098392945155,0.5170124481327801
1206,-3103.6098392945155,0.5165837479270315
1207,-4431.843600411591,0.5169842584921293
1208,-4431.843600411591,0.5165562913907285
1209,-3188.738766905318,0.5169561621174524
1210,-4321.787683340764,0.5173553719008265
1211,-4321.787683340764,0.5169281585466556
1212,-811.1621281028408,0.5173267326732673
1213,-3545.856843799151,0.517724649629019
1214,-3545.856843799151,0.5172981878088962
1215,-3545.856843799151,0.516872427983539
1216,-3545.856843799151,0.5164473684210527
1217,-3545.856843799151,0.5160230073952342
1218,-3545.856843799151,0.5155993431855501
1219,-3042.1591907103175,0.5159967186218212
1220,-4168.067622628401,0.5163934426229508
1221,-3961.4470821307636,0.5167895167895168
1222,-3792.86853176414,0.5171849427168577
1223,-4317.804738089798,0.517579721995094
1224,-4317.804738089798,0.5171568627450981
1225,-3698.138233976809,0.5175510204081633
1226,-4278.312289762415,0.5179445350734094
1227,-4278.312289762415,0.5175224123879381
1228,-4108.066088741338,0.5179153094462541
1229,-4138.968766512063,0.5183075671277462
1230,-4238.089594868592,0.5186991869918699
1231,-4094.9967498749347,0.5190901705930138
1232,-4232.1811292226275,0.5194805194805194
1233,-4232.939937076341,0.5198702351987023
1234,-4232.939937076341,0.5194489465153971
1235,-4232.939937076341,0.5190283400809717
1236,-4232.939937076341,0.5186084142394822
1237,-4347.780422380723,0.5189975747776879
1238,-3985.4940657440625,0.5193861066235864
1239,-4197.224544542507,0.519774011299435
1240,-4197.224544542507,0.5193548387096775
1241,-4197.224544542507,0.5189363416599516
1242,-3845.404244328997,0.5193236714975845
1243,-3845.404244328997,0.5189058728881738
1244,-3924.290777036847,0.5192926045016077
1245,-3875.5970084495766,0.5196787148594377
1246,-3875.5970084495766,0.5192616372391653
1247,-3875.5970084495766,0.5188452285485164
1248,-4046.952062595387,0.5192307692307693
1249,-4046.952062595387,0.5188150520416333
1250,-4046.952062595387,0.5184
1251,-4041.8838360622713,0.518784972022382
1252,-3997.4768117067824,0.5191693290734825
1253,-3997.4768117067824,0.518754988028731
1254,-3997.4768117067824,0.518341307814992
1255,-3872.711053243056,0.5187250996015936
1256,-3915.986435347613,0.5191082802547771
1257,-4140.520311963862,0.5194908512330947
1258,-3884.8438857198757,0.519872813990461
1259,-3962.910590136127,0.5202541699761716
1260,-3962.910590136127,0.5198412698412699
1261,-3962.910590136127,0.5194290245836638
1262,-3962.910590136127,0.5190174326465927
1263,-3646.7404679969004,0.5193982581155978
1264,-3646.7404679969004,0.5189873417721519
1265,-3895.122453675283,0.5193675889328063
1266,-4279.289021068646,0.5197472353870458
1267,-4279.289021068646,0.5193370165745856
1268,-4279.289021068646,0.5189274447949527
1269,-2903.2540658783637,0.5193065405831363
1270,-4603.752333095685,0.5196850393700787
1271,-4357.239207375247,0.5200629425649095
1272,-4454.807275578421,0.5204402515723271
1273,-4329.914009277232,0.5208169677926159
1274,-4329.914009277232,0.5204081632653061
1275,-4131.443323910008,0.5207843137254902
1276,-4131.443323910008,0.5203761755485894
1277,-4131.443323910008,0.5199686765857479
1278,-4131.443323910008,0.5195618153364632
1279,-4131.443323910008,0.5191555903049258
1280,-4028.35939048664,0.51953125
1281,-4387.710425660477,0.5199063231850117
1282,-4468.7669518952625,0.5202808112324493
1283,-4468.7669518952625,0.5198752922837101
1284,-4468.7669518952625,0.5194704049844237
1285,-4398.589640140299,0.5198443579766537
1286,-4438.597281006618,0.5202177293934681
1287,-4810.301119844316,0.5205905205905206
1288,-4878.530103269061,0.5209627329192547
1289,-4654.33080623589,0.5213343677269201
1290,-4654.33080623589,0.5209302325581395
1291,-4913.211331283634,0.5213013168086754
1292,-4913.211331283634,0.5208978328173375
1293,-4626.95329290358,0.5212683681361175
1294,-4384.352596432436,0.5216383307573416
1295,-4322.590219006746,0.522007722007722
1296,-4322.590219006746,0.5216049382716049
1297,-4374.10825456073,0.5219737856592136
1298,-4285.690825675733,0.522342064714946
1299,-4285.690825675733,0.5219399538106235
1300,-4285.690825675733,0.5215384615384615
1301,-4285.690825675733,0.5211375864719446
1302,-4235.780313389378,0.521505376344086
1303,-4051.547160132936,0.5218726016884113
1304,-4087.698143862098,0.522239263803681
1305,-4087.698143862098,0.5218390804597701
1306,-3757.538033554369,0.5222052067381318
1307,-3427.108224318618,0.5225707727620506
1308,-3427.108224318618,0.52217125382263
1309,-3265.101697411214,0.5225362872421696
1310,-4416.614796034354,0.5229007633587787
1311,-3844.157130410987,0.5232646834477498
1312,-3844.157130410987,0.5228658536585366
1313,-3302.9945892942733,0.5232292460015232
1314,-3302.9945892942733,0.5228310502283106
1315,-4293.202015226102,0.5231939163498099
1316,-4293.202015226102,0.5227963525835866
1317,-4293.202015226102,0.5223993925588458
1318,-4293.202015226102,0.5220030349013657
1319,-4293.202015226102,0.5216072782410918
1320,-4293.202015226102,0.5212121212121212
1321,-3724.2104826357368,0.5215745647236941
1322,-3724.2104826357368,0.5211800302571861
1323,-3724.2104826357368,0.5207860922146637
1324,-3724.2104826357368,0.520392749244713
1325,-4159.962136399033,0.5207547169811321
1326,-4159.962136399033,0.5203619909502263
1327,-4159.962136399033,0.5199698568198945
1328,-4159.962136399033,0.5195783132530121
1329,-4159.962136399033,0.5191873589164786
1330,-4159.962136399033,0.518796992481203
1331,-3925.2890022265424,0.5191585274229902
1332,-3925.2890022265424,0.5187687687687688
1333,-3858.0310932004923,0.5191297824456114
1334,-3858.0310932004923,0.5187406296851574
1335,-3933.2493313331993,0.5191011235955056
1336,-4241.493517840441,0.5194610778443114
1337,-4241.493517840441,0.5190725504861631
1338,-4241.493517840441,0.5186846038863976
1339,-4241.493517840441,0.5182972367438387
1340,-4043.2792886576553,0.5186567164179104
1341,-4043.2792886576553,0.5182699478001491
1342,-4043.2792886576553,0.5178837555886736
1343,-4319.226010852839,0.5182427401340283
1344,-4184.050766202553,0.5186011904761905
1345,-4184.050766202553,0.5182156133828997
1346,-4184.050766202553,0.5178306092124815
1347,-3667.673560963746,0.51818856718634
1348,-3840.754976146496,0.5185459940652819
1349,-3886.574771620168,0.5189028910303929
1350,-3527.8106720102132,0.5192592592592593
1351,-3915.0833159907447,0.5196150999259808
1352,-3396.291659897065,0.5199704142011834
1353,-3396.291659897065,0.5195861049519586
1354,-3396.291659897065,0.5192023633677991
1355,-3827.2589045145396,0.5195571955719557
1356,-3758.949718019159,0.5199115044247787
1357,-3532.2516823144556,0.5202652910832719
1358,-3628.4560787261357,0.520618556701031
1359,-3597.606095256272,0.5209713024282561
1360,-3096.9128193376214,0.5213235294117647
1361,-3464.922735094655,0.5216752387950037
1362,-3464.922735094655,0.5212922173274597
1363,-3717.8728635865855,0.5216434336023478
1364,-3717.8728635865855,0.5212609970674487
1365,-3717.8728635865855,0.5208791208791209
1366,-3717.8728635865855,0.5204978038067349
1367,-3717.8728635865855,0.5201170446232626
1368,-3717.8728635865855,0.5197368421052632
1369,-3717.8728635865855,0.5193571950328707
1370,-3717.8728635865855,0.518978102189781
1371,-3717.8728635865855,0.5185995623632386
1372,-3382.974375836965,0.5189504373177842
1373,-3382.974375836965,0.5185724690458849
1374,-3382.974375836965,0.5181950509461426
1375,-3382.974375836965,0.5178181818181818
1376,-3361.7953433404045,0.5181686046511628
1377,-3361.7953433404045,0.5177923021060276
1378,-3361.7953433404045,0.5174165457184325
1379,-3361.7953433404045,0.5170413343002176
1380,-3064.603253716103,0.5173913043478261
1381,-3878.8707752308587,0.5177407675597393
1382,-3615.1048153853244,0.5180897250361794
1383,-3978.979041480071,0.5184381778741866
1384,-3891.554828184568,0.5187861271676301
1385,-3891.554828184568,0.5184115523465704
1386,-3891.554828184568,0.5180375180375181
1387,-3891.554828184568,0.517664023071377
1388,-4160.299507249891,0.5180115273775217
1389,-4160.299507249891,0.5176385889128869
1390,-4160.299507249891,0.5172661870503598
1391,-3461.294272640785,0.5176132278936018
1392,-3461.294272640785,0.5172413793103449
1393,-3642.142214516816,0.5175879396984925
1394,-3642.142214516816,0.5172166427546628
1395,-3527.1578052602804,0.5175627240143369
1396,-3527.1578052602804,0.5171919770773639
1397,-3527.1578052602804,0.5168217609162491
1398,-3527.1578052602804,0.5164520743919886
1399,-4058.7099162441073,0.5167977126518942
1400,-3587.9190744444545,0.5171428571428571
1401,-3587.9190744444545,0.516773733047823
1402,-3587.9190744444545,0.5164051355206848
1403,-3296.102585324421,0.5167498218104063
1404,-3852.4974898273113,0.5170940170940171
1405,-3852.4974898273113,0.5167259786476869
1406,-4252.18710252074,0.5170697012802276
1407,-4252.18710252074,0.5167022032693674
1408,-4252.18710252074,0.5163352272727273
1409,-4093.4712045538245,0.5166784953867991
1410,-4093.4712045538245,0.5163120567375886
1411,-4093.4712045538245,0.515946137491141
1412,-4093.4712045538245,0.5155807365439093
1413,-4093.4712045538245,0.5152158527954707
1414,-4021.342366060338,0.5155586987270155
1415,-4021.342366060338,0.5151943462897527
1416,-3119.6351234170334,0.5155367231638418
1417,-4321.5415820532235,0.515878616796048
1418,-4321.5415820532235,0.5155148095909732
1419,-4439.659003534275,0.5158562367864693
1420,-4192.68264961769,0.5161971830985915
1421,-4192.68264961769,0.5158339197748065
1422,-4192.68264961769,0.5154711673699015
1423,-4192.68264961769,0.5151089248067463
1424,-4192.68264961769,0.514747191011236
1425,-4192.68264961769,0.5143859649122807
1426,-4192.68264961769,0.5140252454417953
1427,-4192.68264961769,0.5136650315346881
1428,-3923.4928629268115,0.5140056022408963
1429,-3923.4928629268115,0.5136459062281316
1430,-3792.635833921219,0.513986013986014
1431,-3792.635833921219,0.5136268343815513
1432,-3792.635833921219,0.513268156424581
1433,-3916.6869019839805,0.5136078157711096
1434,-3916.6869019839805,0.5132496513249651
1435,-3916.6869019839805,0.5128919860627178
1436,-3916.6869019839805,0.5125348189415042
1437,-4057.26581202536,0.5128740431454419
1438,-4254.846438186971,0.5132127955493742
1439,-4126.158918909829,0.5135510771369006
1440,-4126.158918909829,0.5131944444444444
1441,-4126.158918909829,0.5128383067314365
1442,-4126.158918909829,0.5124826629680999
1443,-3870.5697626418996,0.5128205128205128
1444,-3870.5697626418996,0.5124653739612188
1445,-3870.5697626418996,0.5121107266435986
1446,-3870.5697626418996,0.5117565698478561
1447,-3870.5697626418996,0.5114029025570145
1448,-3870.5697626418996,0.511049723756906
1449,-3412.5371922753716,0.5113871635610766
1450,-4052.2930642650535,0.5117241379310344
1451,-4424.575931477413,0.5120606478290833
1452,-4161.779405912135,0.512396694214876
1453,-4001.7681212778602,0.5127322780454233
1454,-4001.7681212778602,0.5123796423658872
1455,-4001.7681212778602,0.5120274914089347
1456,-4001.7681212778602,0.5116758241758241
1457,-3567.8658325511406,0.5120109814687714
1458,-3850.250946410848,0.5123456790123457
1459,-3850.250946410848,0.5119945167923236
1460,-3775.5920517123327,0.5123287671232877
1461,-4002.9531761140584,0.5126625598904859
1462,-4146.597498738686,0.5129958960328317
1463,-4146.597498738686,0.5126452494873548
1464,-4303.33712054324,0.5129781420765027
1465,-4303.33712054324,0.5126279863481229
1466,-4303.33712054324,0.5122783083219645
1467,-3918.319860053879,0.512610770279482
1468,-4034.2960811716093,0.5129427792915532
1469,-3825.6685747412425,0.5132743362831859
1470,-3825.6685747412425,0.5129251700680272
1471,-3825.6685747412425,0.512576478585996
1472,-3563.3943322427544,0.5129076086956522
1473,-3563.3943322427544,0.5125594025797692
1474,-3563.3943322427544,0.5122116689280869
1475,-3563.3943322427544,0.511864406779661
1476,-3563.3943322427544,0.5115176151761518
1477,-3655.632867592668,0.5118483412322274
1478,-4030.093278658138,0.5121786197564276
1479,-4030.093278658138,0.5118323191345504
1480,-4170.102576690653,0.5121621621621621
1481,-3767.82267511811,0.512491559756921
1482,-3770.0747889666595,0.5128205128205128
1483,-3353.007808061451,0.5131490222521915
1484,-3738.1661457505666,0.5134770889487871
1485,-3702.289801493177,0.5138047138047138
1486,-3633.4301287561643,0.5141318977119784
1487,-3633.4301287561643,0.5137861466039004
1488,-3540.893067912208,0.5141129032258065
1489,-3516.0925435307,0.5144392209536601
1490,-3516.0925435307,0.5140939597315436
1491,-3302.2552360482623,0.5144198524480215
1492,-3654.634535305428,0.514745308310992
1493,-3654.634535305428,0.5144005358338914
1494,-3654.634535305428,0.5140562248995983
1495,-3601.5821225103455,0.51438127090301
1496,-3601.5821225103455,0.5140374331550802
1497,-3439.2202410439813,0.5143620574482298
1498,-3439.2202410439813,0.514018691588785
1499,-3366.237096301286,0.514342895263509
1500,-3437.371412524241,0.5146666666666667
1501,-3282.8633308014932,0.5149900066622252
1502,-3525.921942831182,0.5153129161118508
1503,-3265.3037410194006,0.5156353958749168
1504,-3530.907491363403,0.5159574468085106
1505,-3530.907491363403,0.5156146179401994
1506,-3513.714000568808,0.5159362549800797
1507,-3425.8687204039447,0.5162574651625746
1508,-3419.805547452512,0.51657824933687
1509,-3419.805547452512,0.5162359178263751
1510,-3369.348398195488,0.5165562913907285
1511,-3373.1993743286457,0.5168762409000662
1512,-3361.2622970446596,0.5171957671957672
1513,-3363.2108266024557,0.5175148711169861
1514,-3363.2108266024557,0.5171730515191546
1515,-3306.2770809951876,0.5174917491749175
1516,-3673.865299737873,0.5178100263852242
1517,-3777.739126940135,0.5181278839815425
1518,-3777.739126940135,0.5177865612648221
1519,-3777.739126940135,0.5174456879526004
1520,-3657.316129295946,0.5177631578947368
1521,-3657.316129295946,0.517422748191979
1522,-3657.316129295946,0.5170827858081471
1523,-3657.316129295946,0.5167432698621143
1524,-3797.327446485451,0.5170603674540682
1525,-3797.327446485451,0.5167213114754098
1526,-3613.075721573998,0.5170380078636959
1527,-3684.9295599394377,0.5173542894564506
1528,-3589.0653805120205,0.5176701570680629
1529,-3589.0653805120205,0.5173315892740353
1530,-3986.1547464267355,0.5176470588235295
1531,-3986.1547464267355,0.5173089483997387
1532,-4068.6153901459506,0.5176240208877284
1533,-4068.6153901459506,0.5172863666014351
1534,-3677.485469772245,0.5176010430247718
1535,-3677.485469772245,0.5172638436482084
1536,-3677.485469772245,0.5169270833333334
1537,-3847.0977101396147,0.5172413793103449
1538,-3847.0977101396147,0.5169050715214565
1539,-3738.386065506979,0.5172189733593242
1540,-3738.386065506979,0.5168831168831168
1541,-4363.244739288054,0.5171966255678131
1542,-4363.244739288054,0.5168612191958496
1543,-3574.499654998315,0.5171743357096565
1544,-3842.249445669671,0.5174870466321243
1545,-3842.249445669671,0.5171521035598705
1546,-3842.249445669671,0.5168175937904269
1547,-3842.249445669671,0.5164835164835165
1548,-3904.569527244247,0.5167958656330749
1549,-3857.9897339101412,0.5171078114912847
1550,-4049.4479472268963,0.5174193548387097
1551,-3998.442607114135,0.5177304964539007
1552,-3998.442607114135,0.5173969072164949
1553,-3998.442607114135,0.5170637475853187
1554,-3998.442607114135,0.5167310167310167
1555,-3998.442607114135,0.5163987138263666
1556,-3998.442607114135,0.5160668380462725
1557,-4048.5915242574047,0.5163776493256262
1558,-3973.7440347848783,0.5166880616174583
1559,-3973.7440347848783,0.5163566388710712
1560,-3898.894477425708,0.5166666666666667
1561,-3862.3693752465974,0.5169762972453555
1562,-3862.3693752465974,0.5166453265044815
1563,-3747.906967569435,0.5169545745361485
1564,-3747.906967569435,0.5166240409207161
1565,-3663.4404463087694,0.5169329073482428
1566,-3663.4404463087694,0.5166028097062579
1567,-3663.4404463087694,0.5162731333758774
1568,-3880.7138228765753,0.5165816326530612
1569,-3520.0162126257783,0.5168897386870618
1570,-4255.133495871071,0.5171974522292994
1571,-4255.133495871071,0.5168682367918523
1572,-4255.133495871071,0.5165394402035624
1573,-4255.133495871071,0.5162110616656072
1574,-4020.0492237677463,0.5165184243964421
1575,-4020.0492237677463,0.5161904761904762
1576,-4020.0492237677463,0.5158629441624365
1577,-4116.208186441851,0.5161699429296132
1578,-4244.178404680485,0.5164765525982256
1579,-3979.319994264478,0.5167827739075365
1580,-3979.319994264478,0.5164556962025316
1581,-3831.514664787788,0.5167615433270082
1582,-3941.6891280982836,0.5170670037926675
1583,-3941.6891280982836,0.5167403663929249
1584,-3941.6891280982836,0.5164141414141414
1585,-3916.9825691838028,0.5167192429022082
1586,-3813.0255808305437,0.5170239596469105
1587,-3813.0255808305437,0.516698172652804
1588,-3813.0255808305437,0.5163727959697733
1589,-3813.0255808305437,0.5160478288231592
1590,-3698.0744802399413,0.5163522012578616
1591,-3698.0744802399413,0.5160276555625393
1592,-3982.571000069631,0.5163316582914573
1593,-3928.784321705333,0.5166352793471437
1594,-4085.372893014408,0.5169385194479298
1595,-3819.1436907834654,0.5172413793103449
1596,-3935.979545250186,0.5175438596491229
1597,-3935.979545250186,0.5172197871008141
1598,-3871.6044832338516,0.5175219023779725
1599,-3841.044875363872,0.5178236397748592
1600,-3841.044875363872,0.5175
1601,-3643.094444130971,0.5178013741411618
1602,-3425.9090235453914,0.5181023720349563
1603,-3425.9090235453914,0.5177791640673737
1604,-3425.9090235453914,0.5174563591022444
1605,-3898.845849721918,0.5177570093457944
1606,-4053.0309550182483,0.5180572851805728
1607,-4053.0309550182483,0.5177349097697573
1608,-4053.0309550182483,0.5174129353233831
1609,-4075.721764595928,0.5177128651336234
1610,-4232.687909420305,0.5180124223602485
1611,-3999.4360098117827,0.5183116076970825
1612,-3159.6272128427536,0.5186104218362283
1613,-4306.9644965746475,0.5189088654680719
1614,-4306.9644965746475,0.5185873605947955
1615,-4596.915062316464,0.5188854489164086
1616,-4596.915062316464,0.5185643564356436
1617,-4596.915062316464,0.518243661100804
1618,-4361.852731597632,0.5185414091470952
1619,-4361.852731597632,0.5182211241507103
1620,-4382.46808872231,0.5185185185185185
1621,-4382.46808872231,0.5181986428130784
1622,-3780.5543706830995,0.5184956843403206
1623,-3780.5543706830995,0.5181762168823167
1624,-3780.5543706830995,0.5178571428571429
1625,-3780.5543706830995,0.5175384615384615
1626,-4005.225650650888,0.5178351783517835
1627,-3429.0743440684146,0.5181315304240934
1628,-3429.0743440684146,0.5178132678132679
1629,-4473.837103546438,0.518109269490485
1630,-4072.3608113254945,0.5184049079754601
1631,-4072.3608113254945,0.5180870631514408
1632,-4072.3608113254945,0.5177696078431373
1633,-3869.406316348566,0.5180649112063687
1634,-3869.406316348566,0.5177478580171359
1635,-3869.406316348566,0.5174311926605505
1636,-3869.406316348566,0.5171149144254279
1637,-3869.406316348566,0.5167990226023214
1638,-3560.717950191507,0.5170940170940171
1639,-2648.123116149514,0.5173886516168396
1640,-3833.353546177944,0.5176829268292683
1641,-3833.353546177944,0.5173674588665448
1642,-3833.353546177944,0.5170523751522533
1643,-3220.076123342083,0.5173463177115033
1644,-3220.076123342083,0.5170316301703163
1645,-1014.2651329299484,0.5173252279635259
1646,-1014.2651329299484,0.517010935601458
1647,-3912.26284983638,0.517304189435337
1648,-2157.418009557166,0.5175970873786407
1649,-3697.596146520438,0.5178896300788357
1650,-4065.4799019173665,0.5181818181818182
1651,-3373.277405922787,0.51847365233192
1652,-3794.0077248619596,0.5187651331719129
1653,-3794.0077248619596,0.5184513006654567
1654,-3382.589446259298,0.5187424425634825
1655,-3382.589446259298,0.518429003021148
1656,-3382.589446259298,0.5181159420289855
1657,-3382.589446259298,0.5178032589016295
1658,-3382.589446259298,0.517490952955368
1659,-3512.497733825077,0.517781796262809
1660,-3512.497733825077,0.5174698795180723
1661,-3512.497733825077,0.5171583383503914
1662,-3442.7383617740525,0.5174488567990373
1663,-3442.7383617740525,0.5171377029464823
1664,-3442.7383617740525,0.5168269230769231
1665,-3442.7383617740525,0.5165165165165165
1666,-3447.3550119774354,0.5168067226890757
1667,-2840.70342023349,0.5170965806838632
1668,-3616.492637228471,0.5173860911270983
1669,-3648.9389415916385,0.5176752546434991
1670,-3725.190513985905,0.5179640718562875
1671,-3369.7076278844324,0.5182525433871933
1672,-3369.7076278844324,0.5179425837320574
1673,-3369.7076278844324,0.5176329946204423
1674,-3369.7076278844324,0.5173237753882916
1675,-3369.7076278844324,0.5170149253731343
1676,-3369.7076278844324,0.5167064439140812
1677,-2982.6698787264677,0.516994633273703
1678,-3692.905804520034,0.5172824791418356
1679,-2039.9731851977026,0.5175699821322216
1680,-3542.1983242381325,0.5178571428571429
1681,-4121.593367451898,0.5181439619274242
1682,-3575.450542964276,0.5184304399524375
1683,-3575.450542964276,0.5181224004753416
1684,-3575.450542964276,0.517814726840855
1685,-3571.5989368083447,0.5181008902077151
1686,-3571.5989368083447,0.5177935943060499
1687,-3780.4820149321245,0.5180794309425015
1688,-3780.4820149321245,0.5177725118483413
1689,-3780.4820149321245,0.5174659561870929
1690,-3486.580081461059,0.5177514792899408
1691,-3486.580081461059,0.5174452986398581
1692,-3432.4412444193404,0.5177304964539007
1693,-3298.7542893496166,0.5180153573538098
1694,-3298.7542893496166,0.5177095631641087
1695,-3298.7542893496166,0.5174041297935104
1696,-3125.9183109248097,0.5176886792452831
1697,-3298.0971733616857,0.5179728933411903
1698,-3182.5908622488055,0.5182567726737338
1699,-3182.5908622488055,0.5179517363154797
1700,-3104.911307395504,0.518235294117647
1701,-3025.4627022735813,0.5185185185185185
1702,-3006.0999917856166,0.518801410105758
1703,-3911.0861577372843,0.5190839694656488
1704,-3911.0861577372843,0.5187793427230047
1705,-3379.1289976058265,0.5190615835777126
1706,-3387.453657733791,0.5193434935521688
1707,-3540.2699945189784,0.5196250732278852
1708,-3424.7937175144066,0.5199063231850117
1709,-3424.7937175144066,0.5196021064950264
1710,-3335.113083863494,0.5198830409356725
1711,-3185.7465161067366,0.5201636469900643
1712,-3771.4705275073006,0.5204439252336449
1713,-3771.4705275073006,0.5201401050788091
1714,-3486.6657848277378,0.5204200700116686
1715,-3486.6657848277378,0.5201166180758018
1716,-3205.707226542484,0.5203962703962703
1717,-3205.707226542484,0.5200931857891672
1718,-3459.653447460812,0.5203725261932479
1719,-3559.4325104186705,0.52065154159395
1720,-3559.4325104186705,0.5203488372093024
1721,-3559.4325104186705,0.5200464846019756
1722,-3381.311548422417,0.5203252032520326
1723,-3371.0389278011307,0.5206035983749274
1724,-3371.0389278011307,0.5203016241299304
1725,-3371.0389278011307,0.52
1726,-3371.0389278011307,0.5196987253765932
1727,-3441.4059821461706,0.519976838448176
1728,-3441.4059821461706,0.5196759259259259
1729,-3407.6622151265155,0.5199537304800462
1730,-3407.6622151265155,0.5196531791907515
1731,-3489.931014114388,0.5199306759098787
1732,-3489.931014114388,0.5196304849884527
1733,-3489.931014114388,0.51933064050779
1734,-3489.931014114388,0.5190311418685121
1735,-3489.931014114388,0.5187319884726225
1736,-3225.913798362349,0.5190092165898618
1737,-3225.913798362349,0.5187104202648244
1738,-3212.756110183112,0.5189873417721519
1739,-3231.987753122227,0.5192639447958597
1740,-3231.987753122227,0.5189655172413793
1741,-3277.216572433842,0.5192418150488225
1742,-3277.216572433842,0.5189437428243399
1743,-3277.216572433842,0.5186460126219162
1744,-3359.6479214695432,0.5189220183486238
1745,-3359.6479214695432,0.5186246418338109
1746,-3359.6479214695432,0.518327605956472
1747,-3359.6479214695432,0.5180309101316543
1748,-3359.6479214695432,0.5177345537757437
1749,-3359.6479214695432,0.5174385363064609
1750,-3359.6479214695432,0.5171428571428571
1751,-3359.6479214695432,0.5168475157053113
1752,-3359.6479214695432,0.5165525114155252
1753,-3346.1259934898458,0.5168282943525385
1754,-3346.1259934898458,0.5165336374002281
1755,-3555.938549022755,0.5168091168091168
1756,-3275.372194375527,0.5170842824601367
1757,-3275.372194375527,0.5167899829254411
1758,-3275.372194375527,0.5164960182025028
1759,-3275.372194375527,0.5162023877202956
1760,-3535.6565962443574,0.5164772727272727
1761,-3535.6565962443574,0.5161839863713799
1762,-3535.6565962443574,0.5158910329171397
1763,-3414.633927828697,0.5161656267725468
1764,-3414.633927828697,0.5158730158730159
1765,-3414.085132500014,0.5161473087818697
1766,-3414.085132500014,0.515855039637599
1767,-3414.085132500014,0.5155631013016412
1768,-3414.085132500014,0.5152714932126696
1769,-3414.085132500014,0.5149802148106275
1770,-3439.2403891832637,0.5152542372881356
1771,-3472.652854698976,0.515527950310559
1772,-3221.74697645475,0.5158013544018059
1773,-3221.74697645475,0.5155104342921601
1774,-3221.74697645475,0.5152198421645998
1775,-3262.9731057046756,0.5154929577464789
1776,-3262.9731057046756,0.5152027027027027
1777,-3262.9731057046756,0.5149127743387732
1778,-3127.0560802109453,0.515185601799775
1779,-3127.0560802109453,0.5148960089938167
1780,-3474.7136687928055,0.5151685393258427
1781,-3474.7136687928055,0.5148792813026389
1782,-3474.7136687928055,0.5145903479236813
1783,-3404.330596625432,0.5148625911385306
1784,-3428.8099813826852,0.5151345291479821
1785,-3318.225717283812,0.5154061624649859
1786,-3550.4199604357204,0.5156774916013438
1787,-3625.2403926264146,0.5159485170677113
1788,-3625.2403926264146,0.5156599552572707
1789,-3625.2403926264146,0.5153717160424819
1790,-3625.2403926264146,0.5150837988826815
1791,-3625.2403926264146,0.5147962032384142
1792,-3251.764550864903,0.5150669642857143
1793,-3251.764550864903,0.5147796988287786
1794,-3493.044080193502,0.5150501672240803
1795,-2827.0224841023037,0.5153203342618384
1796,-3563.371516557734,0.5155902004454342
1797,-3563.371516557734,0.5153032832498609
1798,-3563.371516557734,0.5150166852057843
1799,-3563.371516557734,0.5147304057809894
1800,-3563.371516557734,0.5144444444444445
1801,-3397.708473500797,0.5147140477512493
1802,-3397.708473500797,0.5144284128745837
1803,-3433.0194510825613,0.5146977260122019
1804,-3568.2137543012254,0.5149667405764967
1805,-3568.2137543012254,0.5146814404432133
1806,-3319.426535213937,0.5149501661129569
1807,-3319.426535213937,0.5146651909241837
1808,-3319.426535213937,0.5143805309734514
1809,-3319.426535213937,0.5140961857379768
1810,-3261.3249914757744,0.5143646408839779
1811,-3135.857720856661,0.5146327995582551
1812,-3135.857720856661,0.5143487858719646
1813,-3239.8143578783984,0.5146166574738004
1814,-2571.9202180363523,0.5148842337375965
1815,-3574.160922732662,0.5151515151515151
1816,-3574.160922732662,0.5148678414096917
1817,-3574.160922732662,0.5145844799119428
1818,-3692.9447741887134,0.5148514851485149
1819,-3121.4640713313047,0.5151181968114349
1820,-3643.1948727252243,0.5153846153846153
1821,-3572.2523365196735,0.515650741350906
1822,-3572.2523365196735,0.5153677277716795
1823,-3572.2523365196735,0.5150850246845858
1824,-1515.967571862179,0.5153508771929824
1825,-3831.7179795012044,0.5156164383561643
1826,-2725.0829584380076,0.515881708652793
1827,-2725.0829584380076,0.5155993431855501
1828,-4537.031491503396,0.5158643326039387
1829,-3775.0937426120136,0.5161290322580645
1830,-3745.2698913594213,0.5163934426229508
1831,-3745.2698913594213,0.5161114145275806
1832,-3745.2698913594213,0.5158296943231441
1833,-3827.184433185706,0.5160938352427714
1834,-3827.184433185706,0.5158124318429662
1835,-3827.184433185706,0.5155313351498637
1836,-3827.184433185706,0.5152505446623094
1837,-3827.184433185706,0.5149700598802395
1838,-3827.184433185706,0.514689880304679
1839,-3827.184433185706,0.5144100054377378
1840,-3827.184433185706,0.5141304347826087
1841,-2585.5929305515583,0.5143943508962521
1842,-2585.5929305515583,0.5141150922909881
1843,-2585.5929305515583,0.5138361367335865
1844,50.32795507192518,0.5140997830802603
1845,-3277.0429263141077,0.5143631436314363
1846,-3277.0429263141077,0.5140845070422535
1847,-3277.0429263141077,0.5138061721710883
1848,-3277.0429263141077,0.5135281385281385
1849,-3277.0429263141077,0.513250405624662
1850,-3277.0429263141077,0.512972972972973
1851,-3277.0429263141077,0.5126958400864398
1852,-3451.1401711454255,0.5129589632829373
1853,-3451.1401711454255,0.5126821370750135
1854,-3451.1401711454255,0.5124056094929881
1855,-4449.666014101625,0.5126684636118598
1856,-1770.1259764370855,0.5129310344827587
1857,-1770.1259764370855,0.5126548196015078
1858,-2562.2424122581083,0.5129171151776103
1859,-2562.2424122581083,0.5126412049488973
1860,-2562.2424122581083,0.5123655913978494
1861,-3069.8265634067197,0.5126276195593766
1862,-3069.8265634067197,0.5123523093447906
1863,-3069.8265634067197,0.5120772946859904
1864,-3849.9350437517073,0.5123390557939914
1865,-3525.1861676817794,0.5126005361930295
1866,-3525.1861676817794,0.5123258306538049
1867,-3786.179693472943,0.5125870380289234
1868,-3786.179693472943,0.5123126338329764
1869,-4383.690895310943,0.512573568753344
1870,-4146.808144460413,0.5128342245989305
1871,-3517.6499652678554,0.51309460181721
1872,-3517.6499652678554,0.5128205128205128
1873,-4170.251800985914,0.5130806193272824
1874,-4276.051474930091,0.5133404482390609
1875,-4284.677291611667,0.5136
1876,-4403.5986931234365,0.5138592750533049
1877,-3355.0874063992064,0.514118273841236
1878,-3355.0874063992064,0.5138445154419595
1879,-3355.0874063992064,0.513571048430016
1880,-4299.205957677392,0.5138297872340426
1881,-3976.6679657998257,0.5140882509303561
1882,-3602.7028648897603,0.5143464399574921
1883,-3602.7028648897603,0.514073287307488
1884,-4200.419491069161,0.5143312101910829
1885,-3782.271231983017,0.5145888594164456
1886,-3782.271231983017,0.5143160127253447
1887,-4173.33055305459,0.5145733969263381
1888,-4098.733769808233,0.5148305084745762
1889,-4098.733769808233,0.5145579671784013
1890,-4098.733769808233,0.5142857142857142
1891,-4098.733769808233,0.514013749338974
1892,-4098.733769808233,0.5137420718816068
1893,-4098.733769808233,0.5134706814580031
1894,-4204.410113633392,0.513727560718057
1895,-4255.866693314371,0.5139841688654354
1896,-4163.294372164594,0.5142405063291139
1897,-4163.294372164594,0.5139694254085398
1898,-4137.091361198332,0.5142255005268704
1899,-4137.091361198332,0.5139547130068457
1900,-4137.091361198332,0.5136842105263157
1901,-4241.3260790710165,0.5139400315623356
1902,-4241.3260790710165,0.5136698212407992
1903,-4097.857374214507,0.5139253809774041
1904,-4097.857374214507,0.5136554621848739
1905,-3833.6275969974017,0.5139107611548557
1906,-3833.6275969974017,0.5136411332633788
1907,-3833.6275969974017,0.513371788148925
1908,-3714.9015862488136,0.5136268343815513
1909,-3714.9015862488136,0.5133577789418544
1910,-3388.153957912454,0.5136125654450262
1911,-3388.153957912454,0.5133437990580848
1912,-3388.153957912454,0.5130753138075314
1913,-3737.2974973417313,0.5133298484056456
1914,-3754.139077336903,0.5135841170323929
1915,-3754.139077336903,0.5133159268929504
1916,-3754.139077336903,0.5130480167014614
1917,-3375.7145333304343,0.513302034428795
1918,-3375.7145333304343,0.5130344108446299
1919,-3684.3423621522343,0.5132881709223553
1920,-3724.2330327579302,0.5135416666666667
1921,-3724.2330327579302,0.5132743362831859
1922,-3724.2330327579302,0.5130072840790842
1923,-3124.816445407138,0.5132605304212169
1924,-3124.816445407138,0.512993762993763
1925,-3087.9987460763164,0.5132467532467533
1926,-2249.3495736232944,0.5134994807892004
1927,-3769.9787711886665,0.5137519460300985
1928,-3769.9787711886665,0.5134854771784232
1929,-3453.6804262956134,0.5137376879212027
1930,-3453.6804262956134,0.5134715025906735
1931,-3748.376298002304,0.5137234593474883
1932,-3848.918064560687,0.5139751552795031
1933,-3848.918064560687,0.5137092602172788
1934,-3848.918064560687,0.5134436401240952
1935,-3848.918064560687,0.5131782945736434
1936,-3635.4383453239043,0.5134297520661157
1937,-3635.4383453239043,0.5131646876613319
1938,-3635.4383453239043,0.5128998968008256
1939,-4065.9926217457014,0.5131511088189789
1940,-4065.9926217457014,0.5128865979381443
1941,-3926.501704679787,0.5131375579598145
1942,-3329.04976378049,0.5133882595262615
1943,-3329.04976378049,0.5131240349974266
1944,-2754.301333035963,0.5133744855967078
1945,-3637.0698981598307,0.513624678663239
1946,-3637.0698981598307,0.513360739979445
1947,-3637.0698981598307,0.5130970724191063
1948,-3637.0698981598307,0.5128336755646817
1949,-3637.0698981598307,0.512570548999487
1950,-3637.0698981598307,0.5123076923076924
1951,-3637.0698981598307,0.5120451050743209
1952,-3769.2389375223943,0.5122950819672131
1953,-2930.8481047377086,0.5125448028673835
1954,-3078.38959448114,0.5127942681678608
1955,-3649.520621740741,0.5130434782608696
1956,-3961.584969897998,0.5132924335378323
1957,-3961.584969897998,0.513030148185999
1958,-3621.0928339314937,0.5132788559754852
1959,-3621.0928339314937,0.5130168453292496
1960,-4168.395063545148,0.513265306122449
1961,-3812.24338548147,0.5135135135135135
1962,-3913.2681291208864,0.5137614678899083
1963,-3570.658843144516,0.5140091696383087
1964,-3559.287480115465,0.5142566191446029
1965,-3772.8309898347834,0.5145038167938931
1966,-3663.276994881647,0.5147507629704985
1967,-3663.276994881647,0.514489069649212
1968,-3663.276994881647,0.5142276422764228
1969,-3663.276994881647,0.5139664804469274
1970,-3761.8067172151145,0.5142131979695431
1971,-4404.504461118087,0.5144596651445966
1972,-3954.5721170959278,0.5147058823529411
1973,-3626.3939184818405,0.5149518499746579
1974,-4186.331512391131,0.5151975683890577
1975,-4186.331512391131,0.5149367088607595
1976,-4186.331512391131,0.5146761133603239
1977,-3947.7448300522597,0.514921598381386
1978,-3947.7448300522597,0.5146612740141557
1979,-3947.7448300522597,0.5144012127337039
1980,-3947.7448300522597,0.5141414141414141
1981,-3535.175649759513,0.5143866733972741
1982,-3535.175649759513,0.5141271442986882
1983,-4277.010246243442,0.5143721633888049
1984,-4044.5142377789,0.514616935483871
1985,-4164.408446106525,0.5148614609571789
1986,-4164.408446106525,0.5146022155085599
1987,-4164.408446106525,0.5143432310015098
1988,-4164.408446106525,0.5140845070422535
1989,-4164.408446106525,0.5138260432378079
1990,-4164.408446106525,0.5135678391959799
1991,-4247.61697643604,0.5138121546961326
1992,-4247.61697643604,0.5135542168674698
1993,-4247.61697643604,0.5132965378825891
1994,-4247.61697643604,0.5130391173520562
1995,-4384.542478613381,0.5132832080200501
1996,-4384.542478613381,0.5130260521042084
1997,-4384.542478613381,0.5127691537305958
1998,-4384.542478613381,0.5125125125125125
1999,-4283.656821096643,0.5127563781890946
2000,-4327.714738635279,0.513
2001,-4164.811970565007,0.5132433783108445
2002,-4164.811970565007,0.512987012987013
2003,-4164.811970565007,0.5127309036445332
2004,-4164.811970565007,0.5124750499001997
2005,-4164.811970565007,0.5122194513715711
2006,-4164.811970565007,0.5119641076769691
2007,-4165.965139063063,0.5122072745391131
2008,-4165.965139063063,0.5119521912350598
2009,-3839.7759914915823,0.5121951219512195
2010,-3839.7759914915823,0.5119402985074627
2011,-3839.7759914915823,0.511685728493287
2012,-3839.7759914915823,0.5114314115308151
2013,-4269.859063670355,0.5116741182314953
2014,-4269.859063670355,0.5114200595829196
2015,-4269.859063670355,0.511166253101737
2016,-3781.622251957672,0.5114087301587301
2017,-4569.786625062047,0.51165096678235
2018,-4569.786625062047,0.5113974231912785
2019,-4569.786625062047,0.5111441307578009
2020,-4533.723875391745,0.5113861386138614
2021,-4400.439831333159,0.5116279069767442
2022,-4400.439831333159,0.5113748763600395
2023,-4202.211680323042,0.5116164112703905
2024,-4240.20556020344,0.5118577075098815
2025,-4240.20556020344,0.5116049382716049
2026,-4240.20556020344,0.5113524185587365
2027,-4240.20556020344,0.5111001480019733
2028,-3976.2793532869287,0.5113412228796844
2029,-3976.2793532869287,0.5110892065056678
2030,-4190.912026630689,0.5113300492610837
2031,-4075.7594495016465,0.5115706548498277
2032,-4003.0969488481446,0.5118110236220472
2033,-4158.518268835147,0.5120511559272012
2034,-4158.518268835147,0.5117994100294986
2035,-3932.726066148413,0.5120393120393121
2036,-3932.726066148413,0.5117878192534381
2037,-3879.411072226834,0.5120274914089347
2038,-3879.411072226834,0.5117762512266928
2039,-3879.411072226834,0.5115252574791564
2040,-3960.4676495652725,0.5117647058823529
2041,-3960.4676495652725,0.5115139637432631
2042,-3054.5154775129004,0.5117531831537708
2043,-3054.5154775129004,0.5115026921194322
2044,-3054.5154775129004,0.511252446183953
2045,-3054.5154775129004,0.511002444987775
2046,-3912.154752084596,0.5112414467253177
2047,-3912.154752084596,0.5109916951636542
2048,-3912.154752084596,0.5107421875
2049,-3912.154752084596,0.5104929233772572
2050,-3912.154752084596,0.5102439024390244
2051,-3279.3077087342735,0.5104826913700634
2052,-3956.1568991125414,0.5107212475633528
2053,-3956.1568991125414,0.5104724792985874
2054,-3956.1568991125414,0.5102239532619279
2055,-3956.1568991125414,0.5099756690997567
2056,-3297.178672019286,0.5102140077821011
2057,-4246.603885755814,0.5104521147301896
2058,-4247.867638078947,0.510689990281827
2059,-4247.867638078947,0.5104419621175328
2060,-4247.867638078947,0.5101941747572816
2061,-4187.258873095987,0.5104318292091218
2062,-4187.258873095987,0.510184287099903
2063,-4187.258873095987,0.5099369849733398
2064,-4187.258873095987,0.5096899224806202
2065,-4187.258873095987,0.5094430992736078
2066,-4440.345853854713,0.5096805421103582
2067,-4440.345853854713,0.5094339622641509
2068,-4020.5802572120997,0.5096711798839458
2069,-4020.5802572120997,0.5094248429192847
2070,-4020.5802572120997,0.5091787439613527
2071,-3998.076304066795,0.509415741187832
2072,-3998.076304066795,0.5091698841698842
2073,-4034.3649663548913,0.5094066570188133
2074,-4140.352862924074,0.5096432015429122
2075,-4140.352862924074,0.5093975903614458
2076,-4140.352862924074,0.5091522157996147
2077,-4140.352862924074,0.5089070775156476
2078,-4140.352862924074,0.5086621751684312
2079,-4140.352862924074,0.5084175084175084
2080,-4147.081926783273,0.5086538461538461
2081,-4147.081926783273,0.5084094185487746
2082,-3779.7723458408855,0.5086455331412104
2083,-3831.9594919070487,0.5088814210273643
2084,-3831.9594919070487,0.508637236084453
2085,-3850.456385609785,0.5088729016786571
2086,-3850.456385609785,0.5086289549376798
2087,-3799.168307014137,0.5088643986583613
2088,-3860.5406706597837,0.5090996168582376
2089,-3825.0324620436445,0.5093346098611776
2090,-3997.9699780614187,0.5095693779904307
2091,-3848.56629339494,0.5098039215686274
2092,-3924.3469991554757,0.510038240917782
2093,-3924.3469991554757,0.5097945532728141
2094,-3924.3469991554757,0.5095510983763133
2095,-3840.6329786791557,0.5097852028639618
2096,-3851.641542655915,0.5100190839694656
2097,-3851.641542655915,0.5097758702908918
2098,-3851.641542655915,0.509532888465205
2099,-3871.0015771593517,0.5097665555026203
2100,-3871.0015771593517,0.5095238095238095
2101,-3871.0015771593517,0.5092812946216088
2102,-3845.455722641672,0.5095147478591817
2103,-3845.455722641672,0.5092724679029957
2104,-3924.6249828939294,0.5095057034220533
2105,-3991.3399685926142,0.5097387173396675
2106,-3991.3399685926142,0.5094966761633428
2107,-3544.6385124988105,0.5097294731846227
2108,-3544.6385124988105,0.5094876660341556
2109,-4159.077063563549,0.5097202465623518
2110,-4167.8395321297585,0.5099526066350711
2111,-4167.8395321297585,0.5097110374230223
2112,-4167.8395321297585,0.509469696969697
2113,-4167.8395321297585,0.5092285849503077
2114,-3333.6573812921893,0.5094607379375591
2115,-3881.0815948532727,0.509692671394799
2116,-3881.0815948532727,0.5094517958412098
2117,-3881.0815948532727,0.5092111478507322
2118,-3199.521537145158,0.5094428706326724
2119,-3199.521537145158,0.50920245398773
2120,-3199.521537145158,0.5089622641509434
2121,-4229.47968584507,0.5091937765205092
2122,-4229.47968584507,0.5089538171536286
2123,-4229.47968584507,0.5087140838436175
2124,-3162.2666789108157,0.5089453860640302
2125,-3266.623633341257,0.5091764705882353
2126,-4047.4453439520476,0.5094073377234243
2127,-3539.045708879261,0.5096379877762106
2128,-3539.045708879261,0.5093984962406015
2129,-4179.2360462789975,0.5096289337717238
2130,-4179.2360462789975,0.5093896713615024
2131,-4225.67843341591,0.5096198967620835
2132,-4105.900213159581,0.5098499061913696
2133,-4105.900213159581,0.5096108766994843
2134,-4105.900213159581,0.5093720712277413
2135,-4108.067129199519,0.5096018735362998
2136,-4108.067129199519,0.5093632958801498
2137,-4108.067129199519,0.5091249415067852
2138,-3681.4108531780284,0.509354536950421
2139,-3566.3276226767084,0.50958391771856
2140,-3566.3276226767084,0.5093457943925234
2141,-3551.737136947779,0.5095749649696404
2142,-3551.737136947779,0.5093370681605975
2143,-3551.737136947779,0.5090993933737751
2144,-3551.737136947779,0.5088619402985075
2145,-3551.737136947779,0.5086247086247087
2146,-3757.96395225013,0.5088536812674743
2147,-3757.96395225013,0.5086166744294365
2148,-3757.96395225013,0.5083798882681564
2149,-3549.798738453509,0.5086086551884598
2150,-3549.798738453509,0.5083720930232558
2151,-3549.798738453509,0.5081357508135751
2152,-3326.7258029573823,0.508364312267658
2153,-3749.557925088061,0.5085926614026939
2154,-3186.58392294466,0.5088207985143919
2155,-3119.6451135674333,0.5090487238979118
2156,-3046.3680130989696,0.5092764378478665
2157,-3046.3680130989696,0.5090403337969402
2158,-3046.3680130989696,0.5088044485634847
2159,-3046.3680130989696,0.508568781843446
2160,-3634.665936703554,0.5087962962962963
2161,-3634.665936703554,0.5085608514576585
2162,-3634.665936703554,0.5083256244218316
2163,-3634.665936703554,0.5080906148867314
2164,-3634.665936703554,0.5078558225508318
2165,-3634.665936703554,0.5076212471131639
2166,-3616.862890933699,0.5078485687903971
2167,-3580.550058669812,0.5080756806645131
2168,-2755.6538434250715,0.5083025830258303
2169,-2755.6538434250715,0.508068234209313
2170,-4367.3433207651715,0.5082949308755761
2171,-4367.3433207651715,0.5080608014739751
2172,-4367.3433207651715,0.5078268876611418
2173,-3965.82441318187,0.5080533824206167
2174,-3965.82441318187,0.5078196872125115
2175,-3965.82441318187,0.5075862068965518
2176,-3965.82441318187,0.5073529411764706
2177,-3462.1368015881953,0.5075792374827744
2178,-3720.588825208852,0.5078053259871441
2179,-4184.680199846373,0.5080312069756769
2180,-4189.077888084472,0.5082568807339449
2181,-4189.077888084472,0.5080238422741862
2182,-4189.077888084472,0.5077910174152154
2183,-3857.9267773040583,0.5080164910673385
2184,-3857.9267773040583,0.5077838827838828
2185,-3857.9267773040583,0.5075514874141877
2186,-3857.9267773040583,0.5073193046660567
2187,-3763.431009289007,0.5075445816186557
2188,-3718.6546552768536,0.5077696526508226
2189,-3718.6546552768536,0.507537688442211
2190,-3718.6546552768536,0.5073059360730594
2191,-3718.6546552768536,0.507074395253309
2192,-3718.6546552768536,0.5068430656934306
2193,-3844.520600701178,0.5070679434564523
2194,-3688.834971929249,0.5072926162260711
2195,-3688.834971929249,0.5070615034168565
2196,-3489.870932539783,0.5072859744990893
2197,-3489.870932539783,0.5070550751024124
2198,-3489.870932539783,0.5068243858052776
2199,-3489.870932539783,0.506593906321055
2200,-3489.870932539783,0.5063636363636363
2201,-3489.870932539783,0.506133575647433
2202,-3751.6715255073204,0.5063578564940963
2203,-3599.090471239675,0.5065819337267363
2204,-3599.090471239675,0.5063520871143375
2205,-3604.0463257898427,0.5065759637188209
2206,-3604.0463257898427,0.5063463281958296
2207,-3747.0968125672925,0.5065700045310376
2208,-3747.0968125672925,0.5063405797101449
2209,-3655.778892443229,0.5065640561339972
2210,-3655.778892443229,0.5063348416289593
2211,-3772.6608505444437,0.506558118498417
2212,-3772.6608505444437,0.5063291139240507
2213,-3772.6608505444437,0.5061003163126977
2214,-3788.433019188772,0.506323396567299
2215,-3788.433019188772,0.5060948081264108
2216,-3847.99828542359,0.5063176895306859
2217,-3847.99828542359,0.5060893098782138
2218,-3508.594988221279,0.5063119927862939
2219,-3689.947546693066,0.5065344749887337
2220,-3761.7264455934796,0.5067567567567568
2221,-3761.7264455934796,0.5065285907248986
2222,-3743.838807052328,0.5067506750675067
2223,-3667.307899334264,0.5069725596041386
2224,-3667.307899334264,0.5067446043165468
2225,-3764.5520436101765,0.5069662921348315
2226,-3764.5520436101765,0.5067385444743935
2227,-3764.5520436101765,0.5065110013471037
2228,-3764.5520436101765,0.5062836624775583
2229,-3660.5169754236763,0.5065051592642441
2230,-3660.5169754236763,0.5062780269058296
2231,-3798.2765654401387,0.5064993276557598
2232,-3798.2765654401387,0.5062724014336918
2233,-3798.2765654401387,0.5060456784594716
2234,-4068.1571387070676,0.5062667860340196
2235,-4068.1571387070676,0.5060402684563758
2236,-4068.1571387070676,0.5058139534883721
2237,-4068.1571387070676,0.5055878408582923
2238,-3833.120818474152,0.5058087578194816
2239,-3833.120818474152,0.5055828494863779
2240,-3833.120818474152,0.5053571428571428
2241,-3833.120818474152,0.5051316376617582
2242,-3878.566965941491,0.5053523639607493
2243,-3878.566965941491,0.5051270619705751
2244,-3823.782274699504,0.5053475935828877
2245,-3750.735409598863,0.5055679287305123
2246,-3862.9674752807346,0.5057880676758683
2247,-3862.9674752807346,0.5055629728526925
2248,-3862.9674752807346,0.505338078291815
2249,-3606.2004746064736,0.5055580257892397
2250,-3694.85118563931,0.5057777777777778
2251,-3694.85118563931,0.5055530875166593
2252,-3559.0239155846525,0.5057726465364121
2253,-3559.0239155846525,0.5055481580115402
2254,-3559.0239155846525,0.5053238686779059
2255,-3559.0239155846525,0.50509977827051
2256,-3560.8239994835963,0.5053191489361702
2257,-3940.9779490000083,0.5055383252104564
2258,-3765.7859838143186,0.5057573073516386
2259,-3871.159706866278,0.5059760956175299
2260,-3871.159706866278,0.5057522123893805
2261,-3871.159706866278,0.5055285272003538
2262,-3870.9384436385844,0.5057471264367817
2263,-3870.9384436385844,0.5055236411842686
2264,-3958.8816160833685,0.5057420494699647
2265,-3850.147984419086,0.5059602649006623
2266,-3778.5304362105608,0.5061782877316858
2267,-4104.846679548913,0.5063961182179091
2268,-4104.846679548913,0.5061728395061729
2269,-4104.846679548913,0.5059497576024681
2270,-3907.6308471259804,0.5061674008810573
2271,-3701.1801044853387,0.5063848524878908
2272,-3711.782512245973,0.5066021126760564
2273,-3484.8042766962544,0.5068191816981962
2274,-3484.8042766962544,0.5065963060686016
2275,-3788.731380140598,0.5068131868131868
2276,-3788.731380140598,0.5065905096660809
2277,-3788.731380140598,0.5063680281071585
2278,-3917.881288831529,0.5065847234416154
2279,-3917.881288831529,0.5063624396665204
2280,-3917.881288831529,0.506140350877193
2281,-4014.390817985097,0.5063568610258659
2282,-4014.390817985097,0.5061349693251533
2283,-3859.684829430372,0.5063512921594393
2284,-3926.7001457429656,0.5065674255691769
2285,-3926.7001457429656,0.5063457330415755
2286,-4363.840696414516,0.5065616797900262
2287,-4363.840696414516,0.5063401836466987
2288,-4363.840696414516,0.5061188811188811
2289,-4363.840696414516,0.5058977719528178
2290,-3985.6648414993183,0.506113537117904
2291,-4114.779712114998,0.5063291139240507
2292,-3249.4168476037967,0.506544502617801
2293,-2697.1561276117027,0.5067597034452682
2294,-2697.1561276117027,0.5065387968613775
2295,-2697.1561276117027,0.5063180827886711
2296,-2697.1561276117027,0.5060975609756098
2297,-2697.1561276117027,0.5058772311710927
2298,-4474.47149744866,0.5060922541340296
2299,-3773.6062969094464,0.5063070900391474
2300,-3886.087608259921,0.5065217391304347
2301,-3886.087608259921,0.5063016079965232
2302,-3411.7885964344982,0.5065160729800173
2303,-3411.7885964344982,0.5062961354754668
2304,-3411.7885964344982,0.5060763888888888
2305,-3411.7885964344982,0.5058568329718004
2306,-3411.7885964344982,0.5056374674761491
2307,-3411.7885964344982,0.505418292154313
2308,-3411.7885964344982,0.5051993067590987
2309,-3411.7885964344982,0.5049805110437419
2310,-3411.7885964344982,0.5047619047619047
2311,-4163.036603565286,0.5049762007788836
2312,-4163.036603565286,0.504757785467128
2313,-3878.7772529269264,0.5049718979680069
2314,-3869.545629709999,0.5051858254105445
2315,-3764.9465783930837,0.5053995680345572
2316,-3599.261111863303,0.5056131260794473
2317,-3432.1455252971095,0.5058264997842037
2318,-3432.1455252971095,0.5056082830025884
2319,-3432.1455252971095,0.5053902544200086
2320,-3432.1455252971095,0.5051724137931034
2321,-3701.932845138329,0.5053856096510125
2322,-3829.0893331963193,0.5055986218776917
2323,-3812.4867987795096,0.5058114507102884
2324,-3859.097370327732,0.5060240963855421
2325,-3859.097370327732,0.5058064516129033
2326,-4034.535646102992,0.5060189165950129
2327,-3847.2047347741122,0.5062311989686291
2328,-3847.2047347741122,0.5060137457044673
2329,-3847.2047347741122,0.5057964791756119
2330,-4037.104335099971,0.5060085836909871
2331,-4037.104335099971,0.5057915057915058
2332,-4037.104335099971,0.5055746140651801
2333,-3993.342692527574,0.5057865409344192
2334,-3993.342692527574,0.5055698371893744
2335,-3993.342692527574,0.5053533190578159
2336,-3993.342692527574,0.5051369863013698
2337,-4128.464452290228,0.5053487376979033
2338,-4119.421561282442,0.5055603079555175
2339,-3874.0086819090247,0.5057716973065413
2340,-4313.600454415022,0.505982905982906
2341,-4313.600454415022,0.5057667663391713
2342,-4112.2151843526335,0.5059777967549103
2343,-3806.411452178989,0.5061886470337175
2344,-3796.8048926986035,0.5063993174061433
2345,-3796.8048926986035,0.506183368869936
2346,-3763.470117290846,0.5063938618925832
2347,-3763.470117290846,0.5061780997017469
2348,-3763.470117290846,0.5059625212947189
2349,-3691.2225069378,0.5061728395061729
2350,-3715.4305902358938,0.5063829787234042
2351,-3790.9437094595746,0.5065929391748192
2352,-3837.905695742047,0.5068027210884354
2353,-3684.8339480681416,0.5070123246918827
2354,-3684.8339480681416,0.5067969413763806
2355,-3684.8339480681416,0.5065817409766454
2356,-3780.0086781672007,0.5067911714770797
2357,-3785.7893308940615,0.5070004242681375
2358,-3491.8659264274293,0.5072094995759118
2359,-3306.2038495819124,0.5074183976261127
2360,-3306.2038495819124,0.5072033898305085
2361,-3030.351864698746,0.5074121135112241
2362,-3030.351864698746,0.5071972904318375
2363,-3030.351864698746,0.5069826491747779
2364,-3030.351864698746,0.5067681895093062
2365,-3940.987227420845,0.5069767441860465
2366,-3940.987227420845,0.5067624683009299
2367,-3940.987227420845,0.5065483734685255
2368,-3919.087707399981,0.5067567567567568
2369,-3795.5371537710766,0.5069649641198818
2370,-3546.8699516364945,0.5071729957805907
2371,-3546.8699516364945,0.5069590889919865
2372,-3546.8699516364945,0.5067453625632378
2373,-2462.32116031152,0.506953223767383
2374,-3164.5183510029683,0.5071609098567817
2375,-1408.523369357029,0.5073684210526316
2376,-2289.889044415867,0.5075757575757576
2377,-2988.39841459612,0.5077829196466134
2378,-4228.952117863585,0.5079899074852817
2379,-4228.952117863585,0.5077763766288357
2380,-3406.3006993763606,0.5079831932773109
2381,-3788.7972684854817,0.508189836203276
2382,-3788.7972684854817,0.5079764903442485
2383,-3532.771612930656,0.5081829626521192
2384,-4248.801607773525,0.5083892617449665
2385,-4248.801607773525,0.5081761006289308
2386,-3717.1199155903373,0.508382229673093
2387,-3717.1199155903373,0.508169250104734
2388,-3717.1199155903373,0.5079564489112228
2389,-3717.1199155903373,0.5077438258685643
2390,-3717.1199155903373,0.5075313807531381
2391,-3557.802249682922,0.5077373483897951
2392,-3857.41796738561,0.507943143812709
2393,-3857.41796738561,0.5077308817384036
2394,-4079.798821035297,0.5079365079365079
2395,-3037.774914520541,0.508141962421712
2396,-4621.763345776514,0.508347245409015
2397,-3797.8872832755333,0.508552357113058
2398,-3718.3672756547794,0.5087572977481234
2399,-3718.3672756547794,0.5085452271779908
2400,-3718.3672756547794,0.5083333333333333
2401,-3691.7827772871337,0.5085381091211995
2402,-3691.7827772871337,0.5083263946711074
2403,-3691.7827772871337,0.5081148564294632
2404,-3691.7827772871337,0.5079034941763727
2405,-3988.6876984594887,0.5081081081081081
2406,-3539.3960286166166,0.5083125519534497
2407,-3539.3960286166166,0.5081013710012464
2408,-3539.3960286166166,0.507890365448505
2409,-3514.77012960444,0.5080946450809465
2410,-3514.77012960444,0.5078838174273859
2411,-3771.2420064878024,0.5080879303193696
2412,-3651.5800720371453,0.5082918739635157
2413,-3556.5032627277847,0.5084956485702445
2414,-3556.5032627277847,0.5082850041425021
2415,-3616.690752964144,0.5084886128364389
2416,-3618.1133131219212,0.5086920529801324
2417,-3393.5858350309763,0.5088953247827885
2418,-3393.5858350309763,0.5086848635235732
2419,-3393.5858350309763,0.5084745762711864
2420,-3278.1214111326144,0.5086776859504132
2421,-3278.1214111326144,0.5084675753820735
2422,-3278.1214111326144,0.5082576383154418
2423,-3278.1214111326144,0.5080478745356996
2424,-3278.1214111326144,0.5078382838283828
2425,-3278.1214111326144,0.5076288659793814
2426,-3666.783541360561,0.5078318219291014
2427,-3666.783541360561,0.507622579316028
2428,-3666.783541360561,0.5074135090609555
2429,-3108.891957420471,0.507616303005352
2430,-3108.891957420471,0.5074074074074074
2431,-3108.891957420471,0.5071986836692719
2432,-3108.891957420471,0.5069901315789473
2433,-3108.891957420471,0.5067817509247842
2434,-3692.6034158368025,0.5069843878389483
2435,-3692.6034158368025,0.506776180698152
2436,-3575.3451234813538,0.5069786535303776
2437,-3575.3451234813538,0.5067706196142798
2438,-3575.3451234813538,0.5065627563576702
2439,-3575.3451234813538,0.5063550635506355
2440,-3575.3451234813538,0.5061475409836066
2441,-3623.9738517023407,0.506349856616141
2442,-3363.3525211877113,0.5065520065520066
2443,-3485.428021192513,0.5067539909946787
2444,-3485.428021192513,0.5065466448445172
2445,-3485.428021192513,0.5063394683026585
2446,-3485.428021192513,0.5061324611610794
2447,-2994.716394154566,0.5063342868818962
2448,-2994.716394154566,0.5061274509803921
2449,-3275.4985009779534,0.5063291139240507
2450,-3121.180166572484,0.5065306122448979
2451,-3936.5180514467697,0.5067319461444308
2452,-3936.5180514467697,0.5065252854812398
2453,-3627.58850319239,0.5067264573991032
2454,-3627.58850319239,0.506519967400163
2455,-3639.038341081374,0.5067209775967414
2456,-3639.038341081374,0.506514657980456
2457,-3559.4041389466174,0.5067155067155067
2458,-3559.4041389466174,0.5065093572009765
2459,-3559.4041389466174,0.5063033753558357
2460,-3943.6480945599,0.5065040650406504
2461,-3943.6480945599,0.5062982527427875
2462,-3943.6480945599,0.5060926076360682
2463,-3943.6480945599,0.5058871295168493
2464,-3943.6480945599,0.5056818181818182
2465,-3943.6480945599,0.5054766734279919
2466,-3943.6480945599,0.505271695052717
2467,-3459.2114414358107,0.5054722334819619
2468,-2881.211068403722,0.5056726094003241
2469,-2881.211068403722,0.5054678007290401
2470,-4084.6659896580923,0.505668016194332
2471,-3825.8312218839146,0.5058680696074463
2472,-4231.576970694337,0.5060679611650486
2473,-3978.389427905464,0.5062676910634857
2474,-3978.389427905464,0.5060630557801131
2475,-3978.389427905464,0.5058585858585859
2476,-3978.389427905464,0.505654281098546
2477,-3787.8529802827366,0.505853855470327
2478,-3787.8529802827366,0.5056497175141242
2479,-3950.6096754630435,0.5058491327148044
2480,-3950.6096754630435,0.5056451612903226
2481,-4075.1773499719043,0.505844417573559
2482,-3764.576108355996,0.5060435132957293
2483,-3597.748636323283,0.5062424486508256
2484,-3762.427443037641,0.5064412238325282
2485,-3596.547199711317,0.5066398390342053
2486,-3596.547199711317,0.5064360418342719
2487,-3577.7021350363775,0.5066344993968637
2488,-3577.7021350363775,0.5064308681672026
2489,-3577.7021350363775,0.5062274005624748
2490,-3553.819635341469,0.506425702811245
2491,-3553.819635341469,0.5062224006423123
2492,-3553.819635341469,0.5060192616372392
2493,-3553.819635341469,0.5058162855996791
2494,-3679.1017059242563,0.5060144346431436
2495,-2839.005704843127,0.5062124248496994
2496,-2839.005704843127,0.5060096153846154
2497,-3062.9436237552964,0.5062074489387265
2498,-3062.9436237552964,0.5060048038430744
2499,-3062.9436237552964,0.5058023209283713
2500,-3062.9436237552964,0.5056
2501,-3600.112415655235,0.505797680927629
2502,-3322.540599095453,0.5059952038369304
2503,-3176.2872586955878,0.5061925689172992
2504,-3793.5394007960294,0.5063897763578274
2505,-3663.278063130728,0.5065868263473053
2506,-3663.278063130728,0.5063846767757382
2507,-3930.168049045245,0.5065815715995213
2508,-3930.168049045245,0.5063795853269537
2509,-3930.168049045245,0.5061777600637705
2510,-3930.168049045245,0.5059760956175299
2511,-3444.851921001612,0.5061728395061729
2512,-3444.851921001612,0.5059713375796179
2513,-3444.851921001612,0.5057699960206924
2514,-3444.851921001612,0.505568814638027
2515,-2765.499238369557,0.5057654075546719
2516,-2765.499238369557,0.505564387917329
2517,-2765.499238369557,0.5053635280095352
2518,-2765.499238369557,0.5051628276409849
2519,-2765.499238369557,0.5049622866216753
2520,-3257.1088872872238,0.5051587301587301
2521,-3702.831355254472,0.5053550178500595
2522,-3748.5505903017365,0.5055511498810468
2523,-3748.5505903017365,0.5053507728894173
2524,-3748.5505903017365,0.5051505546751188
2525,-3748.5505903017365,0.504950495049505
2526,-3654.419684952304,0.5051464766429137
2527,-3654.419684952304,0.5049465769687377
2528,-3578.276469778106,0.5051424050632911
2529,-3417.2925184184814,0.505338078291815
2530,-3417.2925184184814,0.5051383399209486
2531,-3417.2925184184814,0.5049387593836429
2532,-3417.2925184184814,0.504739336492891
2533,-3417.2925184184814,0.5045400710619818
2534,-3417.2925184184814,0.5043409629044988
2535,-3417.2925184184814,0.5041420118343195
2536,-3417.2925184184814,0.5039432176656151
2537,-3417.2925184184814,0.5037445802128498
2538,-3417.2925184184814,0.5035460992907801
2539,-3417.2925184184814,0.5033477747144545
2540,-3417.2925184184814,0.5031496062992126
2541,-3656.6566883825863,0.503345139708776
2542,-3656.6566883825863,0.503147128245476
2543,-3656.6566883825863,0.5029492725127802
2544,-3553.6637652319337,0.5031446540880503
2545,-3455.4456534673427,0.5033398821218075
2546,-3494.7987452684724,0.5035349567949725
2547,-3494.7987452684724,0.503337259521005
2548,-3494.7987452684724,0.5031397174254317
2549,-3494.7987452684724,0.5029423303256179
2550,-3627.6375253607275,0.5031372549019608
2551,-3627.6375253607275,0.5029400235201882
2552,-2940.3393837232916,0.5031347962382445
2553,-3758.7534043575943,0.5033294163728946
2554,-3758.7534043575943,0.5031323414252153
2555,-3035.0185247323866,0.5033268101761252
2556,-3035.0185247323866,0.5031298904538342
2557,-3490.399491548172,0.503324208056316
2558,-3490.399491548172,0.50312744331509
2559,-3490.399491548172,0.5029308323563892
2560,-3490.399491548172,0.502734375
2561,-3490.399491548172,0.5025380710659898
2562,-3252.153475431486,0.5027322404371585
2563,-3252.153475431486,0.5025360905189231
2564,-3047.6359237433167,0.5027301092043682
2565,-3047.6359237433167,0.5025341130604288
2566,-2422.529010215101,0.5027279812938426
2567,-2422.529010215101,0.5025321386832878
2568,-2422.529010215101,0.5023364485981309
2569,-2422.529010215101,0.5021409108602569
2570,-1502.9752001293898,0.5023346303501945
2571,-3791.8816236283587,0.5025281991443018
2572,-3791.8816236283587,0.5023328149300156
2573,-3791.8816236283587,0.5021375825884182
2574,-3791.8816236283587,0.5019425019425019
2575,-3510.051405796532,0.5021359223300971
2576,-3569.732872878996,0.5023291925465838
2577,-3569.732872878996,0.5021342646488165
2578,-3569.732872878996,0.5019394879751745
2579,-3569.732872878996,0.5017448623497479
2580,-3466.0807796781496,0.501937984496124
2581,-3466.0807796781496,0.5017435102673382
2582,-3466.0807796781496,0.5015491866769946
2583,-3466.0807796781496,0.5013550135501355
2584,-3238.4820995338896,0.5015479876160991
2585,-3096.0437708676955,0.5017408123791103
2586,-3148.358097289516,0.5019334880123744
2587,-3148.358097289516,0.5017394665635871
2588,-3102.2329510089794,0.5019319938176198
2589,-4190.848507819092,0.5021243723445346
2590,-4145.135560238867,0.5023166023166024
2591,-4145.135560238867,0.5021227325357005
2592,-4145.135560238867,0.501929012345679
2593,-3820.378220914564,0.5021210952564596
2594,-4453.659830279076,0.5023130300693909
2595,-4128.930502028915,0.502504816955684
2596,-4278.956582835418,0.5026964560862865
2597,-4278.956582835418,0.5025028879476319
2598,-4278.956582835418,0.5023094688221709
2599,-4278.956582835418,0.5021161985378992
2600,-4170.063623076367,0.5023076923076923
2601,-3714.0739090686307,0.5024990388312187
2602,-3604.442678410743,0.5026902382782475
2603,-4278.523227923311,0.5028812908182866
2604,-3725.8063915213747,0.5030721966205837
2605,-3411.2206552024813,0.5032629558541267
2606,-3113.4124016497576,0.5034535686876439
2607,-3113.4124016497576,0.5032604526275413
2608,-3113.4124016497576,0.5030674846625767
2609,-3113.4124016497576,0.5028746646224607
2610,-3113.4124016497576,0.5026819923371647
2611,-3113.4124016497576,0.5024894676369207
2612,-3113.4124016497576,0.5022970903522205
2613,-3113.4124016497576,0.5021048603138155
2614,-3908.042679741112,0.5022953328232593
2615,-3639.1458317962583,0.5024856596558317
2616,-3603.664686134661,0.5026758409785933
2617,-3603.664686134661,0.5024837600305694
2618,-3603.664686134661,0.5022918258212375
2619,-3438.2525978897797,0.5024818633066056
2620,-3438.2525978897797,0.5022900763358779
2621,-3438.2525978897797,0.5020984357115604
2622,-3438.2525978897797,0.501906941266209
2623,-3438.2525978897797,0.5017155928326343
2624,-3438.2525978897797,0.5015243902439024
2625,-3954.6488481082647,0.5017142857142857
2626,-3975.2750801836482,0.5019040365575019
2627,-3975.2750801836482,0.50171298058622
2628,-3624.846440275389,0.5019025875190258
2629,-3624.846440275389,0.501711677443895
2630,-3248.4209448644933,0.5019011406844106
2631,-3248.4209448644933,0.5017103762827823
2632,-3842.121092092109,0.5018996960486323
2633,-2647.1712034802877,0.5020888720091151
2634,-2647.1712034802877,0.5018982536066818
2635,-2647.1712034802877,0.501707779886148
2636,-2647.1712034802877,0.5015174506828528
2637,-3106.239635584216,0.5017064846416383
2638,-3198.6385575895974,0.5018953752843063
2639,-3198.6385575895974,0.5017051913603637
2640,-4027.1659839155764,0.5018939393939394
2641,-4027.1659839155764,0.5017039000378645
2642,-4027.1659839155764,0.5015140045420137
2643,-4027.1659839155764,0.501324252743095
2644,-4027.1659839155764,0.5011346444780636
2645,-4027.1659839155764,0.500945179584121
2646,-4027.1659839155764,0.500755857898715
2647,-3486.198633376123,0.5009444654325652
2648,-3555.774492040927,0.5011329305135952
2649,-3555.774492040927,0.5009437523593809
2650,-3555.774492040927,0.500754716981132
2651,-3555.774492040927,0.5005658242172765
2652,-3555.774492040927,0.5003770739064857
2653,-3555.774492040927,0.5001884658876743
2654,-3759.3488681216845,0.5003767897513187
2655,-3759.3488681216845,0.5001883239171375
2656,-3853.8814549577205,0.5003765060240963
2657,-3853.8814549577205,0.5001881821603312
2658,-3853.8814549577205,0.5
2659,-3602.128271448182,0.5001880406167732
2660,-3602.128271448182,0.5
2661,-3856.424707356473,0.5001878992859827
2662,-3856.424707356473,0.5
2663,-3856.424707356473,0.4998122418325197
2664,-3579.823859259016,0.5
2665,-3579.823859259016,0.499812382739212
2666,-3579.823859259016,0.49962490622655664
2667,-3579.823859259016,0.49943757030371205
2668,-3579.823859259016,0.4992503748125937
2669,-3806.192671664634,0.49943799175721243
2670,-3875.786186272123,0.49962546816479403
2671,-3875.786186272123,0.49943841257955823
2672,-3875.786186272123,0.49925149700598803
2673,-3568.334276580958,0.4994388327721661
2674,-4094.940158470699,0.49962602842183995
2675,-4094.940158470699,0.4994392523364486
2676,-4094.940158470699,0.4992526158445441
2677,-3624.7957240526453,0.49943967127381395
2678,-3715.7614592298437,0.4996265870052278
2679,-3581.2812741708126,0.49981336319522207
2680,-3581.2812741708126,0.4996268656716418
2681,-2732.256130910182,0.4998135024244685
2682,-3912.0422340674813,0.5
2683,-3802.3422063510766,0.5001863585538576
2684,-2921.5753574547907,0.5003725782414307
2685,-2921.5753574547907,0.5001862197392923
2686,-2921.5753574547907,0.5
2687,-2921.5753574547907,0.4998139188686267
2688,-2921.5753574547907,0.49962797619047616
2689,-4070.817361971869,0.4998140572703607
2690,-4070.817361971869,0.4996282527881041
2691,-3882.9472853216193,0.4998141954663694
2692,-3882.9472853216193,0.49962852897473997
2693,-3882.9472853216193,0.4994430003713331
2694,-3882.9472853216193,0.49925760950259834
2695,-3458.3161276151513,0.49944341372912804
2696,-3903.0616616142406,0.49962908011869434
2697,-3903.0616616142406,0.4994438264738598
2698,-3903.0616616142406,0.49925871015567086
2699,-3903.0616616142406,0.4990737310114857
2700,-3903.0616616142406,0.4988888888888889
2701,-3903.0616616142406,0.49870418363569047
2702,-3903.0616616142406,0.498519615099926
2703,-3903.0616616142406,0.4983351831298557
2704,-2940.2000697526496,0.4985207100591716
2705,-2940.2000697526496,0.4983364140480592
2706,-2940.2000697526496,0.49815225424981524
2707,-2940.2000697526496,0.49796823051348355
2708,-4054.8179802247532,0.4981536189069424
2709,-4054.8179802247532,0.4979697305278701
2710,-4054.8179802247532,0.4977859778597786
2711,-4054.8179802247532,0.49760236075248987
2712,-2592.4495929715877,0.497787610619469
2713,-2592.4495929715877,0.4976041282712864
2714,-2592.4495929715877,0.4974207811348563
2715,-2592.4495929715877,0.4972375690607735
2716,-3984.776660203643,0.49742268041237114
2717,-3616.2667018785287,0.49760765550239233
2718,-3616.2667018785287,0.4974245768947756
2719,-3616.2667018785287,0.49724163295329166
2720,-4308.7236860764415,0.4974264705882353
2721,-3951.733446143433,0.4976111723631018
2722,-3709.0505328032145,0.49779573842762675
2723,-3722.713215001014,0.49798016893132574
2724,-3345.1606797114086,0.49816446402349485
2725,-3345.1606797114086,0.4979816513761468
2726,-3345.1606797114086,0.49779897285399854
2727,-3345.1606797114086,0.4976164283094976
2728,-4102.605852268134,0.49780058651026393
2729,-3031.6911736947677,0.49798460974716013
2730,-4197.476684625115,0.4981684981684982
2731,-4197.476684625115,0.49798608568290004
2732,-3606.8735460711755,0.4981698389458272
2733,-3606.8735460711755,0.49798755945847056
2734,-4067.6557846928413,0.4981711777615216
2735,-4067.6557846928413,0.4979890310786106
2736,-4004.986946954387,0.49817251461988304
2737,-4227.28039395015,0.49835586408476434
2738,-3686.756003848715,0.4985390796201607
2739,-3686.756003848715,0.49835706462212487
2740,-3686.756003848715,0.4981751824817518
2741,-3899.2002360291176,0.4983582634075155
2742,-3992.0054303234824,0.4985412107950401
2743,-4299.586321764416,0.4987240247903755
2744,-4299.586321764416,0.49854227405247814
2745,-4269.482616947633,0.49872495446265935
2746,-4269.482616947633,0.49854333576110704
2747,-4269.482616947633,0.4983618492901347
2748,-3902.513140289352,0.4985443959243086
2749,-3267.646612211161,0.49872680974899963
2750,-3267.646612211161,0.49854545454545457
2751,-4191.547719299189,0.49872773536895676
2752,-4191.547719299189,0.498546511627907
2753,-4191.547719299189,0.49836541954231744
2754,-4191.547719299189,0.49818445896877267
2755,-4584.575789255125,0.4983666061705989
2756,-4277.882342898092,0.4985486211901306
2757,-4277.882342898092,0.49836779107725787
2758,-4277.882342898092,0.49818709209572154
2759,-4277.882342898092,0.49800652410293583
2760,-4277.882342898092,0.49782608695652175
2761,-4272.668736515017,0.49800796812749004
2762,-4272.668736515017,0.49782766111513393
2763,-4272.668736515017,0.49764748461816866
2764,-4272.668736515017,0.49746743849493485
2765,-4272.668736515017,0.4972875226039783
2766,-4272.668736515017,0.4971077368040492
2767,-4272.668736515017,0.4969280809541019
2768,-3996.705707903149,0.49710982658959535
2769,-3996.705707903149,0.49693029974720115
2770,-3996.705707903149,0.4967509025270758
2771,-3996.705707903149,0.4965716347888849
2772,-3895.989727377995,0.4967532467532468
2773,-3895.989727377995,0.49657410746483954
2774,-4269.160188943157,0.4967555875991348
2775,-4043.309455481337,0.4969369369369369
2776,-4043.309455481337,0.49675792507204614
2777,-4043.309455481337,0.4965790421317969
2778,-3786.323418250298,0.49676025917926564
2779,-3912.1327548938225,0.49694134580784455
2780,-3912.1327548938225,0.49676258992805755
2781,-3912.1327548938225,0.49658396260338006
2782,-4101.1217360359715,0.49676491732566497
2783,-4101.1217360359715,0.49658641753503413
2784,-3974.0309070737376,0.49676724137931033
2785,-4237.037541437849,0.4969479353680431
2786,-4071.415915785332,0.4971284996410625
2787,-4071.415915785332,0.49695012558306423
2788,-4071.415915785332,0.4967718794835007
2789,-4071.415915785332,0.49659376120473286
2790,-4071.415915785332,0.496415770609319
2791,-4071.415915785332,0.49623790756001435
2792,-3871.8612383242125,0.49641833810888253
2793,-3871.8612383242125,0.49624060150375937
2794,-3783.867208313723,0.49642090193271293
2795,-3783.867208313723,0.4962432915921288
2796,-3783.867208313723,0.49606580829756797
2797,-3783.867208313723,0.49588845191276365
2798,-3382.6835554924787,0.4960686204431737
2799,-3382.6835554924787,0.49589138978206504
2800,-2969.441136877736,0.49607142857142855
2801,-2969.441136877736,0.4958943234559086
2802,-2637.251620122959,0.49607423269093504
2803,-2637.251620122959,0.4958972529432751
2804,-2637.251620122959,0.4957203994293866
2805,-3496.6680390828387,0.49590017825311944
2806,-3496.6680390828387,0.49572344975053456
2807,-2941.061198757462,0.4959030993943712
2808,-3635.22547506697,0.4960826210826211
2809,-3635.22547506697,0.4959060163759345
2810,-4353.744615096224,0.49608540925266903
2811,-3794.306378839769,0.49626467449306294
2812,-3794.306378839769,0.49608819345661453
2813,-3727.235758969936,0.49626733025239955
2814,-3727.235758969936,0.496090973702914
2815,-3727.235758969936,0.4959147424511545
2816,-3621.787695553035,0.49609375
2817,-2029.9053888121764,0.49627263045793396
2818,-2029.9053888121764,0.49609652235628104
2819,-4292.993814646582,0.4962752749201845
2820,-4292.993814646582,0.49609929078014187
2821,-3768.7048685341183,0.49627791563275436
2822,-4024.502360598664,0.49645641389085754
2823,-4024.502360598664,0.4962805526036132
2824,-3628.6998040196704,0.4964589235127479
2825,-3634.584326019578,0.4966371681415929
2826,-3634.584326019578,0.4964614295824487
2827,-3634.584326019578,0.4962858153519632
2828,-3634.584326019578,0.4961103253182461
2829,-3634.584326019578,0.4959349593495935
2830,-3663.6740861020785,0.496113074204947
2831,-3639.2725579181165,0.49629106322854116
2832,-3639.2725579181165,0.4961158192090395
2833,-3647.7889134590523,0.49629368160960113
2834,-3651.535016524722,0.4964714184897671
2835,-3651.535016524722,0.4962962962962963
2836,-3845.202192326781,0.49647390691114246
2837,-3845.202192326781,0.4962989072964399
2838,-3845.202192326781,0.49612403100775193
2839,-3879.218514501079,0.4963015146178232
2840,-3879.218514501079,0.4961267605633803
2841,-3879.218514501079,0.49595212953185497
2842,-3879.218514501079,0.49577762139338494
2843,-3800.3578295469697,0.4959549771368273
2844,-3800.3578295469697,0.4957805907172996
2845,-3688.7410794906373,0.4959578207381371
2846,-3668.5218230343175,0.4961349262122277
2847,-3668.5218230343175,0.495960660344222
2848,-3657.1409626816103,0.4961376404494382
2849,-3657.1409626816103,0.495963495963496
2850,-3657.1409626816103,0.4957894736842105
2851,-3657.1409626816103,0.4956155734829884
2852,-3753.1359067924227,0.4957924263674614
2853,-3753.1359067924227,0.4956186470382054
2854,-3717.488067811279,0.49579537491240366
2855,-3717.488067811279,0.4956217162872154
2856,-3717.488067811279,0.4954481792717087
2857,-3717.488067811279,0.4952747637381869
2858,-3717.488067811279,0.49510146955913226
2859,-3717.488067811279,0.49492829660720533
2860,-3717.488067811279,0.49475524475524474
2861,-3352.854663915819,0.49493184201328205
2862,-3352.854663915819,0.4947589098532495
2863,-3307.5196853926573,0.4949353824659448
2864,-4126.232613557481,0.49511173184357543
2865,-4126.232613557481,0.4949389179755672
2866,-3261.5539243716776,0.49511514305652476
2867,-4280.898845850649,0.49529124520404605
2868,-4280.898845850649,0.49511854951185497
2869,-4280.898845850649,0.4949459742070408
2870,-4280.898845850649,0.49477351916376305
2871,-4077.4280822356277,0.494949494949495
2872,-4077.4280822356277,0.4947771587743733
2873,-4077.4280822356277,0.4946049425687435
2874,-4077.4280822356277,0.4944328462073765
2875,-4077.4280822356277,0.49426086956521736
2876,-4069.6962653894625,0.4944367176634214
2877,-4069.6962653894625,0.4942648592283629
2878,-3565.5193179016223,0.4944405837387074
2879,-3565.5193179016223,0.49426884334838483
2880,-4161.211082580712,0.49444444444444446
2881,-4161.211082580712,0.4942728219368275
2882,-4161.211082580712,0.49410131852879946
2883,-3925.0058182061675,0.49427679500520294
2884,-3925.0058182061675,0.49410540915395285
2885,-3925.0058182061675,0.49393414211438474
2886,-3925.0058182061675,0.49376299376299376
2887,-3878.7946586179046,0.49393834430204364
2888,-3843.944806721751,0.4941135734072022
2889,-3680.545814202243,0.49428868120456904
2890,-3745.9838706137675,0.49446366782006923
2891,-3749.445186515536,0.49463853337945346
2892,-3749.445186515536,0.49446749654218536
2893,-4037.5642109840887,0.49464223988938816
2894,-3788.846019789122,0.4948168624740843
2895,-3426.1283471458614,0.4949913644214162
2896,-3426.1283471458614,0.49482044198895025
2897,-3493.050146837602,0.494994822229893
2898,-3493.050146837602,0.494824016563147
2899,-3493.050146837602,0.4946533287340462
2900,-3927.924926456215,0.49482758620689654
2901,-3927.924926456215,0.494657014822475
2902,-3927.924926456215,0.494486560992419
2903,-3636.3460452436043,0.49466069583189803
2904,-3638.838413884603,0.49483471074380164
2905,-3878.1210526378563,0.49500860585197937
2906,-3878.1210526378563,0.49483826565726086
2907,-3878.1210526378563,0.4946680426556588
2908,-3725.1245558758314,0.4948418156808803
2909,-3725.1245558758314,0.4946717084908903
2910,-3916.021340147904,0.4948453608247423
2911,-3718.6592474521563,0.49501889385091036
2912,-3261.1005050989293,0.4951923076923077
2913,-3261.1005050989293,0.4950223137658771
2914,-3294.0502085546755,0.4951956074124914
2915,-3294.0502085546755,0.49502572898799313
2916,-3294.0502085546755,0.4948559670781893
2917,-2351.2886398986284,0.4950291395269112
2918,-2351.2886398986284,0.49485949280328995
2919,-3298.838243034074,0.4950325453922576
2920,-3805.580297724982,0.4952054794520548
2921,-4254.466380388947,0.4953782951044163
2922,-4254.466380388947,0.4952087611225188
2923,-4254.466380388947,0.495039343140609
2924,-4254.466380388947,0.4948700410396717
2925,-4064.429005283432,0.49504273504273505
2926,-3583.0546646641187,0.49521531100478466
2927,-3583.0546646641187,0.49504612230953193
2928,-3583.0546646641187,0.4948770491803279
2929,-3583.0546646641187,0.49470809149880507
2930,-3583.0546646641187,0.4945392491467577
2931,-4055.6789273390727,0.4947117024906175
2932,-4055.6789273390727,0.4945429740791269
2933,-4025.258228651779,0.49471530855779067
2934,-4074.6542505247994,0.4948875255623722
2935,-4074.6542505247994,0.49471890971039184
2936,-3874.243309289027,0.4948910081743869
2937,-4114.69011545785,0.4950629894450119
2938,-3786.039721521749,0.4952348536419333
2939,-3688.422362230995,0.49540660088465466
2940,-3688.422362230995,0.49523809523809526
2941,-3244.685655550617,0.495409724583475
2942,-3244.685655550617,0.4952413324269205
2943,-3244.685655550617,0.4950730547060822
2944,-3913.384179743177,0.4952445652173913
2945,-3913.384179743177,0.4950764006791171
2946,-4440.988122083694,0.4952477936184657
2947,-4065.9874713133418,0.49541907024092297
2948,-3977.5156377034564,0.4955902306648575
2949,-3977.5156377034564,0.49542217700915564
2950,-3977.5156377034564,0.4952542372881356
2951,-3977.5156377034564,0.49508641138597087
2952,-3977.5156377034564,0.4949186991869919
2953,-3578.207691971558,0.49508973924822214
2954,-3611.080407586884,0.495260663507109
2955,-3611.080407586884,0.495093062605753
2956,-4031.190233020415,0.4952638700947226
2957,-4031.190233020415,0.49509638146770374
2958,-4031.190233020415,0.4949290060851927
2959,-3675.764836339558,0.49509969584319025
2960,-3787.169474718096,0.49527027027027026
2961,-4200.819699183175,0.49544072948328266
2962,-3687.547879902998,0.49561107359891965
2963,-3687.547879902998,0.4954438069524131
2964,-4077.5686112163685,0.4956140350877193
2965,-4077.5686112163685,0.4954468802698145
2966,-4077.5686112163685,0.49527983816587995
2967,-3984.9367328494304,0.4954499494438827
2968,-3984.9367328494304,0.49528301886792453
2969,-3385.351922989163,0.4954530144829909
2970,-3385.351922989163,0.4952861952861953
2971,-3385.351922989163,0.4951194883877482
2972,-2928.0789375640493,0.4952893674293405
2973,-2928.0789375640493,0.4951227716111672
2974,-3625.4506844587095,0.4952925353059852
2975,-3625.4506844587095,0.49512605042016805
2976,-3712.2805688111293,0.4952956989247312
2977,-3627.8988220985543,0.49546523345649984
2978,-3627.8988220985543,0.49529885829415715
2979,-3627.8988220985543,0.49513259483048
2980,-3627.8988220985543,0.4949664429530201
2981,-3627.8988220985543,0.49480040254948005
2982,-3627.8988220985543,0.49463447350771295
2983,-3627.8988220985543,0.4944686557157224
2984,-3627.8988220985543,0.4943029490616622
2985,-3660.4954785113646,0.49447236180904525
2986,-4288.882938733074,0.49464166108506363
2987,-3678.548547533839,0.4948108470036826
2988,-3855.7497600908687,0.49497991967871485
2989,-3855.7497600908687,0.49481431917029106
2990,-3365.178395999432,0.49498327759197325
2991,-3626.438685723285,0.495152123035774
2992,-3569.9440837416237,0.49532085561497324
2993,-4044.503801095862,0.4954894754426996
2994,-4044.503801095862,0.4953239812959252
2995,-4044.503801095862,0.49515859766277126
2996,-4146.186255340801,0.4953271028037383
2997,-4146.186255340801,0.4951618284951618
2998,-4146.186255340801,0.494996664442962
2999,-3820.8432553687744,0.49516505501833946
3000,-2041.3296511648805,0.49533333333333335
3001,-2041.3296511648805,0.4951682772409197
3002,-2041.3296511648805,0.4950033311125916
3003,-4455.044936109235,0.49517149517149517
3004,-4455.044936109235,0.49500665778961384
3005,-4455.044936109235,0.49484193011647254
3006,-4455.044936109235,0.49467731204258153
3007,-1309.1718595460002,0.4948453608247423
3008,-1309.1718595460002,0.4946808510638298
3009,-3319.600170635246,0.4948487869724161
3010,-4248.037119219159,0.4950166112956811
3011,-4248.037119219159,0.49485220856858186
3012,-4248.037119219159,0.4946879150066401
3013,-4277.211574873954,0.49485562562230334
3014,-4277.211574873954,0.4946914399469144
3015,-3946.5908304612844,0.4948590381426202
3016,-3946.5908304612844,0.4946949602122016
3017,-3946.5908304612844,0.49453099105071263
3018,-3946.5908304612844,0.4943671305500331
3019,-3946.5908304612844,0.49420337860218616
3020,-3946.5908304612844,0.49403973509933774
3021,-3946.5908304612844,0.4938761999337968
3022,-4406.579348261094,0.4940436796823296
3023,-4406.579348261094,0.4938802514058882
3024,-4406.579348261094,0.4937169312169312
3025,-4084.5519894480467,0.49388429752066115
3026,-4409.373136596867,0.4940515532055519
3027,-4089.906153750166,0.49421869838123555
3028,-3906.808236739734,0.49438573315719947
3029,-3906.808236739734,0.49422251568174314
3030,-3906.808236739734,0.49405940594059405
3031,-4097.431019812198,0.4942263279445728
3032,-4097.431019812198,0.4940633245382586
3033,-4097.431019812198,0.4939004286185295
3034,-4528.227862296292,0.494067237969677
3035,-4528.227862296292,0.4939044481054366
3036,-4554.959384511885,0.49407114624505927
3037,-4379.250740711616,0.4942377346065196
3038,-4379.250740711616,0.49407504937458857
3039,-4379.250740711616,0.4939124712076341
3040,-4379.250740711616,0.49375
3041,-4379.250740711616,0.49358763564616903
3042,-4250.287322408365,0.49375410913872453
3043,-4250.287322408365,0.4935918501478804
3044,-4180.445250424045,0.49375821287779237
3045,-4060.487939109343,0.4939244663382594
3046,-4060.487939109343,0.4937623112278398
3047,-4060.487939109343,0.49360026255333117
3048,-3651.0721129127205,0.49376640419947504
3049,-3651.0721129127205,0.49360446047884554
3050,-3651.0721129127205,0.4934426229508197
3051,-3651.0721129127205,0.49328089151098
3052,-4358.262690458779,0.49344692005242463
3053,-4278.217497569356,0.49361283982967574
3054,-4278.217497569356,0.49345121152586774
3055,-4472.0755299637585,0.49361702127659574
3056,-4086.521349308198,0.493782722513089
3057,-3930.631371293499,0.4939483153418384
3058,-2237.70673508769,0.49411379986919557
3059,-2237.70673508769,0.4939522719843086
3060,-2237.70673508769,0.49379084967320264
3061,-2237.70673508769,0.49362953283240774
3062,-2237.70673508769,0.49346832135858915
3063,-3350.020323767728,0.49363369245837413
3064,-4253.8116585115995,0.493798955613577
3065,-4253.8116585115995,0.4936378466557912
3066,-4253.8116585115995,0.4934768427919113
3067,-4253.8116585115995,0.49331594391913924
3068,-4029.2535706700996,0.4934810951760104
3069,-4029.2535706700996,0.49332029977191266
3070,-4029.2535706700996,0.49315960912052115
3071,-4029.2535706700996,0.49299902311950505
3072,-4029.2535706700996,0.4928385416666667
3073,-4029.2535706700996,0.4926781646599414
3074,-4029.2535706700996,0.49251789199739754
3075,-4029.2535706700996,0.4923577235772358
3076,-4029.2535706700996,0.49219765929778936
3077,-4170.113706747007,0.49236269093272667
3078,-4170.113706747007,0.4922027290448343
3079,-4170.113706747007,0.49204287106203315
3080,-4170.113706747007,0.49188311688311687
3081,-4170.113706747007,0.4917234664070107
3082,-4170.113706747007,0.49156391953277095
3083,-3759.3379574166092,0.4917288355497892
3084,-3992.8588990450903,0.49189364461738
3085,-3992.8588990450903,0.4917341977309562
3086,-3955.895107649881,0.49189889825016203
3087,-3983.9725270983677,0.49206349206349204
3088,-4120.888164386854,0.49222797927461137
3089,-4120.888164386854,0.49206863062479766
3090,-4120.888164386854,0.4919093851132686
3091,-4120.888164386854,0.49175024263992234
3092,-4120.888164386854,0.49159120310478654
3093,-4120.888164386854,0.4914322664080181
3094,-4120.888164386854,0.491273432449903
3095,-4120.888164386854,0.4911147011308562
3096,-4120.888164386854,0.4909560723514212
3097,-4120.888164386854,0.49079754601226994
3098,-4120.888164386854,0.49063912201420273
3099,-4340.600321066947,0.49080348499515974
3100,-4340.600321066947,0.4906451612903226
3101,-4340.600321066947,0.49048693969687196
3102,-3642.1470982710503,0.49065119277885233
3103,-3891.5443357080467,0.49081533999355464
3104,-3891.5443357080467,0.49065721649484534
3105,-3891.5443357080467,0.4904991948470209
3106,-3891.5443357080467,0.4903412749517064
3107,-3891.5443357080467,0.4901834567106534
3108,-3891.5443357080467,0.49002574002574
3109,-3891.5443357080467,0.48986812479897074
3110,-3657.686905964755,0.490032154340836
3111,-4631.206426799798,0.49019607843137253
3112,-4631.206426799798,0.49003856041131105
3113,-4631.206426799798,0.48988114359139096
3114,-4078.274297675688,0.4900449582530507
3115,-3940.4815211051955,0.49020866773675764
3116,-4021.1217502367535,0.49037227214377405
3117,-4021.1217502367535,0.4902149502726981
3118,-4021.1217502367535,0.4900577293136626
3119,-4021.1217502367535,0.48990060916960565
3120,-3713.9514426923115,0.49006410256410254
3121,-3707.9693463189033,0.49022749118872155
3122,-3707.9693463189033,0.49007046764894296
3123,-4313.108820264148,0.49023374959974386
3124,-4444.432950040602,0.49039692701664533
3125,-4130.12347160624,0.49056
3126,-4130.12347160624,0.4904030710172745
3127,-4130.12347160624,0.49024624240486087
3128,-4130.12347160624,0.49008951406649615
3129,-4130.12347160624,0.4899328859060403
3130,-3681.817580967561,0.49009584664536743
3131,-3168.2417837105077,0.4902587032896838
3132,-3168.2417837105077,0.4901021711366539
3133,-4504.752656919199,0.4902649218001915
3134,-4504.752656919199,0.4901084875558392
3135,-4504.752656919199,0.48995215311004786
3136,-4504.752656919199,0.4897959183673469
3137,-4504.752656919199,0.4896397832323876
3138,-4504.752656919199,0.4894837476099426
3139,-4504.752656919199,0.489327811404906
3140,-3907.581913824943,0.4894904458598726
3141,-3907.581913824943,0.48933460681311686
3142,-3561.760860581033,0.4894971355824316
3143,-4397.535477175672,0.48965956092904867
3144,-4397.535477175672,0.48950381679389315
3145,-4121.459718866377,0.48966613672496023
3146,-4121.459718866377,0.48951048951048953
3147,-4334.202970278541,0.48967270416269465
3148,-4334.202970278541,0.4895171537484117
3149,-4135.0123452055805,0.4896792632581772
3150,-4135.0123452055805,0.4895238095238095
3151,-4347.458748835771,0.48968581402729294
3152,-4075.242765613501,0.48984771573604063
3153,-4165.92340946153,0.4900095147478592
3154,-4464.3032772777215,0.4901712111604312
3155,-4464.3032772777215,0.4900158478605388
3156,-4464.3032772777215,0.48986058301647656
3157,-3513.693890148588,0.49002217294900224
3158,-3513.693890148588,0.48986700443318554
3159,-3857.8686678330896,0.49002849002849
3160,-4057.225622961282,0.4901898734177215
3161,-4057.225622961282,0.4900347991142044
3162,-4057.225622961282,0.4898798228969007
3163,-4057.225622961282,0.489724944672779
3164,-3822.3845154460664,0.48988621997471554
3165,-3808.86688757137,0.4900473933649289
3166,-3604.299238656796,0.4902084649399874
3167,-4481.8475608058825,0.4903694347963372
3168,-4481.8475608058825,0.49021464646464646
3169,-4336.651268280868,0.4903755127800568
3170,-4460.444281736391,0.49053627760252366
3171,-3955.551734268583,0.4906969410280669
3172,-3955.551734268583,0.4905422446406053
3173,-3511.6759988357276,0.4907028049164828
3174,-4337.296058391602,0.49086326402016384
3175,-4337.296058391602,0.49070866141732283
3176,-4329.450545969396,0.49086901763224183
3177,-4032.081387445117,0.4910292728989613
3178,-4032.081387445117,0.4908747640025173
3179,-3843.237444486315,0.49103491664045296
3180,-3811.473025542821,0.4911949685534591
3181,-4340.702167152473,0.4913549198365294
3182,-4340.702167152473,0.4912005028284098
3183,-4340.702167152473,0.49104618284637136
3184,-4178.256410753583,0.49120603015075376
3185,-4288.887804655186,0.4913657770800628
3186,-4288.887804655186,0.49121155053358445
3187,-4417.976568066544,0.49137119548164415
3188,-4417.976568066544,0.49121706398996234
3189,-4417.976568066544,0.49106302916274697
3190,-3994.0206913107186,0.49122257053291535
3191,-3561.1828429621355,0.4913820119084926
3192,-3999.4456762483123,0.49154135338345867
3193,-3999.4456762483123,0.4913874099592859
3194,-3999.4456762483123,0.4912335629304947
3195,-3999.4456762483123,0.49107981220657276
3196,-3999.4456762483123,0.4909261576971214
3197,-3999.4456762483123,0.49077259931185485
3198,-3999.4456762483123,0.4906191369606004
3199,-3999.4456762483123,0.49046577055329793
3200,-3999.4456762483123,0.4903125
3201,-3999.4456762483123,0.4901593252108716
3202,-3586.28062644827,0.49031855090568394
3203,-3402.446001212511,0.49047767717764595
3204,-3081.1630792441156,0.49063670411985016
3205,-3741.826628592,0.490795631825273
3206,-3741.826628592,0.49064254522769807
3207,-4027.485641506165,0.49080137199875273
3208,-4027.485641506165,0.4906483790523691
3209,-4027.485641506165,0.4904954814583983
3210,-3760.2641492966086,0.49065420560747663
3211,-3986.313363487387,0.49081283089380257
3212,-3986.313363487387,0.49066002490660027
3213,-4018.1435456278627,0.49081854964207905
3214,-4018.1435456278627,0.49066583696328564
3215,-4153.741470537735,0.4908242612752722
3216,-4101.17606988819,0.4909825870646766
3217,-4101.17606988819,0.49082996580665217
3218,-4101.17606988819,0.4906774394033561
3219,-4101.17606988819,0.4905250077663871
3220,-3973.699912693048,0.4906832298136646
3221,-3973.699912693048,0.49053089102763114
3222,-3973.699912693048,0.4903786468032278
3223,-3973.699912693048,0.4902264970524356
3224,-4050.3261449574948,0.49038461538461536
3225,-4256.5429273829295,0.4905426356589147
3226,-4080.765820191385,0.490700557966522
3227,-4080.765820191385,0.49054849705608927
3228,-4410.016698685919,0.49070631970260226
3229,-4410.016698685919,0.4905543511923196
3230,-4410.016698685919,0.4904024767801858
3231,-4274.64089728235,0.49056019808108947
3232,-4320.1944302762,0.4907178217821782
3233,-4394.518813787063,0.49087534797401794
3234,-4555.903645325911,0.49103277674706247
3235,-4497.225238350674,0.49119010819165376
3236,-4716.020972753322,0.49134734239802225
3237,-4716.020972753322,0.4911955514365153
3238,-4744.896525179112,0.4913526868437307
3239,-4744.896525179112,0.49120098795924666
3240,-4550.122781051202,0.49135802469135803
3241,-4550.122781051202,0.4912064177722925
3242,-4716.625376660352,0.49136335595311537
3243,-4716.625376660352,0.49121184088806663
3244,-4716.625376660352,0.4910604192355117
3245,-4716.625376660352,0.4909090909090909
3246,-4716.625376660352,0.4907578558225508
3247,-4716.625376660352,0.49060671388974436
3248,-4940.055334814448,0.4907635467980296
3249,-4555.300689192834,0.49092028316405045
3250,-4555.300689192834,0.4907692307692308
3251,-4555.300689192834,0.4906182713011381
3252,-4969.771390460192,0.4907749077490775
3253,-4969.771390460192,0.4906240393482939
3254,-4866.7293754879465,0.49078057775046097
3255,-4866.7293754879465,0.49062980030721964
3256,-5131.821411468311,0.4907862407862408
3257,-5131.821411468311,0.49063555419097327
3258,-4826.06665501825,0.49079189686924496
3259,-4826.06665501825,0.4906413010125805
3260,-4826.06665501825,0.49049079754601227
3261,-5149.113985118099,0.49064704078503524
3262,-5090.170077699513,0.49080318822808094
3263,-5090.170077699513,0.49065277352129943
3264,-5163.170438678783,0.49080882352941174
3265,-5133.095458532828,0.49096477794793264
3266,-5133.095458532828,0.4908144519289651
3267,-5133.095458532828,0.4906642179369452
3268,-5165.883590599985,0.4908200734394125
3269,-5165.883590599985,0.4906699296420924
3270,-5165.883590599985,0.490519877675841
3271,-5165.883590599985,0.4903699174564353
3272,-4825.34495253206,0.49052567237163813
3273,-4825.34495253206,0.4903758020164986
3274,-4858.223972854227,0.4905314599877825
3275,-5113.119143274683,0.4906870229007634
3276,-5113.119143274683,0.4905372405372405
3277,-4805.319711054978,0.49069270674397314
3278,-4921.562513367535,0.49084807809640024
3279,-4921.562513367535,0.4906983836535529
3280,-4921.562513367535,0.49054878048780487
3281,-4921.562513367535,0.49039926851569643
3282,-4971.8360298214175,0.49055453991468617
3283,-4971.8360298214175,0.4904051172707889
3284,-4971.8360298214175,0.4902557856272838
3285,-4549.989262862964,0.4904109589041096
3286,-4549.989262862964,0.49026171637248933
3287,-4549.989262862964,0.49011256464861574
3288,-5648.5757475711325,0.4902676399026764
3289,-4842.818545827701,0.49042262085740346
3290,-5404.883112705726,0.4905775075987842
3291,-5404.883112705726,0.49042844120328166
3292,-4179.624642851984,0.4905832320777643
3293,-4179.624642851984,0.4904342544791983
3294,-4179.624642851984,0.49028536733454764
3295,-4179.624642851984,0.49013657056145676
3296,-4179.624642851984,0.4899878640776699
3297,-5165.982364504432,0.49014255383682137
3298,-5806.894951377083,0.49029714978775013
3299,-5259.958540930384,0.49045165201576235
3300,-5058.683224668046,0.4906060606060606
3301,-5058.683224668046,0.4904574371402605
3302,-5176.216826341501,0.49061175045427013
3303,-5043.212114327465,0.490765970330003
3304,-4292.482433761286,0.49092009685230026
3305,-4292.482433761286,0.49077155824508323
3306,-4292.482433761286,0.4906231094978826
3307,-4292.482433761286,0.49047475052918055
3308,-4292.482433761286,0.49032648125755746
3309,-4433.36810087847,0.4904805077062557
3310,-4433.36810087847,0.49033232628398793
3311,-4433.36810087847,0.49018423437028086
3312,-4619.92854087704,0.49033816425120774
3313,-4804.240783000953,0.4904920012073649
3314,-4804.240783000953,0.49034399517199756
3315,-4804.240783000953,0.49019607843137253
3316,-4763.681276717376,0.49034981905910735
3317,-4763.681276717376,0.4902019897497739
3318,-4485.452257947035,0.49035563592525616
3319,-4521.029891986403,0.4905091895149141
3320,-4521.029891986403,0.4903614457831325
3321,-4521.029891986403,0.4902137910267992
3322,-4280.382608863359,0.4903672486453943
3323,-4742.76716681764,0.4905206139030996
3324,-4742.76716681764,0.49037304452466907
3325,-4742.76716681764,0.49022556390977445
3326,-4742.76716681764,0.49007817197835235
3327,-4742.76716681764,0.48993086865043584
3328,-4742.76716681764,0.48978365384615385
3329,-4742.76716681764,0.48963652748573144
3330,-4742.76716681764,0.4894894894894895
3331,-4119.213936960846,0.48964274992494744
3332,-4941.576779412826,0.4897959183673469
3333,-4563.9025600795685,0.48994899489948995
3334,-4461.22648918104,0.4901019796040792
3335,-4495.154097534478,0.49025487256371814
3336,-3992.432271210125,0.4904076738609113
3337,-3992.432271210125,0.490260713215463
3338,-3992.432271210125,0.49011384062312763
3339,-4437.2270950586,0.49026654687032045
3340,-3662.3040962185282,0.49041916167664673
3341,-4249.074751143888,0.4905716851242143
3342,-4249.074751143888,0.49042489527229205
3343,-4249.074751143888,0.49027819323960514
3344,-4249.074751143888,0.4901315789473684
3345,-4249.074751143888,0.4899850523168909
3346,-4249.074751143888,0.4898386132695756
3347,-4249.074751143888,0.48969226172691965
3348,-4279.560703596197,0.48984468339307047
3349,-4279.560703596197,0.4896984174380412
3350,-4279.560703596197,0.48955223880597015
3351,-4756.894199580368,0.4897045658012534
3352,-4756.894199580368,0.4895584725536993
3353,-4756.894199580368,0.48941246644795705
3354,-4308.526875318229,0.4895646988670245
3355,-4308.526875318229,0.48941877794336813
3356,-4488.531640866024,0.48957091775923717
3357,-4402.968074229609,0.4897229669347632
3358,-4357.303710063519,0.48987492555092316
3359,-4008.0915783046476,0.4900267936885978
3360,-4061.652351407135,0.4901785714285714
3361,-4061.652351407135,0.49003272835465633
3362,-4061.652351407135,0.4898869720404521
3363,-4061.652351407135,0.4897413024085638
3364,-4265.750935677542,0.48989298454221164
3365,-4265.750935677542,0.48974739970282316
3366,-4222.047809707298,0.4898989898989899
3367,-1776.0343528309302,0.49005049005049006
3368,-3487.0120373100485,0.4902019002375297
3369,-3487.0120373100485,0.4900563965568418
3370,-3487.0120373100485,0.48991097922848664
3371,-2927.7445926134264,0.49006229605458324
3372,-2927.7445926134264,0.48991696322657174
3373,-2368.220996515141,0.49006818855618145
3374,-2368.220996515141,0.489922940130409
3375,-2368.220996515141,0.48977777777777776
3376,-4076.7516768220808,0.48992890995260663
3377,-4373.549096827524,0.4900799526206692
3378,-2200.7299672025392,0.49023090586145646
3379,-4091.40387096256,0.4903817697543652
3380,-4091.40387096256,0.49023668639053253
3381,-4102.971895984837,0.4903874593315587
3382,-4102.971895984837,0.49024246008279126
3383,-4102.971895984837,0.490097546556311
3384,-4102.971895984837,0.48995271867612294
3385,-3846.6741116479125,0.4901033973412112
3386,-3846.6741116479125,0.48995865327820437
3387,-3782.156100706564,0.4901092412164157
3388,-3782.156100706564,0.4899645808736718
3389,-4058.5692430704903,0.49011507819415756
3390,-3807.203688953181,0.4902654867256637
3391,-3807.203688953181,0.4901209082866411
3392,-3807.203688953181,0.48997641509433965
3393,-3948.63428251244,0.49012673150604186
3394,-3877.8108374744797,0.4902769593400118
3395,-3877.8108374744797,0.4901325478645066
3396,-3654.0923933245185,0.4902826855123675
3397,-3714.209363037192,0.49043273476597
3398,-3534.8546737280762,0.4905826957033549
3399,-3848.881485876602,0.4907325684024713
3400,-3848.881485876602,0.49058823529411766
3401,-3802.271501506829,0.49073801822993235
3402,-3802.271501506829,0.49059376837154617
3403,-3802.271501506829,0.4904496032912136
3404,-3802.271501506829,0.4903055229142186
3405,-4048.4303720181674,0.49045521292217326
3406,-4048.4303720181674,0.4903112155020552
3407,-3825.3980106789168,0.4904608159671265
3408,-3825.3980106789168,0.4903169014084507
3409,-3715.150924144038,0.490466412437665
3410,-3715.150924144038,0.49032258064516127
3411,-3697.189724533242,0.49047200234535326
3412,-3697.189724533242,0.4903282532239156
3413,-3697.189724533242,0.49018458833870493
3414,-3683.6875702592215,0.4903339191564148
3415,-3614.543276764826,0.4904831625183016
3416,-3614.543276764826,0.49033957845433257
3417,-3614.543276764826,0.49019607843137253
3418,-3614.543276764826,0.49005266237565825
3419,-3896.5312770894966,0.49020181339572977
3420,-4241.022329638295,0.4903508771929825
3421,-3717.85092860072,0.49049985384390526
3422,-3932.774424721575,0.4906487434248977
3423,-3932.774424721575,0.4905054046158341
3424,-4255.671502224215,0.49065420560747663
3425,-4255.671502224215,0.4905109489051095
3426,-4266.666395112966,0.4906596614127262
3427,-4073.9448308832634,0.49080828713160196
3428,-4354.522793383004,0.4909568261376896
3429,-4354.522793383004,0.49081364829396323
3430,-4033.9721357485105,0.4909620991253644
3431,-4033.9721357485105,0.49081900320606237
3432,-4033.9721357485105,0.49067599067599066
3433,-4033.9721357485105,0.4905330614622779
3434,-4038.030097542155,0.4906814210832848
3435,-4503.378599103392,0.4908296943231441
3436,-4503.378599103392,0.49068684516880096
3437,-4503.378599103392,0.49054407913878384
3438,-4503.378599103392,0.49040139616055844
3439,-4152.960726407935,0.49054957836580404
3440,-4152.960726407935,0.49040697674418604
3441,-4489.196275176962,0.4905550712002325
3442,-4489.196275176962,0.49041255084253343
3443,-4099.264774143835,0.4905605576532094
3444,-4099.264774143835,0.490418118466899
3445,-3626.9927348642177,0.49056603773584906
3446,-3626.9927348642177,0.4904236796285548
3447,-3626.9927348642177,0.4902814041195242
3448,-3626.9927348642177,0.49013921113689096
3449,-4457.565357228007,0.49028703972165844
3450,-4457.565357228007,0.4901449275362319
3451,-4345.040841097405,0.4902926687916546
3452,-4204.467552868476,0.49044032444959446
3453,-4278.4330721349415,0.49058789458441937
3454,-4278.4330721349415,0.49044585987261147
3455,-4381.303991377533,0.4905933429811867
3456,-4069.09250377145,0.49074074074074076
3457,-4069.09250377145,0.49059878507376337
3458,-4069.09250377145,0.49045691150954307
3459,-4295.219792542794,0.4906042208730847
3460,-4295.219792542794,0.49046242774566473
3461,-3905.0748771875487,0.49060965039006066
3462,-4175.478018655703,0.4907567879838244
3463,-3848.3489861802977,0.4909038406006353
3464,-3848.3489861802977,0.4907621247113164
3465,-3848.3489861802977,0.4906204906204906
3466,-3848.3489861802977,0.49047893825735717
3467,-3848.3489861802977,0.490337467551197
3468,-4388.554557778151,0.49048442906574397
3469,-4372.770942955732,0.4906313058518305
3470,-4495.915631117925,0.49077809798270894
3471,-4495.915631117925,0.49063670411985016
3472,-4495.915631117925,0.4904953917050691
3473,-4495.915631117925,0.49035416066801035
3474,-4495.915631117925,0.49021301093839953
3475,-4495.915631117925,0.4900719424460432
3476,-4495.915631117925,0.4899309551208285
3477,-4495.915631117925,0.4897900488927236
3478,-4123.8628162094365,0.4899367452558942
3479,-4662.296739579709,0.4900833572865766
3480,-4662.296739579709,0.4899425287356322
3481,-4662.296739579709,0.4898017810973858
3482,-4662.296739579709,0.4896611143021252
3483,-4383.767219073258,0.4898076370944588
3484,-4476.419414249866,0.4899540757749713
3485,-4476.419414249866,0.4898134863701578
3486,-4045.0944764299757,0.4899598393574297
3487,-4045.0944764299757,0.4898193289360482
3488,-4045.0944764299757,0.4896788990825688
3489,-4265.903314502358,0.48982516480366867
3490,-4329.748339836135,0.4899713467048711
3491,-4329.748339836135,0.48983099398453167
3492,-3802.333083787921,0.4899770904925544
3493,-3802.333083787921,0.4898368164901231
3494,-3722.354607651469,0.4899828277046365
3495,-3722.354607651469,0.4898426323319027
3496,-3574.184703164377,0.48998855835240274
3497,-3574.184703164377,0.48984844152130397
3498,-3574.184703164377,0.4897084048027444
3499,-3257.92770901031,0.4898542440697342
3500,-3257.92770901031,0.4897142857142857
3501,-3930.7557545495733,0.4898600399885747
3502,-3930.7557545495733,0.48972015990862366
3503,-3930.7557545495733,0.48958035969169283
3504,-3549.005626791797,0.4897260273972603
3505,-4037.317707590311,0.4898716119828816
3506,-3854.0800281477977,0.4900171135196805
3507,-3886.5834338191244,0.49016253207869975
3508,-3654.380549854711,0.4903078677309008
3509,-3654.380549854711,0.4901681390709604
3510,-3654.380549854711,0.49002849002849
3511,-3745.275392401837,0.4901737396753062
3512,-3745.275392401837,0.49003416856492027
3513,-3745.275392401837,0.48989467691431826
3514,-3681.4869460986115,0.4900398406374502
3515,-3955.6150164321025,0.49018492176386913
3516,-3955.6150164321025,0.49004550625711035
3517,-3955.6150164321025,0.4899061700312767
3518,-3955.6150164321025,0.4897669130187607
3519,-3955.6150164321025,0.48962773515203184
3520,-3868.6866836115364,0.48977272727272725
3521,-3661.734152250727,0.48991763703493324
3522,-4011.3109483075073,0.4900624645088018
3523,-3684.6939929047144,0.49020720976440535
3524,-3684.6939929047144,0.4900681044267877
3525,-3849.2796914132323,0.4902127659574468
3526,-3849.2796914132323,0.4900737379466818
3527,-3849.2796914132323,0.48993478877232777
3528,-3591.787152620745,0.49007936507936506
3529,-3371.4870795146726,0.4902238594502692
3530,-3313.53994414332,0.4903682719546742
3531,-3313.53994414332,0.49022939677145283
3532,-3519.9413175203,0.49037372593431483
3533,-3402.435428700296,0.4905179733937164
3534,-3402.435428700296,0.49037917374080364
3535,-3402.435428700296,0.49024045261669025
3536,-3402.435428700296,0.4901018099547511
3537,-3402.435428700296,0.4899632456884365
3538,-3514.1034605777795,0.4901074053137366
3539,-3775.4447987154604,0.49025148346990677
3540,-3500.8907218860354,0.4903954802259887
3541,-3500.8907218860354,0.4902569895509743
3542,-3515.1103446936554,0.4904009034443817
3543,-3658.4156283656257,0.49054473609935084
3544,-3658.4156283656257,0.4904063205417607
3545,-3658.4156283656257,0.49026798307475317
3546,-3658.4156283656257,0.4901297236322617
3547,-3658.4156283656257,0.4899915421482943
3548,-3613.032332506161,0.49013528748590757
3549,-3613.032332506161,0.4899971823048746
3550,-3613.032332506161,0.4898591549295775
3551,-2906.7493727587403,0.49000281610813856
3552,-2906.7493727587403,0.48986486486486486
3553,-3706.5623873418867,0.49000844356881507
3554,-3706.5623873418867,0.4898705683736635
3555,-3706.5623873418867,0.489732770745429
3556,-3706.5623873418867,0.48959505061867264
3557,-3706.5623873418867,0.4894574079280292
3558,-3518.47915779375,0.4896008993816751
3559,-3697.105351428762,0.4897443101994942
3560,-3888.9021073808476,0.4898876404494382
3561,-3888.9021073808476,0.4897500702049986
3562,-3888.9021073808476,0.48961257720381807
3563,-3802.8878731196064,0.4897558237440359
3564,-3802.8878731196064,0.48961840628507297
3565,-3802.8878731196064,0.4894810659186536
3566,-3667.42036076891,0.4896242288278183
3567,-3667.42036076891,0.4894869638351556
3568,-3509.73990855804,0.48963004484304934
3569,-3372.116494618637,0.48977304567105634
3570,-3372.116494618637,0.4896358543417367
3571,-3372.116494618637,0.48949873984878184
3572,-3372.116494618637,0.48936170212765956
3573,-3372.116494618637,0.4892247411139099
3574,-3530.983042712523,0.4893676552881925
3575,-3530.983042712523,0.48923076923076925
3576,-3530.983042712523,0.4890939597315436
3577,-3530.983042712523,0.488957226726307
3578,-3111.6747899209126,0.4891000558971492
3579,-3580.6968237521446,0.48924280525286395
3580,-3282.0603846581103,0.4893854748603352
3581,-3282.0603846581103,0.4892488131806758
3582,-3290.5371358303823,0.48939140145170296
3583,-3520.4934121719275,0.489533910131175
3584,-3371.574248670699,0.4896763392857143
3585,-3371.574248670699,0.4895397489539749
3586,-3371.574248670699,0.4894032348020078
3587,-3644.943488094296,0.48954558126568165
3588,-3644.943488094296,0.48940914158305465
3589,-3805.841334548875,0.48955140707718026
3590,-3805.841334548875,0.4894150417827298
3591,-3633.211992807162,0.48955722639933164
3592,-3633.211992807162,0.48942093541202675
3593,-3837.3483149851672,0.48956303924297245
3594,-3837.3483149851672,0.4894268224819143
3595,-3837.3483149851672,0.4892906815020862
3596,-3837.3483149851672,0.48915461624026696
3597,-3837.3483149851672,0.48901862663330553
3598,-3837.3483149851672,0.48888271261812116
3599,-3837.3483149851672,0.48874687413170326
3600,-3837.3483149851672,0.4886111111111111
3601,-3793.0050194555392,0.4887531241321855
3602,-3793.0050194555392,0.48861743475846753
3603,-3793.0050194555392,0.4884818207049681
3604,-3793.0050194555392,0.48834628190899
3605,-3793.0050194555392,0.4882108183079057
3606,-3793.0050194555392,0.48807542983915697
3607,-3779.3263400414826,0.4882173551427779
3608,-3779.3263400414826,0.4880820399113082
3609,-3510.43047503905,0.4882238847326129
3610,-3745.4784321507864,0.4883656509695291
3611,-3615.490988183168,0.48850733868734425
3612,-3615.490988183168,0.4883720930232558
3613,-3514.100558011581,0.4885137005258788
3614,-3818.1934605545844,0.4886552296624239
3615,-3818.1934605545844,0.48852005532503456
3616,-3818.1934605545844,0.4883849557522124
3617,-3818.1934605545844,0.48824993088194635
3618,-3818.1934605545844,0.4881149806522941
3619,-3818.1934605545844,0.4879801050013816
3620,-3487.4425350977353,0.488121546961326
3621,-4323.3668187228905,0.48826291079812206
3622,-4323.3668187228905,0.48812810601877415
3623,-4056.782054298273,0.48826939000828046
3624,-3996.4163900261083,0.48841059602649006
3625,-3446.908788706942,0.488551724137931
3626,-3980.0341854089265,0.4886927744070601
3627,-4024.417777654813,0.48883374689826303
3628,-4024.417777654813,0.4886990077177508
3629,-4024.417777654813,0.48856434279415817
3630,-4024.417777654813,0.4884297520661157
3631,-4024.417777654813,0.4882952354723217
3632,-3913.0604785997357,0.4884361233480176
3633,-3852.1699274814723,0.48857693366363886
3634,-3859.13859743507,0.4887176664832141
3635,-4070.985505412196,0.4888583218707015
3636,-4070.985505412196,0.48872387238723874
3637,-4070.985505412196,0.48858949683805336
3638,-4070.985505412196,0.488455195162177
3639,-3827.915437164884,0.4885957680681506
3640,-3827.915437164884,0.48846153846153845
3641,-3827.915437164884,0.4883273825872013
3642,-4193.7331763450975,0.48846787479406917
3643,-4115.807330595262,0.4886082898709854
3644,-4115.807330595262,0.4884742041712404
3645,-3941.674416359375,0.4886145404663923
3646,-4074.371499525393,0.48875479978058145
3647,-4271.496415531719,0.4888949821771319
3648,-4030.6913747526073,0.48903508771929827
3649,-4030.6913747526073,0.4889010687859688
3650,-4030.6913747526073,0.48876712328767125
3651,-4085.442612518631,0.48890714872637636
3652,-4615.025963909751,0.4890470974808324
3653,-4615.025963909751,0.4889132220093074
3654,-4615.025963909751,0.48877941981390255
3655,-4615.025963909751,0.48864569083447335
3656,-4615.025963909751,0.4885120350109409
3657,-4426.122163358462,0.4886519004648619
3658,-4426.122163358462,0.4885183160196829
3659,-3933.101655487754,0.48865810330691445
3660,-3933.101655487754,0.4885245901639344
3661,-4677.9129334858035,0.48866429937175637
3662,-4265.417823551398,0.488803932277444
3663,-4265.417823551398,0.4886704886704887
3664,-5129.412459051659,0.48881004366812225
3665,-5129.412459051659,0.4886766712141883
3666,-4156.091037112486,0.4888161483906165
3667,-4156.091037112486,0.48868284701390785
3668,-4926.37994590201,0.4888222464558342
3669,-4926.37994590201,0.48868901608067594
3670,-4926.37994590201,0.4885558583106267
3671,-4926.37994590201,0.4884227730863525
3672,-3852.592659449458,0.48856209150326796
3673,-4511.056005218023,0.488701334059352
3674,-4799.901345898569,0.48884050081654873
3675,-4799.901345898569,0.4887074829931973
3676,-4483.336196843987,0.4888465723612622
3677,-4562.501721488169,0.4889855860756051
3678,-4562.501721488169,0.488852637302882
3679,-4562.501721488169,0.48871976080456647
3680,-3953.066254619966,0.48885869565217394
3681,-4509.2971195948085,0.4889975550122249
3682,-4284.523437245792,0.4891363389462249
3683,-4284.523437245792,0.4890035297311974
3684,-4284.523437245792,0.48887079261672095
3685,-4284.523437245792,0.4887381275440977
3686,-4284.523437245792,0.48860553445469346
3687,-4284.523437245792,0.48847301328993764
3688,-4340.110003441438,0.4886117136659436
3689,-4340.110003441438,0.48847926267281105
3690,-4340.110003441438,0.4883468834688347
3691,-4311.8964839319515,0.4884855052831211
3692,-4311.8964839319515,0.488353196099675
3693,-4307.816994785452,0.4884917411318711
3694,-4126.3229287495815,0.4886302111532214
3695,-4187.01564634243,0.48876860622462787
3696,-4187.01564634243,0.48863636363636365
3697,-4159.513339106253,0.4887746821747363
3698,-4267.540180254264,0.4889129259058951
3699,-1749.6351399123128,0.48905109489051096
3700,-1749.6351399123128,0.4889189189189189
3701,-1749.6351399123128,0.4887868143744934
3702,-1749.6351399123128,0.4886547811993517
3703,-1749.6351399123128,0.48852281933567376
3704,-1749.6351399123128,0.48839092872570194
3705,-1749.6351399123128,0.4882591093117409
3706,-4550.1052549631095,0.4883971937398813
3707,-4944.717512668606,0.4885352036687348
3708,-4692.634168000372,0.4886731391585761
3709,-4692.634168000372,0.4885413858182799
3710,-4201.900441972307,0.48867924528301887
3711,-3726.192156213934,0.48881703045001346
3712,-3726.192156213934,0.4886853448275862
3713,-3726.192156213934,0.48855373013735526
3714,-3726.192156213934,0.4884221863220248
3715,-3726.192156213934,0.4882907133243607
3716,-3726.192156213934,0.4881593110871905
3717,-4973.685231373931,0.4882970137207425
3718,-4973.685231373931,0.4881656804733728
3719,-4973.685231373931,0.4880344178542619
3720,-4605.565422236374,0.4881720430107527
3721,-4605.565422236374,0.48804084923407687
3722,-4605.565422236374,0.4879097259537883
3723,-4058.4156746239983,0.48804727370400214
3724,-4659.912271413902,0.4881847475832438
3725,-4659.912271413902,0.4880536912751678
3726,-4493.076746670964,0.488191089640365
3727,-3376.7778816542404,0.4883284142742152
3728,-4354.801270778679,0.4884656652360515
3729,-4354.801270778679,0.4883346741753821
3730,-4354.801270778679,0.4882037533512064
3731,-4597.385775105687,0.4883409273653176
3732,-4597.385775105687,0.4882100750267953
3733,-4597.385775105687,0.4880792927939995
3734,-4597.385775105687,0.48794858061060525
3735,-4481.999280799205,0.48808567603748326
3736,-4481.999280799205,0.48795503211991437
3737,-4481.999280799205,0.48782445812148784
3738,-4247.542358264679,0.48796147672552165
3739,-4236.687233567622,0.48809842203797804
3740,-4236.687233567622,0.4879679144385027
3741,-4419.594740716854,0.4881047848168939
3742,-4419.594740716854,0.4879743452699091
3743,-4331.266289117993,0.4881111407961528
3744,-4362.555934751221,0.48824786324786323
3745,-4362.555934751221,0.4881174899866489
3746,-4759.427137229036,0.48825413774693005
3747,-4556.027366116643,0.48839071257005606
3748,-4556.027366116643,0.48826040554962646
3749,-4118.882431773173,0.48839690584155776
3750,-4118.882431773173,0.4882666666666667
3751,-4118.882431773173,0.4881364969341509
3752,-4865.067795784559,0.488272921108742
3753,-4865.067795784559,0.4881428190780709
3754,-4145.8106037063535,0.48827916888652106
3755,-4544.938003459714,0.4884154460719041
3756,-4544.938003459714,0.4882854100106496
3757,-4544.938003459714,0.48815544317274423
3758,-4254.454494373548,0.48829164449175094
3759,-4254.454494373548,0.4881617451449854
3760,-4254.454494373548,0.488031914893617
3761,-4254.454494373548,0.48790215368253126
3762,-4254.454494373548,0.48777246145667197
3763,-4254.454494373548,0.4876428381610417
3764,-4362.633940456709,0.487778958554729
3765,-4362.633940456709,0.48764940239043825
3766,-4362.633940456709,0.4875199150292087
3767,-4362.633940456709,0.4873904964162464
3768,-4362.633940456709,0.4872611464968153
3769,-4362.633940456709,0.48713186521623775
3770,-4283.413248767599,0.4872679045092838
3771,-4103.858651559232,0.48740387165208165
3772,-4433.596778149498,0.4875397667020148
3773,-4433.596778149498,0.4874105486350384
3774,-4433.596778149498,0.4872813990461049
3775,-4433.596778149498,0.4871523178807947
3776,-4433.596778149498,0.4870233050847458
3777,-4433.596778149498,0.4868943606036537
3778,-3173.8308328994585,0.48703017469560617
3779,-3173.8308328994585,0.4869012966393226
3780,-3173.8308328994585,0.48677248677248675
3781,-4042.5414643250037,0.4869082253372124
3782,-4719.7134266680105,0.48704389212057114
3783,-4719.7134266680105,0.48691514670896113
3784,-4719.7134266680105,0.4867864693446089
3785,-4594.479697648673,0.4869220607661823
3786,-4595.990688848729,0.48705758055995774
3787,-4595.990688848729,0.4869289675204648
3788,-4595.990688848729,0.48680042238648363
3789,-4595.990688848729,0.48667194510424916
3790,-4418.305132306507,0.4868073878627968
3791,-4418.305132306507,0.48667897652334474
3792,-4418.305132306507,0.4865506329113924
3793,-4089.09838535811,0.4866860005272871
3794,-3476.8020612551973,0.4868212967843964
3795,-4293.740738654981,0.48695652173913045
3796,-4516.280246204713,0.4870916754478398
3797,-4567.696325433232,0.4872267579668159
3798,-4567.696325433232,0.48709847288046343
3799,-4318.325616311408,0.4872334824953935
3800,-4410.566653904095,0.48736842105263156
3801,-3716.684310054941,0.487503288608261
3802,-3716.684310054941,0.48737506575486583
3803,-3716.684310054941,0.4872469103339469
3804,-3589.3437481777364,0.48738170347003157
3805,-3589.3437481777364,0.48725361366622866
3806,-3589.3437481777364,0.48712559117183396
3807,-4237.7436058808535,0.4872603099553454
3808,-4237.7436058808535,0.48713235294117646
3809,-4160.732862217944,0.4872669992123917
3810,-4165.8452724492,0.4874015748031496
3811,-4165.8452724492,0.48727368144843874
3812,-4183.03051220095,0.487408184679958
3813,-4013.553633650099,0.4875426173616575
3814,-4021.4415159241707,0.4876769795490299
3815,-4021.4415159241707,0.4875491480996068
3816,-4021.4415159241707,0.48742138364779874
3817,-3919.572933942404,0.48755567199371236
3818,-3919.572933942404,0.4874279727606077
3819,-4282.147006153806,0.48756218905472637
3820,-4116.706951852872,0.48769633507853405
3821,-3979.508331415924,0.4878304108872023
3822,-3979.508331415924,0.48770277341705914
3823,-3979.508331415924,0.4875752027203767
3824,-4367.142879621398,0.4877092050209205
3825,-4300.027115397294,0.48784313725490197
3826,-4300.027115397294,0.48771562990067957
3827,-4300.027115397294,0.487588189182127
3828,-4300.027115397294,0.48746081504702193
3829,-4300.027115397294,0.48733350744319665
3830,-4300.027115397294,0.48720626631853786
3831,-4300.027115397294,0.48707909162098667
3832,-4300.027115397294,0.4869519832985386
3833,-4387.968366906563,0.48708583355074353
3834,-4387.968366906563,0.4869587897756912
3835,-4065.0764969123893,0.48709256844850063
3836,-4045.592025935458,0.48722627737226276
3837,-4040.1209946278163,0.4873599166015116
3838,-4040.1209946278163,0.48723293381969773
3839,-4040.1209946278163,0.4871060171919771
3840,-4040.1209946278163,0.4869791666666667
3841,-4040.1209946278163,0.48685238219213745
3842,-4040.1209946278163,0.48672566371681414
3843,-3945.46907488679,0.4868592245641426
3844,-3945.46907488679,0.48673257023933403
3845,-3945.46907488679,0.48660598179453834
3846,-3945.46907488679,0.48647945917836716
3847,-3945.46907488679,0.4863530023394853
3848,-3945.46907488679,0.4862266112266112
3849,-3945.46907488679,0.4861002857885165
3850,-3945.46907488679,0.48597402597402595
3851,-3945.46907488679,0.4858478317320177
3852,-4006.381425493591,0.48598130841121495
3853,-3872.8460227242517,0.48611471580586557
3854,-3858.808859191355,0.4862480539699014
3855,-3828.4157653134575,0.48638132295719844
3856,-3828.4157653134575,0.4862551867219917
3857,-3828.4157653134575,0.48612911589318125
3858,-3828.4157653134575,0.4860031104199067
3859,-4050.8976610960844,0.4861363047421612
3860,-3944.5633927872523,0.48626943005181344
3861,-3944.5633927872523,0.4861434861434861
3862,-3944.5633927872523,0.486017607457276
3863,-3931.3551513210346,0.48615066010872376
3864,-3544.187448696826,0.4862836438923395
3865,-3544.187448696826,0.48615782664941787
3866,-3817.051376942268,0.48629073978272114
3867,-3655.380943865495,0.4864235841737781
3868,-3830.4623549768503,0.48655635987590484
3869,-3734.022826609837,0.48668906694236236
3870,-3579.593190683913,0.4868217054263566
3871,-3796.4272487772964,0.48695427538103847
3872,-3796.4272487772964,0.4868285123966942
3873,-3796.4272487772964,0.48670281435579654
3874,-3796.4272487772964,0.4865771812080537
3875,-3507.276443158341,0.48670967741935484
3876,-3507.276443158341,0.48658410732714136
3877,-3898.9412002642125,0.486716533402115
3878,-3898.9412002642125,0.4865910263022176
3879,-3898.9412002642125,0.48646558391337974
3880,-3913.127863331831,0.4865979381443299
3881,-2509.3082760967964,0.4867302241690286
3882,-2910.3039419550437,0.4868624420401855
3883,-2910.3039419550437,0.4867370589750193
3884,-2910.3039419550437,0.4866117404737384
3885,-2086.2468852267443,0.48674388674388674
3886,-2086.2468852267443,0.48661863098301594
3887,-2999.2367767084866,0.48675070748649346
3888,-3632.1155969999104,0.4868827160493827
3889,-3632.1155969999104,0.4867575212136796
3890,-3632.1155969999104,0.4866323907455013
3891,-2636.44589456666,0.4867643279362632
3892,248.12817075545388,0.486896197327852
3893,248.12817075545388,0.4867711276650398
3894,-1924.3587588439034,0.4869029275808937
3895,-4045.491152303172,0.48703465982028243
3896,-1979.2782692788915,0.48716632443531827
3897,-4501.42944895912,0.48729792147806006
3898,-4501.42944895912,0.48717290918419703
3899,-4501.42944895912,0.487047961015645
3900,-4501.42944895912,0.4869230769230769
3901,-4501.42944895912,0.4867982568572161
3902,-4501.42944895912,0.4866735007688365
3903,-3498.4974420857284,0.4868050217781194
3904,-2887.59152652531,0.4869364754098361
3905,-3791.6485596935595,0.48706786171574906
3906,-3280.7738005757424,0.48719918074756785
3907,-3280.7738005757424,0.4870744816995137
3908,-3280.7738005757424,0.486949846468782
3909,-3327.485637489286,0.48708109490918394
3910,-3327.485637489286,0.48695652173913045
3911,-2862.2936812811363,0.4870877013551521
3912,-2862.2936812811363,0.4869631901840491
3913,-2862.2936812811363,0.48683874265269617
3914,-2862.2936812811363,0.4867143587123148
3915,-3899.4123794040647,0.486845466155811
3916,-3899.4123794040647,0.48672114402451483
3917,-3899.4123794040647,0.48659688537145773
3918,-3584.3514593024934,0.48672792240939255
3919,-3584.3514593024934,0.4866037254401633
3920,-3584.3514593024934,0.48647959183673467
3921,-3668.7594842324506,0.486610558530987
3922,-3105.7775852568884,0.4867414584395717
3923,-3105.7775852568884,0.4866173846546011
3924,-3105.7775852568884,0.486493374108053
3925,-3633.847732971111,0.48662420382165605
3926,-3444.3237842363224,0.4867549668874172
3927,-3444.3237842363224,0.48663101604278075
3928,-3444.3237842363224,0.4865071283095723
3929,-3444.3237842363224,0.48638330363960297
3930,-3444.3237842363224,0.4862595419847328
3931,-3444.3237842363224,0.48613584329687104
3932,-3444.3237842363224,0.4860122075279756
3933,-3444.3237842363224,0.4858886346300534
3934,-3444.3237842363224,0.48576512455516013
3935,-3301.9917399192223,0.48589580686149936
3936,-3050.3368028947098,0.48602642276422764
3937,-3566.6771843113434,0.4861569723139446
3938,-3566.6771843113434,0.4860335195530726
3939,-3566.6771843113434,0.4859101294744859
3940,-3566.6771843113434,0.4857868020304569
3941,-3566.6771843113434,0.4856635371733063
3942,-3254.65885181833,0.48579401319127347
3943,-3568.2390658680647,0.48592442302815114
3944,-3568.2390658680647,0.48580121703853957
3945,-3568.2390658680647,0.48567807351077313
3946,-3596.9247982484285,0.48580841358337556
3947,-3596.9247982484285,0.4856853306308589
3948,-3596.9247982484285,0.48556231003039513
3949,-3596.9247982484285,0.48543935173461633
3950,-3469.715888922092,0.4855696202531646
3951,-3248.788563908655,0.4856998228296634
3952,-3248.788563908655,0.4855769230769231
3953,-3043.566827555853,0.4857070579306856
3954,-3043.566827555853,0.48558421851289835
3955,-3043.566827555853,0.4854614412136536
3956,-3043.566827555853,0.48533872598584427
3957,-3043.566827555853,0.4852160727824109
3958,-3043.566827555853,0.4850934815563416
3959,-2599.639270881172,0.48522354129830764
3960,-2599.639270881172,0.4851010101010101
3961,-2599.639270881172,0.48497854077253216
3962,-3339.1501673708076,0.4851085310449268
3963,-3102.890693201394,0.48523845571536717
3964,-2969.6989044621423,0.4853683148335015
3965,-2969.6989044621423,0.4852459016393443
3966,-2478.4189419177796,0.48537569339384773
3967,-2527.7188874356416,0.48550541971262917
3968,-2527.7188874356416,0.48538306451612906
3969,-2527.7188874356416,0.4852607709750567
3970,-2527.7188874356416,0.48513853904282117
3971,-2527.7188874356416,0.4850163686728784
3972,-2468.5819010563537,0.4851460221550856
3973,-2923.089454692643,0.4852756103699975
3974,-2923.089454692643,0.4851534977352793
3975,-2923.089454692643,0.4850314465408805
3976,-3085.703892774567,0.48516096579476864
3977,-3085.703892774567,0.4850389741010812
3978,-3016.6363145766413,0.48516842634489693
3979,-2826.9220330175076,0.48529781352098517
3980,-2826.9220330175076,0.4851758793969849
3981,-2826.9220330175076,0.4850540065310224
3982,-2826.9220330175076,0.4849321948769463
3983,-2837.8990124174693,0.4850615114235501
3984,-2837.8990124174693,0.48493975903614456
3985,-2898.9043323280657,0.485069008782936
3986,-2898.9043323280657,0.4849473156046162
3987,-2898.9043323280657,0.4848256834712817
3988,-2898.9043323280657,0.48470411233701105
3989,-3433.52789707007,0.48483329155176735
3990,-2646.230745655877,0.4849624060150376
3991,-2646.230745655877,0.4848408920070158
3992,-3426.429860105918,0.4849699398797595
3993,-3426.429860105918,0.48484848484848486
3994,-3426.429860105918,0.4847270906359539
3995,-3071.430682482237,0.4848560700876095
3996,-3269.414646903678,0.484984984984985
3997,-3269.414646903678,0.4848636477358019
3998,-3986.7233471245604,0.48499249624812407
3999,-3986.7233471245604,0.48487121780445114
4000,-3986.7233471245604,0.48475
4001,-3986.7233471245604,0.4846288427893027
4002,-3830.3244668388675,0.4847576211894053
4003,-3830.3244668388675,0.48463652260804396
4004,-3830.3244668388675,0.48451548451548454
4005,-4245.940850782288,0.4846441947565543
4006,-4583.328883280416,0.48477284073889165
4007,-3845.856417353672,0.4849014225106064
4008,-4047.3412670881335,0.48502994011976047
4009,-4519.925352303078,0.4851583936143677
4010,-4519.925352303078,0.4850374064837905
4011,-4022.138050370959,0.4851657940663176
4012,-4022.138050370959,0.48504486540378866
4013,-4078.809918640389,0.4851731871417892
4014,-4048.2896410386084,0.48530144494270055
4015,-4048.2896410386084,0.4851805728518057
4016,-4048.2896410386084,0.4850597609561753
4017,-4028.1290706939317,0.4851879512073687
4018,-3607.602448868423,0.48531607765057244
4019,-3607.602448868423,0.4851953222194576
4020,-3607.602448868423,0.48507462686567165
4021,-3607.602448868423,0.48495399154439195
4022,-3607.602448868423,0.48483341621084036
4023,-4038.4188668574875,0.48496147153865277
4024,-4038.4188668574875,0.48484095427435386
4025,-3157.135494339091,0.4849689440993789
4026,-3157.135494339091,0.48484848484848486
4027,-3957.267689128758,0.4849764092376459
4028,-4424.430137045541,0.48510427010923535
4029,-4424.430137045541,0.48498386696450735
4030,-4424.430137045541,0.484863523573201
4031,-4424.430137045541,0.48474323989084594
4032,-4424.430137045541,0.48462301587301587
4033,-4424.430137045541,0.48450285147532857
4034,-4203.973991662003,0.4846306395637085
4035,-4203.973991662003,0.48451053283767037
4036,-4203.973991662003,0.48439048562933595
4037,-4203.973991662003,0.48427049789447607
4038,-4203.973991662003,0.4841505695889054
4039,-4203.973991662003,0.4840307006684823
4040,-4271.984130922682,0.48415841584158414
4041,-4054.60647274929,0.4842860678049988
4042,-4235.464615115937,0.4844136566056408
4043,-4235.464615115937,0.4842938412070245
4044,-4235.464615115937,0.48417408506429277
4045,-4235.464615115937,0.48405438813349816
4046,-4235.464615115937,0.4839347503707365
4047,-4235.464615115937,0.4838151717321473
4048,-4312.167318608634,0.4839426877470356
4049,-4312.167318608634,0.48382316621388
4050,-4204.943601202142,0.4839506172839506
4051,-4204.943601202142,0.48383115280177735
4052,-4204.943601202142,0.4837117472852912
4053,-4066.4796092771994,0.4838391315075253
4054,-4066.4796092771994,0.48371978293043905
4055,-4066.4796092771994,0.48360049321824905
4056,-4066.4796092771994,0.4834812623274162
4057,-4066.4796092771994,0.48336209021444415
4058,-3795.7043601988617,0.4834894036471168
4059,-3813.515048318228,0.48361665434836165
4060,-3973.386198712556,0.483743842364532
4061,-3973.386198712556,0.48362472297463677
4062,-3973.386198712556,0.483505662235352
4063,-3973.386198712556,0.4833866601033719
4064,-3579.2645070886933,0.48351377952755903
4065,-3579.2645070886933,0.4833948339483395
4066,-3579.2645070886933,0.48327594687653713
4067,-4409.868448142827,0.4834029997541185
4068,-4181.491057955645,0.4835299901671583
4069,-4255.985367038099,0.48365691816171047
4070,-4255.985367038099,0.48353808353808353
4071,-4390.333433312623,0.48366494718742326
4072,-4390.333433312623,0.48354616895874264
4073,-3986.9832524733138,0.48367296832801376
4074,-3986.9832524733138,0.4835542464408444
4075,-3986.9832524733138,0.4834355828220859
4076,-3986.9832524733138,0.4833169774288518
4077,-3986.9832524733138,0.4831984302182978
4078,-3768.0097091446587,0.48332515939185877
4079,-3768.0097091446587,0.4832066683010542
4080,-3768.0097091446587,0.48308823529411765
4081,-3648.8906684131775,0.4832148983092379
4082,-3648.8906684131775,0.48309652131308184
4083,-4026.4141843888237,0.48322312025471464
4084,-4026.4141843888237,0.48310479921645444
4085,-4026.4141843888237,0.48298653610771114
4086,-4026.4141843888237,0.48286833088595205
4087,-3835.2575463062653,0.4829948617567898
4088,-3733.6906976921186,0.48312133072407043
4089,-3733.6906976921186,0.4830031792614331
4090,-3718.7507110112324,0.48312958435207826
4091,-3718.7507110112324,0.4830114886335859
4092,-3560.806548192008,0.4831378299120235
4093,-3777.261472715882,0.48326410945516735
4094,-3777.261472715882,0.48314606741573035
4095,-3777.261472715882,0.48302808302808303
4096,-3777.261472715882,0.48291015625
4097,-3777.261472715882,0.48279228703929705
4098,-3777.261472715882,0.4826744753538311
4099,-3565.4619760469213,0.48280068309343743
4100,-3338.011815167366,0.48292682926829267
4101,-2467.0682233783295,0.4830529139234333
4102,-3635.803698565945,0.4831789371038518
4103,-3566.1582457479067,0.48330489885449673
4104,-3566.1582457479067,0.483187134502924
4105,-4317.07907577274,0.4833130328867235
4106,-4067.1427205817777,0.4834388699464199
4107,-4067.1427205817777,0.4833211589968347
4108,-4248.981164786883,0.4834469328140214
4109,-4248.981164786883,0.4833292771963982
4110,-4288.750011663993,0.4834549878345499
4111,-4048.678211249866,0.483580637314522
4112,-3924.368846738448,0.48370622568093385
4113,-3924.368846738448,0.48358862144420134
4114,-3924.368846738448,0.4834710743801653
4115,-3924.368846738448,0.4833535844471446
4116,-3970.311836767411,0.4834791059280855
4117,-3970.311836767411,0.48336167111974737
4118,-3970.311836767411,0.4832442933462846
4119,-3797.2937814351644,0.48336974993930565
4120,-3797.2937814351644,0.48325242718446604
4121,-3208.8533685928423,0.4833778209172531
4122,-3208.8533685928423,0.48326055312954874
4123,-3792.2622324190047,0.4833858840650012
4124,-3792.2622324190047,0.4832686711930165
4125,-4261.869294900497,0.4833939393939394
4126,-3997.353180333456,0.48351914687348524
4127,-4016.1474066174296,0.48364429367579354
4128,-4016.1474066174296,0.48352713178294576
4129,-4016.1474066174296,0.48341002664083316
4130,-3739.984240517014,0.4835351089588378
4131,-3739.984240517014,0.48341805858145726
4132,-3739.984240517014,0.48330106485963215
4133,-3739.984240517014,0.48318412775223807
4134,-3739.984240517014,0.4830672472181906
4135,-3693.4432859635895,0.483192261185006
4136,-3757.5207468567246,0.4833172147001934
4137,-3757.5207468567246,0.48320038675368626
4138,-3645.628253852865,0.4833252779120348
4139,-3645.628253852865,0.48320850446967867
4140,-3311.2300957714447,0.48333333333333334
4141,-3311.2300957714447,0.48321661434436125
4142,-3639.773496156772,0.4833413809753742
4143,-3639.773496156772,0.48322471638909004
4144,-3639.773496156772,0.4831081081081081
4145,-3639.773496156772,0.4829915560916767
4146,-3639.773496156772,0.48287506029908345
4147,-3482.245816643751,0.48299975886182783
4148,-3482.245816643751,0.48288331726133077
4149,-3394.9256610443376,0.48300795372378885
4150,-3394.9256610443376,0.48289156626506025
4151,-3394.9256610443376,0.4827752348831607
4152,-2665.5664336553577,0.4828998073217726
4153,-2665.5664336553577,0.4827835299783289
4154,-3103.0555304841364,0.48290804044294655
4155,-3476.2485347329025,0.4830324909747292
4156,-3318.903152974125,0.48315688161693937
4157,-3318.903152974125,0.4830406543180178
4158,-2942.298871470825,0.4831649831649832
4159,-2942.298871470825,0.4830488098100505
4160,-3857.0932136097913,0.4831730769230769
4161,-3363.893411948912,0.483297284306657
4162,-2762.0346302902994,0.4834214320038443
4163,-2762.0346302902994,0.483305308671631
4164,-2762.0346302902994,0.48318924111431316
4165,-2762.0346302902994,0.4830732292917167
4166,-3115.427713784393,0.4831973115698512
4167,-3115.427713784393,0.48308135349172066
4168,-3115.427713784393,0.4829654510556622
4169,-3115.427713784393,0.48284960422163586
4170,-3115.427713784393,0.4827338129496403
4171,-2027.1368741836948,0.4828578278590266
4172,-2027.1368741836948,0.4827420901246405
4173,-3949.136278748616,0.48286604361370716
4174,-2644.924229596974,0.48298993770963106
4175,-3680.801755407018,0.4831137724550898
4176,-3680.801755407018,0.48299808429118773
4177,-3217.6511704021214,0.4831218577926742
4178,-3217.6511704021214,0.48300622307324076
4179,-3217.6511704021214,0.4828906436946638
4180,-3217.6511704021214,0.48277511961722486
4181,-3773.246655453994,0.4828988280315714
4182,-3773.246655453994,0.48278335724533716
4183,-3773.246655453994,0.48266794166865884
4184,-2690.0561118539413,0.48279158699808794
4185,-2690.0561118539413,0.4826762246117085
4186,-2690.0561118539413,0.482560917343526
4187,-3603.3168557999597,0.48268449964174825
4188,-4015.4680308545035,0.4828080229226361
4189,-4015.4680308545035,0.4826927667701122
4190,-3404.283606234024,0.4828162291169451
4191,-3671.6891873842387,0.48293963254593175
4192,-3798.6188839924002,0.4830629770992366
4193,-3798.6188839924002,0.48294777009301215
4194,-3798.6188839924002,0.48283261802575106
4195,-3798.6188839924002,0.4827175208581645
4196,-3798.6188839924002,0.48260247855100097
4197,-3798.6188839924002,0.48248749106504646
4198,-3798.6188839924002,0.48237255836112436
4199,-3529.2142030126092,0.4824958323410336
4200,-3529.2142030126092,0.48238095238095235
4201,-3887.32719514215,0.48250416567483934
4202,-3735.748718786527,0.4826273203236554
4203,-3735.748718786527,0.4825124910778016
4204,-3606.278815714356,0.48263558515699334
4205,-3603.106503210828,0.4827586206896552
4206,-3603.106503210828,0.48264384213029005
4207,-3610.3140074490575,0.4827668172094129
4208,-3610.3140074490575,0.48265209125475284
4209,-3533.892886063731,0.4827750059396531
4210,-3533.892886063731,0.4826603325415677
4211,-3633.3285067763427,0.4827831868914747
4212,-3758.036601320075,0.4829059829059829
4213,-3758.036601320075,0.48279136007595536
4214,-3758.036601320075,0.4826767916468913
4215,-3720.4010247344495,0.48279952550415184
4216,-3720.4010247344495,0.482685009487666
4217,-3727.692877625926,0.4828076831870998
4218,-3302.5754935128275,0.4829302987197724
4219,-3302.5754935128275,0.48281583313581417
4220,-3302.5754935128275,0.4827014218009479
4221,-3302.5754935128275,0.48258706467661694
4222,-3302.5754935128275,0.48247276172430126
4223,-3497.3349922475386,0.4825953113900071
4224,-3497.3349922475386,0.4824810606060606
4225,-3183.328915734928,0.482603550295858
4226,-3183.328915734928,0.48248935163274964
4227,-3183.328915734928,0.48237520700260234
4228,-3595.314366530786,0.4824976348155156
4229,-3595.314366530786,0.48238354220855995
4230,-3598.3783463868886,0.4825059101654846
4231,-3598.3783463868886,0.482391869534389
4232,-3637.9405330834184,0.4825141776937618
4233,-3637.9405330834184,0.48240018899125914
4234,-3637.9405330834184,0.48228625413320736
4235,-3637.9405330834184,0.482172373081464
4236,-3637.9405330834184,0.48205854579792257
4237,-3637.9405330834184,0.48194477224451265
4238,-3637.9405330834184,0.4818310523831996
4239,-3591.698255510455,0.4819532908704883
4240,-3668.538072416757,0.4820754716981132
4241,-3668.538072416757,0.48196180146191936
4242,-3668.538072416757,0.48184818481848185
4243,-3622.329750519952,0.48197030403016733
4244,-3516.616350333479,0.4820923656927427
4245,-3516.616350333479,0.48197879858657244
4246,-3649.3202006299857,0.48210080075365047
4247,-3649.3202006299857,0.4819872851424535
4248,-3649.3202006299857,0.4818738229755179
4249,-3649.3202006299857,0.48176041421510946
4250,-3718.9589675971206,0.4818823529411765
4251,-3752.5165244909435,0.4820042342978123
4252,-3752.5165244909435,0.4818908748824083
4253,-3622.689270919498,0.4820126969198213
4254,-3183.0988563538017,0.48213446168312174
4255,-2826.34668418944,0.48225616921269093
4256,-3158.2455831419443,0.48237781954887216
4257,-3158.2455831419443,0.48226450552031946
4258,-3158.2455831419443,0.48215124471582904
4259,-3158.2455831419443,0.4820380370979103
4260,-3158.2455831419443,0.481924882629108
4261,-3414.507427221325,0.48204646796526635
4262,-3218.2799089373025,0.48216799624589396
4263,-3218.2799089373025,0.48205489092188597
4264,-3218.2799089373025,0.48194183864915574
4265,-3218.2799089373025,0.48182883939038684
4266,-3602.00990360397,0.48195030473511485
4267,-3602.00990360397,0.4818373564565268
4268,-3602.00990360397,0.4817244611059044
4269,-2663.920600705739,0.48184586554228154
4270,-4294.076553828265,0.4819672131147541
4271,-4294.076553828265,0.4818543666588621
4272,-4294.076553828265,0.48174157303370785
4273,-4294.076553828265,0.4816288322021999
4274,-4294.076553828265,0.4815161441272812
4275,-4294.076553828265,0.48140350877192983
4276,-3956.036689775227,0.4815247895229186
4277,-3316.1350601385443,0.4816460135609072
4278,-4546.048764144191,0.48176718092566617
4279,-4546.048764144191,0.48165459219443796
4280,-4546.048764144191,0.48154205607476636
4281,-4546.048764144191,0.48142957252978275
4282,-4594.234150534459,0.48155067725361983
4283,-4594.234150534459,0.4814382442213402
4284,-4255.680970343846,0.4815592903828198
4285,-3906.3976903962216,0.48168028004667446
4286,-3906.3976903962216,0.4815678954736351
4287,-3517.3881737378,0.48168882668532775
4288,-3517.3881737378,0.48157649253731344
4289,-3517.3881737378,0.4814642107717417
4290,-3051.9504116784537,0.48158508158508156
4291,-4060.9832264392408,0.48170589606152414
4292,-4563.4202252601435,0.48182665424044735
4293,-4563.4202252601435,0.4817144188213371
4294,-4365.314135817751,0.48183511877037727
4295,-4365.314135817751,0.48172293364377183
4296,-4365.314135817751,0.48161080074487894
4297,-4365.314135817751,0.48149872003723526
4298,-4481.028145001767,0.4816193578408562
4299,-4327.739704407203,0.4817399395208188
4300,-4327.739704407203,0.4816279069767442
4301,-4147.4969994020375,0.48174843059753547
4302,-4036.637129885136,0.4818688981868898
4303,-4036.637129885136,0.481756913781083
4304,-4036.637129885136,0.4816449814126394
4305,-4036.637129885136,0.4815331010452962
4306,-4159.262646666776,0.4816535067347887
4307,-4159.262646666776,0.4815416763408405
4308,-4159.262646666776,0.48142989786443824
4309,-4159.262646666776,0.48131817126943605
4310,-4070.7930304897236,0.4814385150812065
4311,-3941.197673670704,0.4815588030619346
4312,-3941.197673670704,0.48144712430426717
4313,-3941.197673670704,0.4813354973336425
4314,-3835.23402174254,0.4814557255447381
4315,-4103.968654221565,0.48157589803012746
4316,-4038.6058807593936,0.48169601482854496
4317,-4038.6058807593936,0.4815844336344684
4318,-4038.6058807593936,0.48147290412227883
4319,-4141.527439386506,0.48159296133364204
4320,-4141.527439386506,0.48148148148148145
4321,-4141.527439386506,0.48137005322841936
4322,-3863.2911517091047,0.48149005090236
4323,-3716.049024517043,0.4816099930603747
4324,-3999.955706072603,0.4817298797409806
4325,-3999.955706072603,0.48161849710982657
4326,-3432.9749305642454,0.4817383263985206
4327,-3432.9749305642454,0.48162699329789693
4328,-3684.5538171564845,0.4817467652495379
4329,-3667.389966717237,0.48186648186648184
4330,-3667.389966717237,0.48175519630484986
4331,-3553.0041972410336,0.4818748556915262
4332,-3602.6498683876835,0.481994459833795
4333,-3602.6498683876835,0.4818832217862912
4334,-3602.6498683876835,0.48177203507152744
4335,-3602.6498683876835,0.48166089965397924
4336,-3473.0569801520132,0.48178044280442806
4337,-4136.541245375126,0.4818999308277611
4338,-3923.619710821744,0.48201936376210236
4339,-3923.619710821744,0.4819082737958055
4340,-3856.500801767305,0.48202764976958523
4341,-3856.500801767305,0.4819166090762497
4342,-3856.500801767305,0.4818056195301704
4343,-3710.255680453441,0.4819249366797145
4344,-3710.255680453441,0.48181399631675875
4345,-3710.255680453441,0.4817031070195627
4346,-3617.2810502554994,0.48182236539346524
4347,-3830.636135723424,0.48194156889809064
4348,-3785.8585704916372,0.48206071757129715
4349,-3865.860635837107,0.48217981145090827
4350,-3865.860635837107,0.4820689655172414
4351,-3865.860635837107,0.4819581705355091
4352,-3865.860635837107,0.48184742647058826
4353,-3642.4468634934683,0.48196645991270387
4354,-3642.4468634934683,0.4818557648139642
4355,-3642.4468634934683,0.4817451205510907
4356,-3569.4300129332373,0.4818640955004591
4357,-3652.2153741559823,0.4819830158365848
4358,-3738.940736119685,0.48210188159706285
4359,-3738.940736119685,0.4819912824042212
4360,-3907.8379666668106,0.48211009174311925
4361,-3907.8379666668106,0.48199954138958956
4362,-3451.1107111133733,0.48211829436038517
4363,-3451.1107111133733,0.4820077928031171
4364,-3638.2744951092136,0.4821264894592117
4365,-3638.2744951092136,0.4820160366552119
4366,-3638.2744951092136,0.4819056344480073
4367,-4040.3619294853256,0.4820242729562629
4368,-4040.3619294853256,0.4819139194139194
4369,-3948.7995261230344,0.48203250171663997
4370,-4268.379265019293,0.4821510297482838
4371,-4268.379265019293,0.48204072294669414
4372,-4268.379265019293,0.48193046660567246
4373,-4268.379265019293,0.4818202606906014
4374,-4087.4732367229944,0.4819387288523091
4375,-3772.1038008623377,0.48205714285714285
4376,-3772.1038008623377,0.4819469835466179
4377,-3772.1038008623377,0.4818368745716244
4378,-3772.1038008623377,0.4817268158976702
4379,-3772.1038008623377,0.48161680749029456
4380,-3772.1038008623377,0.4815068493150685
4381,-3772.1038008623377,0.48139694133759414
4382,-4046.053117133545,0.4815152898219991
4383,-3930.95604059331,0.4816335843029888
4384,-3930.95604059331,0.48152372262773724
4385,-3004.0723870320385,0.4816419612314709
4386,-3004.0723870320385,0.48153214774281805
4387,-3004.0723870320385,0.4814223843173011
4388,-3004.0723870320385,0.4813126709206928
4389,-3945.6038809152265,0.4814308498519025
4390,-3945.6038809152265,0.4813211845102506
4391,-3945.6038809152265,0.48121156911865176
4392,-3463.3344261219045,0.4813296903460838
4393,-3463.3344261219045,0.4812201229228318
4394,-3757.6376599695395,0.4813381884387802
4395,-3757.6376599695395,0.4812286689419795
4396,-3757.6376599695395,0.48111919927206553
4397,-3620.479889602614,0.4812372071867182
4398,-3620.479889602614,0.4811277853569804
4399,-3620.479889602614,0.48101841327574446
4400,-2966.049442246547,0.48113636363636364
4401,-3170.851768852842,0.4812542603953647
4402,-3170.851768852842,0.4811449341208542
4403,-3578.3568306082925,0.48126277538042245
4404,-3578.3568306082925,0.4811534968210718
4405,-3578.3568306082925,0.48104426787741206
4406,-3735.2647332374013,0.4811620517476169
4407,-3339.5236104311894,0.48127978216473793
4408,-3339.5236104311894,0.4811705989110708
4409,-3339.5236104311894,0.48106146518484916
4410,-3596.595864928457,0.4811791383219955
4411,-3596.595864928457,0.48107005214237136
4412,-3596.595864928457,0.48096101541251135
4413,-3986.207391415285,0.4810786313165647
4414,-2975.6123998781254,0.4811961939284096
4415,-2759.8505921279234,0.4813137032842582
4416,-2762.016131084782,0.48143115942028986
4417,-2762.016131084782,0.48132216436495356
4418,-2762.016131084782,0.4812132186509733
4419,-3789.37091375416,0.4813306177868296
4420,-3738.7640214055436,0.481447963800905
4421,-3937.3160098178355,0.48156525672924677
4422,-3937.3160098178355,0.4814563545906829
4423,-3422.6202087381976,0.48157359258421883
4424,-3422.6202087381976,0.48146473779385174
4425,-3422.6202087381976,0.48135593220338985
4426,-3940.70725283739,0.4814731134206959
4427,-4077.619562212026,0.48159024169866727
4428,-4077.619562212026,0.48148148148148145
4429,-4077.619562212026,0.4813727703770603
4430,-4077.619562212026,0.48126410835214445
4431,-4077.619562212026,0.4811554953735048
4432,-4389.560737378704,0.4812725631768953
4433,-4389.560737378704,0.48116399729302956
4434,-4389.560737378704,0.4810554803788904
4435,-4119.592770986269,0.4811724915445321
4436,-3935.24939633868,0.48128944995491435
4437,-3858.574261856228,0.48140635564570655
4438,-3858.574261856228,0.48129788192879674
4439,-4045.696738117578,0.48141473304798377
4440,-4045.696738117578,0.48130630630630633
4441,-4313.272107974004,0.48142310290475115
4442,-4313.272107974004,0.48131472309770373
4443,-4313.272107974004,0.48120639207742516
4444,-4313.272107974004,0.4810981098109811
4445,-4313.272107974004,0.4809898762654668
4446,-4135.729451615674,0.48110661268556004
4447,-4135.729451615674,0.48099842590510455
4448,-4135.729451615674,0.48089028776978415
4449,-4135.729451615674,0.480782198246797
4450,-4135.729451615674,0.48067415730337076
4451,-4135.729451615674,0.4805661649067625
4452,-4433.278827623626,0.4806828391734052
4453,-4236.67635521221,0.4807994610375028
4454,-4793.268369448836,0.48091603053435117
4455,-4564.203352020811,0.4810325476992144
4456,-4564.203352020811,0.4809245960502693
4457,-4564.203352020811,0.48081669284271933
4458,-4570.026994328477,0.480933153880664
4459,-4570.026994328477,0.48082529715182776
4460,-4735.867485184763,0.48094170403587444
4461,-4735.867485184763,0.4808338937457969
4462,-4510.324365704789,0.4809502465262214
4463,-4510.324365704789,0.4808424826349989
4464,-4774.101070006999,0.48095878136200715
4465,-4183.242676324663,0.4810750279955207
4466,-4183.242676324663,0.48096730855351544
4467,-4183.242676324663,0.48085963734049697
4468,-3888.292425635178,0.48097582811101164
4469,-4678.798091119183,0.48109196688297157
4470,-4678.798091119183,0.4809843400447427
4471,-4678.798091119183,0.4808767613509282
4472,-3783.169069186543,0.4809928443649374
4473,-4606.335210501382,0.48110887547507264
4474,-4606.335210501382,0.481001341081806
4475,-4606.335210501382,0.48089385474860336
4476,-4133.096273178776,0.48100983020554067
4477,-2748.420631806918,0.4811257538530266
4478,-4637.679424234217,0.48124162572577045
4479,-3901.0910640044467,0.48135744585845053
4480,-3901.0910640044467,0.48125
4481,-4039.5597122626623,0.48136576656996205
4482,-4039.5597122626623,0.48125836680053546
4483,-4129.50752721952,0.48137407985723846
4484,-4022.482304665805,0.48148974130240857
4485,-4022.482304665805,0.4813823857302118
4486,-4022.482304665805,0.48127507802050823
4487,-4022.482304665805,0.48116781814129705
4488,-3168.293225711725,0.48128342245989303
4489,-3456.0798747294784,0.4813989752728893
4490,-3456.0798747294784,0.48129175946547886
4491,-3456.0798747294784,0.4811845914050323
4492,-3456.0798747294784,0.48107747105966164
4493,-3782.9553274030027,0.48119296683730245
4494,-3990.0582098688874,0.48130841121495327
4495,-3456.6102981312315,0.4814238042269188
4496,-3871.033474029069,0.4815391459074733
4497,-3588.143634960725,0.4816544362908606
4498,-3462.2993682022807,0.4817696754112939
4499,-3894.227401988788,0.4818848633029562
4500,-3894.227401988788,0.4817777777777778
4501,-3894.227401988788,0.4816707398355921
4502,-3894.227401988788,0.48156374944469127
4503,-3749.1038249838393,0.4816788807461692
4504,-3076.0881203476615,0.4817939609236234
4505,-3844.9675952252114,0.48190899001109877
4506,-3844.9675952252114,0.48180204172214824
4507,-3844.9675952252114,0.48169514089194587
4508,-3686.2681961794283,0.481810115350488
4509,-3840.5510300414803,0.48192503881126636
4510,-4279.3189113165145,0.482039911308204
4511,-4099.489833147367,0.48215473287519395
4512,-3714.8926463970315,0.48226950354609927
4513,-4033.3148769655104,0.48238422335475295
4514,-4033.3148769655104,0.48227735932653965
4515,-3708.9156363085367,0.48239202657807306
4516,-3708.9156363085367,0.48228520814880427
4517,-3708.9156363085367,0.4821784370157184
4518,-3708.9156363085367,0.4820717131474104
4519,-3722.460178232363,0.48218632440805487
4520,-3590.9203664598344,0.4823008849557522
4521,-4116.595636798902,0.48241539482415396
4522,-3704.490788958489,0.4825298540468819
4523,-3989.5641500621173,0.4826442626575282
4524,-3989.5641500621173,0.48253757736516356
4525,-3989.5641500621173,0.48243093922651936
4526,-3989.5641500621173,0.48232434821034026
4527,-3989.5641500621173,0.48221780428539873
4528,-3989.5641500621173,0.4821113074204947
4529,-3928.0550250179654,0.482225656877898
4530,-3371.471115247119,0.48233995584988965
4531,-3876.2753783521625,0.4824542043698963
4532,-3876.2753783521625,0.4823477493380406
4533,-3876.2753783521625,0.48224134127509377
4534,-4346.0957039572,0.4823555359505955
4535,-3761.2583467089817,0.4824696802646086
4536,-3754.868225072326,0.4825837742504409
4537,-3754.868225072326,0.48247740797884064
4538,-1762.1379168886249,0.4825914499779639
4539,-1762.1379168886249,0.48248512888301387
4540,-4294.068187253004,0.4825991189427313
4541,-4294.068187253004,0.4824928429861264
4542,-3901.142037516198,0.4826067811536768
4543,-4181.422145023483,0.48272066916134715
4544,-3563.3778341437805,0.4828345070422535
4545,-3566.9410553933435,0.4829482948294829
4546,-3566.9410553933435,0.48284205895292565
4547,-3566.9410553933435,0.4827358698042665
4548,-3566.9410553933435,0.4826297273526825
4549,-3566.9410553933435,0.48252363156737743
4550,-3779.2090275093055,0.4826373626373626
4551,-3526.595809218992,0.4827510437266535
4552,-3526.595809218992,0.48264499121265375
4553,-3663.811781148139,0.4827586206896552
4554,-3663.811781148139,0.4826526130873957
4555,-3663.811781148139,0.48254665203073543
4556,-3529.693889907811,0.48266022827041266
4557,-3226.199579676297,0.4827737546631556
4558,-3226.199579676297,0.4826678367705134
4559,-3226.199579676297,0.48256196534327706
4560,-3226.199579676297,0.4824561403508772
4561,-3226.199579676297,0.4823503617627713
4562,-3226.199579676297,0.48224462954844366
4563,-3226.199579676297,0.48213894367740523
4564,-3518.1505091354998,0.4822524101665206
4565,-3147.9603272289783,0.4823658269441402
4566,-3686.127956036986,0.482479194042926
4567,-3686.127956036986,0.48237354937595794
4568,-3690.1759238539403,0.48248686514886163
4569,-3287.071811481316,0.48260013131976365
4570,-3658.6463847901537,0.4827133479212254
4571,-3646.3461064487633,0.48282651498577994
4572,-3606.69099369798,0.48293963254593175
4573,-3606.69099369798,0.48283402580363
4574,-3639.8784547555892,0.4829470922606034
4575,-3639.8784547555892,0.4828415300546448
4576,-3639.8784547555892,0.482736013986014
4577,-3639.8784547555892,0.4826305440244702
4578,-3183.0386728250887,0.48274355613805153
4579,-1810.449607203816,0.48285651889058745
4580,-3632.058765450146,0.4829694323144105
4581,-2145.819496598924,0.48308229644182493
4582,-2145.819496598924,0.48297686599738104
4583,-3113.017246184254,0.48308967924939994
4584,-3113.017246184254,0.4829842931937173
4585,-3113.017246184254,0.48287895310796075
4586,-2610.7641834024876,0.4829917139119058
4587,-3482.369726468765,0.48310442555046873
4588,-1921.7415897516742,0.4832170880557977
4589,-1921.7415897516742,0.48311178906079755
4590,-3515.819440580767,0.4832244008714597
4591,-3515.819440580767,0.48311914615552165
4592,-4106.02870607617,0.48323170731707316
4593,-4106.02870607617,0.483126496843022
4594,-4106.02870607617,0.4830213321723988
4595,-3742.0361901949045,0.48313384113166485
4596,-3576.8185014319342,0.48324630113141864
4597,-3884.634206898111,0.48335871220361104
4598,-3884.634206898111,0.48325358851674644
4599,-3884.634206898111,0.4831485105457708
4600,-3884.634206898111,0.4830434782608696
4601,-3884.634206898111,0.48293849163225383
4602,-3860.3343017119296,0.4830508474576271
4603,-3860.3343017119296,0.48294590484466654
4604,-3860.3343017119296,0.48284100781928757
4605,-3612.8267420549355,0.48295331161780675
4606,-3612.8267420549355,0.4828484585323491
4607,-3612.8267420549355,0.4827436509659214
4608,-3612.8267420549355,0.4826388888888889
4609,-3612.8267420549355,0.4825341722716424
4610,-3612.8267420549355,0.4824295010845987
4611,-3612.8267420549355,0.48232487529819995
4612,-3642.8130328726793,0.4824371205550737
4613,-3547.777583220837,0.48254931714719274
4614,-3547.777583220837,0.48244473342002603
4615,-3547.777583220837,0.48234019501625136
4616,-3477.1636005815185,0.4824523396880416
4617,-3477.1636005815185,0.48234784492094435
4618,-3477.1636005815185,0.4822433954092681
4619,-3477.1636005815185,0.48213899112361985
4620,-3086.0961360861397,0.48225108225108226
4621,-3086.0961360861397,0.48214672148885523
4622,-3086.0961360861397,0.48204240588489833
4623,-3086.0961360861397,0.481938135409907
4624,-3536.4759418425883,0.4820501730103806
4625,-3536.4759418425883,0.4819459459459459
4626,-3536.4759418425883,0.48184176394293127
4627,-3559.13586892471,0.48195374972984656
4628,-3559.13586892471,0.4818496110630942
4629,-3559.13586892471,0.4817455173903651
4630,-3559.13586892471,0.4816414686825054
4631,-3786.0505926126966,0.481753400993306
4632,-3786.0505926126966,0.48164939550949915
4633,-3786.0505926126966,0.48154543492337576
4634,-3588.2294192494087,0.4816573154941735
4635,-3588.2294192494087,0.4815533980582524
4636,-3588.2294192494087,0.4814495254529767
4637,-3631.1859600584826,0.48156135432391634
4638,-3631.1859600584826,0.48145752479517034
4639,-3675.344973537647,0.481569303729252
4640,-3551.5464082925464,0.4816810344827586
4641,-3551.5464082925464,0.48157724628312865
4642,-3546.5548518499077,0.48168892718655754
4643,-3546.5548518499077,0.48158518199440015
4644,-3546.5548518499077,0.48148148148148145
4645,-3702.435840209463,0.48159311087190526
4646,-3776.522119002894,0.48170469220835127
4647,-3776.522119002894,0.4816010329244674
4648,-3719.5825015871633,0.48171256454388983
4649,-3927.185740823899,0.4818240481824048
4650,-4128.239862537895,0.48193548387096774
4651,-4128.239862537895,0.48183186411524404
4652,-4138.553991977868,0.4819432502149613
4653,-4138.553991977868,0.48183967332903505
4654,-4157.897855617049,0.48195100988397077
4655,-4157.897855617049,0.48184747583243825
4656,-4157.897855617049,0.48174398625429554
4657,-4157.897855617049,0.4816405411208933
4658,-4157.897855617049,0.4815371404036067
4659,-4291.188662220196,0.4816484224082421
4660,-4291.188662220196,0.4815450643776824
4661,-4291.188662220196,0.48144175069727524
4662,-4023.608344001036,0.48155298155298154
4663,-4023.608344001036,0.48144971048681107
4664,-4441.656145429709,0.4815608919382504
4665,-4125.371429972138,0.4816720257234727
4666,-4112.119826498743,0.4817831118731247
4667,-4245.079238555246,0.4818941504178273
4668,-4245.079238555246,0.48179091688089115
4669,-4245.079238555246,0.48168772756478906
4670,-4245.079238555246,0.4815845824411135
4671,-4091.1233610599925,0.4816955684007707
4672,-3956.718480505052,0.4818065068493151
4673,-3904.310480077548,0.481917397817248
4674,-3620.725393904467,0.4820282413350449
4675,-3620.725393904467,0.4819251336898396
4676,-3620.725393904467,0.48182207014542344
4677,-3762.242223930538,0.48193286294633314
4678,-3998.9787108905284,0.48204360837964944
4679,-3998.9787108905284,0.48194058559521263
4680,-3920.294132631191,0.48205128205128206
4681,-3867.859742641107,0.48216193121127965
4682,-4297.729101769955,0.4822725331055105
4683,-4297.729101769955,0.48216954943412343
4684,-4297.729101769955,0.482066609735269
4685,-4297.729101769955,0.48196371398078974
4686,-4278.366591151594,0.4820742637644046
4687,-4278.366591151594,0.4819714102837636
4688,-3893.4284888721754,0.48208191126279865
4689,-3892.3780677660666,0.48219236510983154
4690,-3892.3780677660666,0.48208955223880595
4691,-3892.3780677660666,0.48198678320187593
4692,-3892.3780677660666,0.48188405797101447
4693,-3892.3780677660666,0.4817813765182186
4694,-3703.4850152361146,0.48189177673625905
4695,-3703.4850152361146,0.4817891373801917
4696,-3785.0824784954284,0.48189948892674617
4697,-3785.0824784954284,0.4817968916329572
4698,-3887.5743630612315,0.4819071945508727
4699,-4066.883744414438,0.4820174505213875
4700,-3554.4051216771154,0.48212765957446807
4701,-3554.4051216771154,0.4820251010423314
4702,-3971.838288989499,0.48213526159081244
4703,-3792.5338614324664,0.48224537529236655
4704,-3792.5338614324664,0.48214285714285715
4705,-3812.0889478788513,0.4822529224229543
4706,-3588.937267613295,0.48236294092647686
4707,-3588.937267613295,0.48226046314000426
4708,-3529.7010791378725,0.4823704333050127
4709,-3529.7010791378725,0.48226799745168825
4710,-3529.7010791378725,0.4821656050955414
4711,-3249.543375324212,0.4822755253661643
4712,-3249.543375324212,0.48217317487266553
4713,-2958.5139213863013,0.4822830468915765
4714,-3727.2872435410745,0.4823928722952906
4715,-2387.7187143119686,0.48250265111346763
4716,-4143.411255425836,0.48261238337574214
4717,-4143.411255425836,0.4825100699597202
4718,-4143.411255425836,0.4824077999152183
4719,-4143.411255425836,0.4823055732146641
4720,-4143.411255425836,0.4822033898305085
4721,-4003.724402517036,0.48231306926498624
4722,-4052.6761462482364,0.48242270224481154
4723,-3993.543893196159,0.48253228879949184
4724,-3926.417786226062,0.4826418289585097
4725,-3926.417786226062,0.48253968253968255
4726,-3926.417786226062,0.48243757934828607
4727,-3926.417786226062,0.48233551935688596
4728,-3926.417786226062,0.48223350253807107
4729,-3811.005450637468,0.48234299006132375
4730,-3811.005450637468,0.4822410147991543
4731,-4039.7039329952513,0.48235045444937646
4732,-4039.7039329952513,0.4822485207100592
4733,-3787.5949750009377,0.48235791252905136
4734,-4096.339893686045,0.4824672581326574
4735,-4096.339893686045,0.48236536430834215
4736,-4104.8468871090645,0.48247466216216217
4737,-4104.8468871090645,0.48237280979522906
4738,-3744.235946814922,0.4824820599409033
4739,-3744.235946814922,0.48238024899767884
4740,-3744.235946814922,0.48227848101265824
4741,-3744.235946814922,0.4821767559586585
4742,-3744.235946814922,0.4820750738085196
4743,-4265.008558323838,0.4821842715580856
4744,-4265.008558323838,0.48208263069139967
4745,-3788.919169828516,0.4821917808219178
4746,-3788.919169828516,0.48209018120522545
4747,-4229.441995279341,0.48219928375816307
4748,-4229.441995279341,0.4820977253580455
4749,-4229.441995279341,0.4819962097283639
4750,-4090.8270955962766,0.48210526315789476
4751,-3964.1838288218646,0.4822142706798569
4752,-3930.9107447865945,0.4823232323232323
4753,-3806.06205524676,0.48243214811697877
4754,-3806.06205524676,0.4823306689103912
4755,-4004.352853237335,0.48243953732912725
4756,-4004.352853237335,0.48233809924306137
4757,-4009.019082664202,0.4824469203279378
4758,-4009.019082664202,0.4823455233291299
4759,-3924.36458445094,0.48245429712124394
4760,-4029.042916353301,0.48256302521008404
4761,-3944.958851455903,0.48267170762444866
4762,-3944.958851455903,0.48257034859302816
4763,-4022.5896843365913,0.48267898383371827
4764,-4125.925259981115,0.4827875734676742
4765,-4125.925259981115,0.4826862539349423
4766,-4125.925259981115,0.4825849769198489
4767,-4125.925259981115,0.4824837423956367
4768,-3449.748890542345,0.4825922818791946
4769,-3449.748890542345,0.4824910882784651
4770,-3449.748890542345,0.48238993710691824
4771,-4565.761885782989,0.4824984280025152
4772,-4565.761885782989,0.4823973176865046
4773,-4565.761885782989,0.4822962497381102
4774,-5005.335547516556,0.48240469208211145
4775,-4094.3705567229326,0.4825130890052356
4776,-4094.3705567229326,0.4824120603015075
4777,-4548.469128682498,0.48252041029935105
4778,-4548.469128682498,0.4824194223524487
4779,-4548.469128682498,0.48231847666875916
4780,-4548.469128682498,0.48221757322175735
4781,-4548.469128682498,0.4821167119849404
4782,-4277.727309604746,0.4822250104558762
4783,-4277.727309604746,0.4821241898390132
4784,-4277.727309604746,0.48202341137123744
4785,-4079.0623157130985,0.48213166144200625
4786,-4007.2909828033353,0.4822398662766402
4787,-4007.2909828033353,0.48213912680175475
4788,-3874.1530913018296,0.4822472848788638
4789,-3874.1530913018296,0.4821465859260806
4790,-3833.717804495695,0.4822546972860125
4791,-3833.717804495695,0.48215403882279273
4792,-3529.001451431008,0.4822621035058431
4793,-3690.1792661454488,0.48237012309618194
4794,-3690.1792661454488,0.48226950354609927
4795,-3690.1792661454488,0.4821689259645464
4796,-3690.1792661454488,0.48206839032527105
4797,-3690.1792661454488,0.4819678966020429
4798,-4001.0887948389213,0.48207586494372656
4799,-4001.0887948389213,0.4819754115440717
4800,-3684.5140660708485,0.4820833333333333
4801,-3684.5140660708485,0.48198292022495315
4802,-3468.2068249887857,0.4820907955018742
4803,-3874.1865827078504,0.4821986258588382
4804,-3874.1865827078504,0.48209825145711904
4805,-4173.462400021334,0.4822060353798127
4806,-4173.462400021334,0.4821057012068248
4807,-3908.825685704427,0.48221343873517786
4808,-3908.825685704427,0.48211314475873546
4809,-4372.827171684402,0.4822208359326263
4810,-4373.6076115350315,0.48232848232848236
4811,-4373.6076115350315,0.48222822697983786
4812,-4681.8222566758695,0.48233582709891937
4813,-4499.746237044434,0.48244338250571367
4814,-4427.513971721048,0.48255089322808475
4815,-4427.513971721048,0.4824506749740395
4816,-4024.575682740143,0.48255813953488375
4817,-3975.953394448806,0.4826655594768528
4818,-3975.953394448806,0.4825653798256538
4819,-3975.953394448806,0.4824652417514007
4820,-3975.953394448806,0.4823651452282158
4821,-4444.333839801642,0.482472516075503
4822,-4444.333839801642,0.4823724595603484
4823,-4397.232295881422,0.48247978436657685
4824,-4397.232295881422,0.482379767827529
4825,-4103.983709938984,0.48248704663212433
4826,-4103.983709938984,0.48238707003729797
4827,-4438.438020273647,0.4824943028796354
4828,-3950.598894850077,0.48260149130074564
4829,-3950.598894850077,0.48250155311658727
4830,-4427.302296661298,0.4826086956521739
4831,-4099.898418780667,0.48271579383150487
4832,-4099.898418780667,0.4826158940397351
4833,-4099.898418780667,0.4825160355886613
4834,-3809.6550800070836,0.48262308647083163
4835,-3809.6550800070836,0.48252326783867633
4836,-3809.6550800070836,0.4824234904880066
4837,-4236.266250740514,0.48253049410791815
4838,-4209.830832163862,0.482637453493179
4839,-4209.830832163862,0.48253771440380244
4840,-4305.6922605607,0.4826446280991736
4841,-4379.400806766826,0.48275149762445774
4842,-4379.400806766826,0.4826517967781908
4843,-3980.579278185102,0.4827586206896552
4844,-4268.288227820495,0.4828654004954583
4845,-4268.288227820495,0.482765737874097
4846,-4268.288227820495,0.4826661163846471
4847,-4268.288227820495,0.4825665360016505
4848,-3940.486516853605,0.48267326732673266
4849,-3940.486516853605,0.48257372654155495
4850,-3853.8728897043775,0.482680412371134
4851,-3699.1454957172323,0.4827870542156256
4852,-3699.1454957172323,0.48268755152514425
4853,-4055.928830066822,0.4827941479497218
4854,-4055.928830066822,0.4826946847960445
4855,-4055.928830066822,0.48259526261585994
4856,-4055.928830066822,0.482495881383855
4857,-4055.928830066822,0.4823965410747375
4858,-4055.928830066822,0.4822972416632359
4859,-4055.928830066822,0.4821979831240996
4860,-4061.443126191676,0.4823045267489712
4861,-4061.443126191676,0.48220530754988683
4862,-4061.443126191676,0.4821061291649527
4863,-4140.143583131383,0.482212625951059
4864,-4101.9727578494885,0.4823190789473684
4865,-4101.9727578494885,0.4822199383350462
4866,-3953.2326594886304,0.4823263460748048
4867,-3621.43476018556,0.4824327100883501
4868,-3529.633234496544,0.4825390304026294
4869,-3529.633234496544,0.4824399260628466
4870,-3529.633234496544,0.48234086242299795
4871,-3759.123739908008,0.4824471361116814
4872,-3759.123739908008,0.4823481116584565
4873,-3992.8287736986385,0.4824543402421506
4874,-3843.076799199773,0.48256052523594584
4875,-3920.2036820967387,0.4826666666666667
4876,-3920.2036820967387,0.4825676784249385
4877,-3920.2036820967387,0.4824687307771171
4878,-3920.2036820967387,0.482369823698237
4879,-3920.2036820967387,0.48227095716335316
4880,-3920.2036820967387,0.482172131147541
4881,-3920.2036820967387,0.4820733456258963
4882,-3920.2036820967387,0.4819746005735354
4883,-3920.2036820967387,0.48187589596559494
4884,-3920.2036820967387,0.48177723177723175
4885,-3653.993134842128,0.48188331627430914
4886,-3732.3051445948017,0.4819893573475235
4887,-3732.3051445948017,0.48189073050951503
4888,-3926.888230577856,0.48199672667757776
4889,-3926.888230577856,0.4818981386786664
4890,-3926.888230577856,0.481799591002045
4891,-3868.4557191977224,0.48190554078920467
4892,-3868.4557191977224,0.48180703188879803
4893,-3868.4557191977224,0.48170856325362765
4894,-3789.9791610807333,0.4818144666939109
4895,-3952.349746293376,0.4819203268641471
4896,-3952.349746293376,0.4818218954248366
4897,-3952.349746293376,0.4817235041862365
4898,-3960.976968956769,0.4818293180890159
4899,-3960.976968956769,0.4817309655031639
4900,-3960.976968956769,0.4816326530612245
4901,-3971.3942915876,0.4817384207304632
4902,-3971.3942915876,0.48164014687882495
4903,-3971.3942915876,0.48154191311441974
4904,-3971.3942915876,0.4814437194127243
4905,-3971.3942915876,0.4813455657492355
4906,-3923.733394553396,0.4814512841418671
4907,-3923.733394553396,0.48135316894232727
4908,-3923.733394553396,0.4812550937245314
4909,-3923.733394553396,0.4811570584640456
4910,-3923.733394553396,0.4810590631364562
4911,-3923.733394553396,0.48096110771736916
4912,-3923.733394553396,0.4808631921824104
4913,-3621.4203556810817,0.4809688581314879
4914,-3908.1095761033685,0.4810744810744811
4915,-3908.1095761033685,0.4809766022380468
4916,-3585.6193724398613,0.48108218063466235
4917,-3316.879430353623,0.48118771608704497
4918,-3700.419712021522,0.4812932086213908
4919,-3700.419712021522,0.4811953649115674
4920,-3700.419712021522,0.48109756097560974
4921,-3876.4772341360112,0.48120300751879697
4922,-3876.4772341360112,0.48110524177163755
4923,-3876.4772341360112,0.4810075157424335
4924,-4188.820657601499,0.4811129163281885
4925,-3779.2840583252796,0.4812182741116751
4926,-3779.2840583252796,0.48112058465286234
4927,-3848.4109651681492,0.48122589811244165
4928,-3848.4109651681492,0.4811282467532468
4929,-3750.4835783743115,0.4812335159261513
4930,-3750.4835783743115,0.48113590263691686
4931,-3750.4835783743115,0.4810383289393632
4932,-3750.4835783743115,0.48094079480940793
4933,-3518.321722158323,0.48104601662274477
4934,-3518.321722158323,0.48094852047020675
4935,-3518.321722158323,0.4808510638297872
4936,-2982.1338264546916,0.48095623987034036
4937,-3702.6314158945097,0.4810613733036257
4938,-3702.6314158945097,0.48096395301741596
4939,-3702.6314158945097,0.48086657218060336
4940,-3702.6314158945097,0.4807692307692308
4941,-3628.968540056852,0.4808743169398907
4942,-2262.8574675805316,0.48097936058276003
4943,-3759.0024727160176,0.4810843617236496
4944,-3285.747057239055,0.4811893203883495
4945,-3285.747057239055,0.48109201213346814
4946,-3631.267988593485,0.48119692680954307
4947,-3751.2480854937744,0.48130179907014353
4948,-3358.7105210085674,0.48140662894098624
4949,-3358.7105210085674,0.4813093554253384
4950,-3381.3354625935845,0.4814141414141414
4951,-3381.3354625935845,0.4813169056756211
4952,-3381.3354625935845,0.4812197092084006
4953,-3318.2763366988233,0.48132444982838685
4954,-3360.9621221169596,0.4814291481631005
4955,-3360.9621221169596,0.48133198789101916
4956,-3360.9621221169596,0.4812348668280872
4957,-3073.2013947045716,0.48133951987088963
4958,-3073.2013947045716,0.48124243646631704
4959,-3073.2013947045716,0.48114539221617264
4960,-3073.2013947045716,0.48104838709677417
4961,-3073.2013947045716,0.48095142108445876
4962,-3306.1913733238944,0.48105602579605
4963,-3299.7315094726396,0.48116058835381825
4964,-3299.7315094726396,0.48106365834004833
4965,-3299.7315094726396,0.4809667673716012
4966,-3299.7315094726396,0.48086991542488927
4967,-3299.7315094726396,0.48077310247634386
4968,-3299.7315094726396,0.4806763285024155
4969,-3386.2513822427404,0.4807808412155363
4970,-3329.7651100883936,0.48088531187122735
4971,-3529.4628488435137,0.48098974049487025
4972,-3465.1797094923,0.48109412711182625
4973,-3465.1797094923,0.4809973858837724
4974,-3465.1797094923,0.4809006835544833
4975,-3465.1797094923,0.4808040201005025
4976,-3398.4422733403503,0.4809083601286174
4977,-3550.57473476823,0.4810126582278481
4978,-3356.360603707187,0.4811169144234632
4979,-3324.355973317423,0.481221128740711
4980,-3509.4420667399663,0.48132530120481926
4981,-3269.318884153469,0.4814294318409958
4982,-3269.318884153469,0.481332798073063
4983,-3757.8586834771945,0.48143688541039537
4984,-3348.3324165240047,0.48154093097913325
4985,-3348.3324165240047,0.48144433299899697
4986,-3687.9386004779035,0.4815483353389491
4987,-3687.9386004779035,0.4814517746139964
4988,-3792.4452400842874,0.48155573376102645
4989,-3794.744548352737,0.481659651232712
4990,-3794.744548352737,0.481563126252505
4991,-3794.744548352737,0.48146663995191347
4992,-3794.744548352737,0.4813701923076923
4993,-3794.744548352737,0.48127378329661524
4994,-3794.744548352737,0.48117741289547455
4995,-3794.744548352737,0.4810810810810811
4996,-3794.744548352737,0.4809847878302642
4997,-3882.3102924511613,0.4810886531919151
4998,-3882.3102924511613,0.4809923969587835
4999,-3721.9082826938948,0.48109621924384877
5000,-3721.9082826938948,0.481
